index,ys,fs,parent_a,parent_b
0,0.40581393241882324,1.9502885341644287,604 原始基因（图节点 #424）,604 原始基因（图节点 #346）
1,1.5884974002838135,0.8973003029823303,604 原始基因（图节点 #424）,604 原始基因（图节点 #346）
2,1.1761205196380615,0.5754765272140503,604 原始基因（图节点 #375）,604 原始基因（图节点 #415）
3,1.4530655145645142,0.40181028842926025,604 原始基因（图节点 #375）,604 原始基因（图节点 #415）
4,0.7263834476470947,1.4442247152328491,604 原始基因（图节点 #574）,604 原始基因（图节点 #287）
5,1.4057576656341553,0.2186174839735031,604 原始基因（图节点 #574）,604 原始基因（图节点 #287）
6,0.7393372058868408,0.6981228590011597,604 原始基因（图节点 #154）,604 原始基因（图节点 #240）
7,0.6459804773330688,0.832866370677948,604 原始基因（图节点 #154）,604 原始基因（图节点 #240）
8,0.6782212257385254,0.8236360549926758,604 原始基因（图节点 #296）,604 原始基因（图节点 #308）
9,1.52531898021698,0.6363129019737244,604 原始基因（图节点 #296）,604 原始基因（图节点 #308）
10,0.6686771512031555,0.9788123369216919,604 原始基因（图节点 #226）,604 原始基因（图节点 #246）
11,0.5225233435630798,1.0206495523452759,604 原始基因（图节点 #226）,604 原始基因（图节点 #246）
12,1.159712314605713,0.39246106147766113,604 原始基因（图节点 #13）,604 原始基因（图节点 #59）
13,1.4861966371536255,0.5570176839828491,604 原始基因（图节点 #13）,604 原始基因（图节点 #59）
14,1.0190304517745972,0.5754825472831726,604 原始基因（图节点 #104）,604 原始基因（图节点 #294）
15,0.6178365349769592,1.0176492929458618,604 原始基因（图节点 #104）,604 原始基因（图节点 #294）
16,0.6652511358261108,0.7577810883522034,604 原始基因（图节点 #474）,604 原始基因（图节点 #558）
17,0.7093256711959839,2.6581015586853027,604 原始基因（图节点 #474）,604 原始基因（图节点 #558）
18,1.5082262754440308,0.6345250606536865,604 原始基因（图节点 #598）,604 原始基因（图节点 #552）
19,0.6005198359489441,1.9230390787124634,604 原始基因（图节点 #598）,604 原始基因（图节点 #552）
20,0.6522138118743896,0.6240519285202026,604 原始基因（图节点 #32）,604 原始基因（图节点 #95）
21,0.6012877225875854,1.781872034072876,604 原始基因（图节点 #32）,604 原始基因（图节点 #95）
22,0.6352940797805786,0.8982131481170654,604 原始基因（图节点 #234）,604 原始基因（图节点 #34）
23,0.9680768251419067,1.847313404083252,604 原始基因（图节点 #234）,604 原始基因（图节点 #34）
24,0.6884468793869019,0.8780428171157837,604 原始基因（图节点 #56）,604 原始基因（图节点 #143）
25,1.1407978534698486,1.3723129034042358,604 原始基因（图节点 #56）,604 原始基因（图节点 #143）
26,1.450423240661621,0.4553079605102539,604 原始基因（图节点 #378）,604 原始基因（图节点 #67）
27,1.0371567010879517,0.8793543577194214,604 原始基因（图节点 #378）,604 原始基因（图节点 #67）
28,0.5118544697761536,0.8695756793022156,604 原始基因（图节点 #177）,604 原始基因（图节点 #400）
29,0.7665787935256958,1.8420249223709106,604 原始基因（图节点 #177）,604 原始基因（图节点 #400）
30,1.5243749618530273,0.5570473670959473,604 原始基因（图节点 #159）,604 原始基因（图节点 #92）
31,1.497996211051941,0.9068068861961365,604 原始基因（图节点 #159）,604 原始基因（图节点 #92）
32,0.9413976073265076,0.8791520595550537,604 原始基因（图节点 #290）,604 原始基因（图节点 #11）
33,1.1777358055114746,0.3711819350719452,604 原始基因（图节点 #290）,604 原始基因（图节点 #11）
34,0.6869410276412964,1.5201921463012695,604 原始基因（图节点 #163）,604 原始基因（图节点 #81）
35,0.7178099751472473,1.1554850339889526,604 原始基因（图节点 #163）,604 原始基因（图节点 #81）
36,1.5481513738632202,0.5421459674835205,604 原始基因（图节点 #266）,604 原始基因（图节点 #598）
37,0.6860390305519104,0.5944492220878601,604 原始基因（图节点 #266）,604 原始基因（图节点 #598）
38,0.8929034471511841,0.8130761384963989,604 原始基因（图节点 #571）,604 原始基因（图节点 #407）
39,1.42288076877594,0.6508489847183228,604 原始基因（图节点 #571）,604 原始基因（图节点 #407）
40,1.018020749092102,2.77972149848938,604 原始基因（图节点 #427）,604 原始基因（图节点 #532）
41,0.3503957986831665,1.3198362588882446,604 原始基因（图节点 #427）,604 原始基因（图节点 #532）
42,1.5721124410629272,1.0980302095413208,604 原始基因（图节点 #242）,604 原始基因（图节点 #548）
43,1.5319113731384277,0.6030558347702026,604 原始基因（图节点 #242）,604 原始基因（图节点 #548）
44,0.9573768377304077,0.8913145661354065,604 原始基因（图节点 #80）,604 原始基因（图节点 #568）
45,0.7751306295394897,1.28445303440094,604 原始基因（图节点 #80）,604 原始基因（图节点 #568）
46,0.6437727808952332,0.9221092462539673,604 原始基因（图节点 #202）,604 原始基因（图节点 #525）
47,1.3752394914627075,0.8458142280578613,604 原始基因（图节点 #202）,604 原始基因（图节点 #525）
48,0.6729927062988281,0.6736708283424377,604 原始基因（图节点 #386）,604 原始基因（图节点 #246）
49,0.5829322934150696,0.43689948320388794,604 原始基因（图节点 #386）,604 原始基因（图节点 #246）
50,1.0932384729385376,1.310928225517273,604 原始基因（图节点 #578）,604 原始基因（图节点 #171）
51,0.5181665420532227,0.32857900857925415,604 原始基因（图节点 #578）,604 原始基因（图节点 #171）
52,1.102694034576416,0.9072722792625427,604 原始基因（图节点 #317）,604 原始基因（图节点 #377）
53,1.5336742401123047,0.6136640310287476,604 原始基因（图节点 #317）,604 原始基因（图节点 #377）
54,0.6261522173881531,1.1168125867843628,604 原始基因（图节点 #445）,604 原始基因（图节点 #552）
55,0.7590118050575256,1.6137953996658325,604 原始基因（图节点 #445）,604 原始基因（图节点 #552）
56,1.046139121055603,0.8017197847366333,604 原始基因（图节点 #78）,604 原始基因（图节点 #359）
57,1.5163987874984741,0.9489377737045288,604 原始基因（图节点 #78）,604 原始基因（图节点 #359）
58,0.5761051774024963,0.15273909270763397,604 原始基因（图节点 #566）,604 原始基因（图节点 #30）
59,1.1741429567337036,2.678241491317749,604 原始基因（图节点 #566）,604 原始基因（图节点 #30）
60,0.5891997814178467,1.609702467918396,604 原始基因（图节点 #549）,604 原始基因（图节点 #149）
61,1.7878485918045044,1.134003758430481,604 原始基因（图节点 #549）,604 原始基因（图节点 #149）
62,1.3790346384048462,0.6372427940368652,604 原始基因（图节点 #599）,604 原始基因（图节点 #52）
63,1.1474031209945679,0.607184886932373,604 原始基因（图节点 #599）,604 原始基因（图节点 #52）
64,0.5084165334701538,0.3939666748046875,604 原始基因（图节点 #56）,604 原始基因（图节点 #58）
65,1.0329372882843018,0.7297952175140381,604 原始基因（图节点 #56）,604 原始基因（图节点 #58）
66,1.396174669265747,0.990287721157074,604 原始基因（图节点 #599）,604 原始基因（图节点 #400）
67,0.6625547409057617,0.6133227348327637,604 原始基因（图节点 #599）,604 原始基因（图节点 #400）
68,0.49024051427841187,0.6316139698028564,604 原始基因（图节点 #464）,604 原始基因（图节点 #408）
69,1.1356972455978394,2.6981232166290283,604 原始基因（图节点 #464）,604 原始基因（图节点 #408）
70,1.3303805589675903,0.4820059537887573,604 原始基因（图节点 #397）,604 原始基因（图节点 #319）
71,1.586710810661316,0.4866589903831482,604 原始基因（图节点 #397）,604 原始基因（图节点 #319）
72,1.3923166990280151,0.4212445318698883,604 原始基因（图节点 #257）,604 原始基因（图节点 #300）
73,0.707270085811615,0.8226536512374878,604 原始基因（图节点 #257）,604 原始基因（图节点 #300）
74,0.7114124894142151,1.406449317932129,604 原始基因（图节点 #454）,604 原始基因（图节点 #463）
75,0.5657440423965454,1.4163166284561157,604 原始基因（图节点 #454）,604 原始基因（图节点 #463）
76,0.6874949336051941,2.088170289993286,604 原始基因（图节点 #330）,604 原始基因（图节点 #364）
77,0.6086788773536682,1.242953896522522,604 原始基因（图节点 #330）,604 原始基因（图节点 #364）
78,0.1043834388256073,0.24343755841255188,604 原始基因（图节点 #434）,604 原始基因（图节点 #163）
79,1.1482658386230469,1.4157527685165405,604 原始基因（图节点 #434）,604 原始基因（图节点 #163）
80,0.981332540512085,2.4590537548065186,604 原始基因（图节点 #425）,604 原始基因（图节点 #391）
81,1.562724232673645,0.5056395530700684,604 原始基因（图节点 #425）,604 原始基因（图节点 #391）
82,1.0574299097061157,0.23082832992076874,604 原始基因（图节点 #334）,604 原始基因（图节点 #372）
83,0.7155961394309998,0.11375290155410767,604 原始基因（图节点 #334）,604 原始基因（图节点 #372）
84,0.6641803979873657,1.3827263116836548,604 原始基因（图节点 #558）,604 原始基因（图节点 #449）
85,1.826603651046753,1.128658652305603,604 原始基因（图节点 #558）,604 原始基因（图节点 #449）
86,1.492660403251648,0.5823830366134644,604 原始基因（图节点 #360）,604 原始基因（图节点 #219）
87,0.7058544754981995,1.2150527238845825,604 原始基因（图节点 #360）,604 原始基因（图节点 #219）
88,0.6894048452377319,1.272692084312439,604 原始基因（图节点 #424）,604 原始基因（图节点 #220）
89,1.1377886533737183,0.6127892732620239,604 原始基因（图节点 #424）,604 原始基因（图节点 #220）
90,0.5926260948181152,0.5931555032730103,604 原始基因（图节点 #254）,604 原始基因（图节点 #158）
91,1.2444100379943848,0.6625943779945374,604 原始基因（图节点 #254）,604 原始基因（图节点 #158）
92,1.4121677875518799,0.8165385723114014,604 原始基因（图节点 #343）,604 原始基因（图节点 #68）
93,0.6166557669639587,0.7101724147796631,604 原始基因（图节点 #343）,604 原始基因（图节点 #68）
94,0.5664734840393066,0.14117169380187988,604 原始基因（图节点 #220）,604 原始基因（图节点 #99）
95,1.5802316665649414,0.9397875070571899,604 原始基因（图节点 #220）,604 原始基因（图节点 #99）
96,1.5818670988082886,0.960690975189209,604 原始基因（图节点 #481）,604 原始基因（图节点 #256）
97,0.9918938875198364,0.7598467469215393,604 原始基因（图节点 #481）,604 原始基因（图节点 #256）
98,0.7367973327636719,0.7959100604057312,604 原始基因（图节点 #595）,604 原始基因（图节点 #299）
99,0.7567673921585083,0.7208281755447388,604 原始基因（图节点 #595）,604 原始基因（图节点 #299）
100,1.3741178512573242,0.3927396535873413,604 原始基因（图节点 #37）,604 原始基因（图节点 #374）
101,1.078856110572815,0.5010398030281067,604 原始基因（图节点 #37）,604 原始基因（图节点 #374）
102,1.1374403238296509,0.9791305065155029,604 原始基因（图节点 #554）,604 原始基因（图节点 #135）
103,0.744808554649353,1.574002742767334,604 原始基因（图节点 #554）,604 原始基因（图节点 #135）
104,0.6686599254608154,1.5864557027816772,604 原始基因（图节点 #197）,604 原始基因（图节点 #567）
105,0.7459443807601929,1.4412838220596313,604 原始基因（图节点 #197）,604 原始基因（图节点 #567）
106,0.5098581910133362,1.4546383619308472,604 原始基因（图节点 #571）,604 原始基因（图节点 #470）
107,1.5753213167190552,0.7879050970077515,604 原始基因（图节点 #571）,604 原始基因（图节点 #470）
108,1.0727801322937012,1.0221158266067505,604 原始基因（图节点 #323）,604 原始基因（图节点 #364）
109,0.7062280774116516,1.3140796422958374,604 原始基因（图节点 #323）,604 原始基因（图节点 #364）
110,1.4074786901474,0.4789721369743347,604 原始基因（图节点 #557）,604 原始基因（图节点 #529）
111,1.192358374595642,1.141556739807129,604 原始基因（图节点 #557）,604 原始基因（图节点 #529）
112,0.721839427947998,0.8157434463500977,604 原始基因（图节点 #112）,604 原始基因（图节点 #364）
113,0.5785165429115295,0.45079880952835083,604 原始基因（图节点 #112）,604 原始基因（图节点 #364）
114,1.620101809501648,0.741339921951294,604 原始基因（图节点 #593）,604 原始基因（图节点 #525）
115,0.6950159668922424,1.1220831871032715,604 原始基因（图节点 #593）,604 原始基因（图节点 #525）
116,0.654542863368988,0.8126997947692871,604 原始基因（图节点 #64）,604 原始基因（图节点 #189）
117,1.0471601486206055,1.1510730981826782,604 原始基因（图节点 #64）,604 原始基因（图节点 #189）
118,0.6533991694450378,1.5900291204452515,604 原始基因（图节点 #346）,604 原始基因（图节点 #283）
119,1.38979971408844,0.5830750465393066,604 原始基因（图节点 #346）,604 原始基因（图节点 #283）
120,0.8590511083602905,0.729771077632904,604 原始基因（图节点 #199）,604 原始基因（图节点 #590）
121,1.5753988027572632,0.7676729559898376,604 原始基因（图节点 #199）,604 原始基因（图节点 #590）
122,1.752449870109558,1.4988458156585693,604 原始基因（图节点 #30）,604 原始基因（图节点 #411）
123,1.0638761520385742,0.3706167936325073,604 原始基因（图节点 #30）,604 原始基因（图节点 #411）
124,1.02735435962677,0.4839837849140167,604 原始基因（图节点 #83）,604 原始基因（图节点 #401）
125,0.6177698969841003,0.45578518509864807,604 原始基因（图节点 #83）,604 原始基因（图节点 #401）
126,0.9939224123954773,0.7123497128486633,604 原始基因（图节点 #236）,604 原始基因（图节点 #481）
127,1.613576054573059,0.560380756855011,604 原始基因（图节点 #236）,604 原始基因（图节点 #481）
128,0.583756148815155,0.6117480993270874,604 原始基因（图节点 #104）,604 原始基因（图节点 #321）
129,0.5727773904800415,0.9294925928115845,604 原始基因（图节点 #104）,604 原始基因（图节点 #321）
130,1.5056087970733643,0.6178036332130432,604 原始基因（图节点 #70）,604 原始基因（图节点 #80）
131,0.4707765579223633,0.9616144895553589,604 原始基因（图节点 #70）,604 原始基因（图节点 #80）
132,1.1689058542251587,1.4350498914718628,604 原始基因（图节点 #438）,604 原始基因（图节点 #482）
133,0.5167831182479858,1.0626240968704224,604 原始基因（图节点 #438）,604 原始基因（图节点 #482）
134,0.9927053451538086,1.10125732421875,604 原始基因（图节点 #449）,604 原始基因（图节点 #433）
135,1.2622730731964111,1.0922553539276123,604 原始基因（图节点 #449）,604 原始基因（图节点 #433）
136,1.7763129472732544,0.8104052543640137,604 原始基因（图节点 #340）,604 原始基因（图节点 #442）
137,1.8084629774093628,0.8179942965507507,604 原始基因（图节点 #340）,604 原始基因（图节点 #442）
138,0.5361376404762268,1.9319924116134644,604 原始基因（图节点 #218）,604 原始基因（图节点 #464）
139,0.6410433053970337,1.3971108198165894,604 原始基因（图节点 #218）,604 原始基因（图节点 #464）
140,1.264418601989746,0.1931602954864502,604 原始基因（图节点 #176）,604 原始基因（图节点 #402）
141,0.5152396559715271,0.35249873995780945,604 原始基因（图节点 #176）,604 原始基因（图节点 #402）
142,1.4928914308547974,0.45190176367759705,604 原始基因（图节点 #374）,604 原始基因（图节点 #281）
143,1.0719019174575806,0.39949101209640503,604 原始基因（图节点 #374）,604 原始基因（图节点 #281）
144,1.7894110679626465,1.134842038154602,604 原始基因（图节点 #445）,604 原始基因（图节点 #22）
145,0.778916597366333,0.8086332082748413,604 原始基因（图节点 #445）,604 原始基因（图节点 #22）
146,1.152557134628296,1.0860594511032104,604 原始基因（图节点 #537）,604 原始基因（图节点 #143）
147,0.7677294015884399,0.7843122482299805,604 原始基因（图节点 #537）,604 原始基因（图节点 #143）
148,1.786397099494934,1.3822877407073975,604 原始基因（图节点 #435）,604 原始基因（图节点 #455）
149,1.6949819326400757,0.9135783910751343,604 原始基因（图节点 #435）,604 原始基因（图节点 #455）
150,0.7802450656890869,0.7554936408996582,604 原始基因（图节点 #331）,604 原始基因（图节点 #516）
151,1.109005093574524,0.320051372051239,604 原始基因（图节点 #331）,604 原始基因（图节点 #516）
152,0.657450258731842,0.5844964385032654,604 原始基因（图节点 #502）,604 原始基因（图节点 #260）
153,0.5464389324188232,0.4766012132167816,604 原始基因（图节点 #502）,604 原始基因（图节点 #260）
154,1.3399027585983276,0.7042516469955444,604 原始基因（图节点 #208）,604 原始基因（图节点 #272）
155,1.621671438217163,0.3562498092651367,604 原始基因（图节点 #208）,604 原始基因（图节点 #272）
156,0.775042712688446,1.2785073518753052,604 原始基因（图节点 #450）,604 原始基因（图节点 #539）
157,0.6813175678253174,1.7378920316696167,604 原始基因（图节点 #450）,604 原始基因（图节点 #539）
158,0.5199854373931885,1.0051312446594238,604 原始基因（图节点 #130）,604 原始基因（图节点 #558）
159,1.1263031959533691,1.2942469120025635,604 原始基因（图节点 #130）,604 原始基因（图节点 #558）
160,0.5904068350791931,0.4157963991165161,604 原始基因（图节点 #221）,604 原始基因（图节点 #349）
161,1.1598221063613892,2.3557090759277344,604 原始基因（图节点 #221）,604 原始基因（图节点 #349）
162,1.3288315534591675,0.6808880567550659,604 原始基因（图节点 #592）,604 原始基因（图节点 #45）
163,1.6929033994674683,1.0985525846481323,604 原始基因（图节点 #592）,604 原始基因（图节点 #45）
164,0.7014251351356506,0.8936474323272705,604 原始基因（图节点 #254）,604 原始基因（图节点 #602）
165,0.5386461019515991,2.1303672790527344,604 原始基因（图节点 #254）,604 原始基因（图节点 #602）
166,0.9111744165420532,2.7394464015960693,604 原始基因（图节点 #433）,604 原始基因（图节点 #329）
167,0.566597580909729,0.23257966339588165,604 原始基因（图节点 #433）,604 原始基因（图节点 #329）
168,0.6667781472206116,0.46354860067367554,604 原始基因（图节点 #601）,604 原始基因（图节点 #254）
169,0.7428696751594543,1.2449822425842285,604 原始基因（图节点 #601）,604 原始基因（图节点 #254）
170,1.3528163433074951,0.497400164604187,604 原始基因（图节点 #490）,604 原始基因（图节点 #100）
171,1.6413856744766235,1.0316475629806519,604 原始基因（图节点 #490）,604 原始基因（图节点 #100）
172,0.7259541749954224,0.16156740486621857,604 原始基因（图节点 #139）,604 原始基因（图节点 #424）
173,1.1692878007888794,1.2688151597976685,604 原始基因（图节点 #139）,604 原始基因（图节点 #424）
174,0.5964938998222351,0.20335273444652557,604 原始基因（图节点 #279）,604 原始基因（图节点 #121）
175,1.1590489149093628,1.0557103157043457,604 原始基因（图节点 #279）,604 原始基因（图节点 #121）
176,1.2295920848846436,0.28695082664489746,604 原始基因（图节点 #54）,604 原始基因（图节点 #52）
177,1.4334739446640015,0.5593768358230591,604 原始基因（图节点 #54）,604 原始基因（图节点 #52）
178,1.11510169506073,0.3709779381752014,604 原始基因（图节点 #540）,604 原始基因（图节点 #68）
179,1.1055535078048706,0.4864840507507324,604 原始基因（图节点 #540）,604 原始基因（图节点 #68）
180,0.6794857978820801,0.8566994667053223,604 原始基因（图节点 #572）,604 原始基因（图节点 #401）
181,0.6149084568023682,0.566291868686676,604 原始基因（图节点 #572）,604 原始基因（图节点 #401）
182,1.3659576177597046,0.5090954303741455,604 原始基因（图节点 #573）,604 原始基因（图节点 #53）
183,0.6479124426841736,1.5531032085418701,604 原始基因（图节点 #573）,604 原始基因（图节点 #53）
184,0.5567241907119751,1.6351748704910278,604 原始基因（图节点 #411）,604 原始基因（图节点 #108）
185,1.3777737617492676,0.5029546022415161,604 原始基因（图节点 #411）,604 原始基因（图节点 #108）
186,0.7255145311355591,1.176916241645813,604 原始基因（图节点 #275）,604 原始基因（图节点 #301）
187,0.5817895531654358,0.8225369453430176,604 原始基因（图节点 #275）,604 原始基因（图节点 #301）
188,0.9812268018722534,0.6499011516571045,604 原始基因（图节点 #331）,604 原始基因（图节点 #285）
189,1.081984043121338,0.920577883720398,604 原始基因（图节点 #331）,604 原始基因（图节点 #285）
190,1.6059895753860474,0.651688814163208,604 原始基因（图节点 #6）,604 原始基因（图节点 #602）
191,0.5934652090072632,1.9575997591018677,604 原始基因（图节点 #6）,604 原始基因（图节点 #602）
192,1.3566585779190063,0.5313612222671509,604 原始基因（图节点 #77）,604 原始基因（图节点 #167）
193,1.7095445394515991,0.6765544414520264,604 原始基因（图节点 #77）,604 原始基因（图节点 #167）
194,0.5089654922485352,1.4354139566421509,604 原始基因（图节点 #240）,604 原始基因（图节点 #37）
195,1.3450038433074951,0.6593171954154968,604 原始基因（图节点 #240）,604 原始基因（图节点 #37）
196,0.4489232301712036,1.2139090299606323,604 原始基因（图节点 #74）,604 原始基因（图节点 #367）
197,0.9624171853065491,0.49979525804519653,604 原始基因（图节点 #74）,604 原始基因（图节点 #367）
198,0.9545314311981201,0.789905309677124,604 原始基因（图节点 #157）,604 原始基因（图节点 #68）
199,1.1619893312454224,0.3956282436847687,604 原始基因（图节点 #157）,604 原始基因（图节点 #68）
200,0.6197338700294495,1.793868899345398,604 原始基因（图节点 #24）,604 原始基因（图节点 #311）
201,1.509661078453064,0.6695367097854614,604 原始基因（图节点 #24）,604 原始基因（图节点 #311）
202,0.6362224221229553,2.244619607925415,604 原始基因（图节点 #373）,604 原始基因（图节点 #360）
203,1.1999627351760864,0.7202920317649841,604 原始基因（图节点 #373）,604 原始基因（图节点 #360）
204,0.5457773208618164,1.00813627243042,604 原始基因（图节点 #405）,604 原始基因（图节点 #518）
205,1.3518866300582886,0.6247988939285278,604 原始基因（图节点 #405）,604 原始基因（图节点 #518）
206,0.5291838049888611,1.0084501504898071,604 原始基因（图节点 #518）,604 原始基因（图节点 #25）
207,0.5364470481872559,0.4488911032676697,604 原始基因（图节点 #518）,604 原始基因（图节点 #25）
208,1.2450220584869385,0.3006260097026825,604 原始基因（图节点 #216）,604 原始基因（图节点 #184）
209,0.7079017758369446,0.6233959794044495,604 原始基因（图节点 #216）,604 原始基因（图节点 #184）
210,0.566741943359375,1.0209519863128662,604 原始基因（图节点 #408）,604 原始基因（图节点 #210）
211,1.469906210899353,0.4557695984840393,604 原始基因（图节点 #408）,604 原始基因（图节点 #210）
212,0.7764159440994263,1.4890649318695068,604 原始基因（图节点 #307）,604 原始基因（图节点 #574）
213,0.6802358031272888,0.9654170870780945,604 原始基因（图节点 #307）,604 原始基因（图节点 #574）
214,0.9322766661643982,2.678548812866211,604 原始基因（图节点 #568）,604 原始基因（图节点 #584）
215,1.6172021627426147,0.7747862339019775,604 原始基因（图节点 #568）,604 原始基因（图节点 #584）
216,1.4771746397018433,0.4438350796699524,604 原始基因（图节点 #244）,604 原始基因（图节点 #238）
217,0.6929466724395752,0.5848013162612915,604 原始基因（图节点 #244）,604 原始基因（图节点 #238）
218,0.5663368105888367,1.2461475133895874,604 原始基因（图节点 #217）,604 原始基因（图节点 #595）
219,0.7807618379592896,0.7788586616516113,604 原始基因（图节点 #217）,604 原始基因（图节点 #595）
220,1.1667648553848267,1.386740803718567,604 原始基因（图节点 #140）,604 原始基因（图节点 #440）
221,0.2631625831127167,0.38530850410461426,604 原始基因（图节点 #140）,604 原始基因（图节点 #440）
222,1.1325147151947021,1.3118867874145508,604 原始基因（图节点 #150）,604 原始基因（图节点 #370）
223,0.7755001783370972,0.7132951021194458,604 原始基因（图节点 #150）,604 原始基因（图节点 #370）
224,0.8439516425132751,2.6885576248168945,604 原始基因（图节点 #199）,604 原始基因（图节点 #246）
225,0.6064260601997375,0.6469382643699646,604 原始基因（图节点 #199）,604 原始基因（图节点 #246）
226,0.9536776542663574,0.5356999039649963,604 原始基因（图节点 #540）,604 原始基因（图节点 #17）
227,0.6266601085662842,0.7138863205909729,604 原始基因（图节点 #540）,604 原始基因（图节点 #17）
228,1.0390956401824951,0.4546022415161133,604 原始基因（图节点 #505）,604 原始基因（图节点 #14）
229,1.4451607465744019,0.5882827043533325,604 原始基因（图节点 #505）,604 原始基因（图节点 #14）
230,0.6629260778427124,2.0449936389923096,604 原始基因（图节点 #553）,604 原始基因（图节点 #400）
231,0.6068028807640076,0.4509091079235077,604 原始基因（图节点 #553）,604 原始基因（图节点 #400）
232,0.6061922311782837,0.15329867601394653,604 原始基因（图节点 #80）,604 原始基因（图节点 #398）
233,1.03276526927948,0.475595623254776,604 原始基因（图节点 #80）,604 原始基因（图节点 #398）
234,1.000738501548767,0.7851461172103882,604 原始基因（图节点 #397）,604 原始基因（图节点 #112）
235,0.5839179158210754,0.8649717569351196,604 原始基因（图节点 #397）,604 原始基因（图节点 #112）
236,0.7930373549461365,0.7297272086143494,604 原始基因（图节点 #261）,604 原始基因（图节点 #333）
237,0.6122288107872009,2.083627462387085,604 原始基因（图节点 #261）,604 原始基因（图节点 #333）
238,0.5308408737182617,1.929852843284607,604 原始基因（图节点 #155）,604 原始基因（图节点 #212）
239,0.7327616214752197,1.2135263681411743,604 原始基因（图节点 #155）,604 原始基因（图节点 #212）
240,1.1543041467666626,1.0306365489959717,604 原始基因（图节点 #420）,604 原始基因（图节点 #263）
241,0.8572319149971008,0.977615475654602,604 原始基因（图节点 #420）,604 原始基因（图节点 #263）
242,0.26338571310043335,0.38582342863082886,604 原始基因（图节点 #519）,604 原始基因（图节点 #138）
243,1.2158349752426147,0.3525286614894867,604 原始基因（图节点 #519）,604 原始基因（图节点 #138）
244,1.563031792640686,0.5087804794311523,604 原始基因（图节点 #384）,604 原始基因（图节点 #295）
245,1.1688388586044312,0.9164976477622986,604 原始基因（图节点 #384）,604 原始基因（图节点 #295）
246,1.7558821439743042,0.9379740357398987,604 原始基因（图节点 #216）,604 原始基因（图节点 #568）
247,0.9419605135917664,0.6279069185256958,604 原始基因（图节点 #216）,604 原始基因（图节点 #568）
248,1.5550320148468018,0.5240954756736755,604 原始基因（图节点 #151）,604 原始基因（图节点 #185）
249,1.7061293125152588,0.8107547760009766,604 原始基因（图节点 #151）,604 原始基因（图节点 #185）
250,0.5560543537139893,1.9098424911499023,604 原始基因（图节点 #16）,604 原始基因（图节点 #73）
251,0.6884608864784241,0.12841251492500305,604 原始基因（图节点 #16）,604 原始基因（图节点 #73）
252,0.5940678119659424,0.47838127613067627,604 原始基因（图节点 #47）,604 原始基因（图节点 #303）
253,1.344417691230774,0.12513941526412964,604 原始基因（图节点 #47）,604 原始基因（图节点 #303）
254,1.103516936302185,1.236467719078064,604 原始基因（图节点 #345）,604 原始基因（图节点 #416）
255,1.5135785341262817,0.18831337988376617,604 原始基因（图节点 #345）,604 原始基因（图节点 #416）
256,1.173866868019104,2.737067461013794,604 原始基因（图节点 #460）,604 原始基因（图节点 #594）
257,0.6986716389656067,1.9672051668167114,604 原始基因（图节点 #460）,604 原始基因（图节点 #594）
258,1.5869213342666626,0.9734805822372437,604 原始基因（图节点 #439）,604 原始基因（图节点 #271）
259,1.1721402406692505,1.5179662704467773,604 原始基因（图节点 #439）,604 原始基因（图节点 #271）
260,1.7897499799728394,1.135581612586975,604 原始基因（图节点 #46）,604 原始基因（图节点 #575）
261,1.0708404779434204,0.3293403089046478,604 原始基因（图节点 #46）,604 原始基因（图节点 #575）
262,1.685193419456482,0.6505299806594849,604 原始基因（图节点 #155）,604 原始基因（图节点 #600）
263,0.684931755065918,1.1880518198013306,604 原始基因（图节点 #155）,604 原始基因（图节点 #600）
264,1.0507854223251343,0.489754855632782,604 原始基因（图节点 #39）,604 原始基因（图节点 #512）
265,0.4788706302642822,0.9519349336624146,604 原始基因（图节点 #39）,604 原始基因（图节点 #512）
266,1.836323857307434,0.9637130498886108,604 原始基因（图节点 #70）,604 原始基因（图节点 #17）
267,0.5440796613693237,1.0073962211608887,604 原始基因（图节点 #70）,604 原始基因（图节点 #17）
268,1.3955832719802856,0.4844067692756653,604 原始基因（图节点 #152）,604 原始基因（图节点 #383）
269,1.819780945777893,0.9841513633728027,604 原始基因（图节点 #152）,604 原始基因（图节点 #383）
270,0.42096835374832153,1.0743807554244995,604 原始基因（图节点 #423）,604 原始基因（图节点 #579）
271,0.7578525543212891,0.7937518358230591,604 原始基因（图节点 #423）,604 原始基因（图节点 #579）
272,0.5686328411102295,1.1063153743743896,604 原始基因（图节点 #282）,604 原始基因（图节点 #398）
273,0.9912859201431274,0.888368546962738,604 原始基因（图节点 #282）,604 原始基因（图节点 #398）
274,1.0762468576431274,0.6044577360153198,604 原始基因（图节点 #143）,604 原始基因（图节点 #233）
275,0.742077112197876,0.9414945840835571,604 原始基因（图节点 #143）,604 原始基因（图节点 #233）
276,0.4724082946777344,1.113071322441101,604 原始基因（图节点 #537）,604 原始基因（图节点 #387）
277,0.6268875002861023,2.1897523403167725,604 原始基因（图节点 #537）,604 原始基因（图节点 #387）
278,1.5489869117736816,0.3190009891986847,604 原始基因（图节点 #455）,604 原始基因（图节点 #46）
279,1.7941616773605347,1.380617380142212,604 原始基因（图节点 #455）,604 原始基因（图节点 #46）
280,1.0352890491485596,0.4831794500350952,604 原始基因（图节点 #98）,604 原始基因（图节点 #38）
281,1.744041085243225,1.1097331047058105,604 原始基因（图节点 #98）,604 原始基因（图节点 #38）
282,0.6402369737625122,0.6483328342437744,604 原始基因（图节点 #552）,604 原始基因（图节点 #219）
283,0.6579789519309998,1.9091659784317017,604 原始基因（图节点 #552）,604 原始基因（图节点 #219）
284,1.5188978910446167,0.38903963565826416,604 原始基因（图节点 #279）,604 原始基因（图节点 #271）
285,1.3233541250228882,0.4952559173107147,604 原始基因（图节点 #279）,604 原始基因（图节点 #271）
286,1.554813027381897,0.5181819796562195,604 原始基因（图节点 #59）,604 原始基因（图节点 #398）
287,1.208242654800415,0.35448527336120605,604 原始基因（图节点 #59）,604 原始基因（图节点 #398）
288,0.6842684745788574,0.9871398210525513,604 原始基因（图节点 #526）,604 原始基因（图节点 #169）
289,1.1254785060882568,1.6240586042404175,604 原始基因（图节点 #526）,604 原始基因（图节点 #169）
290,1.0444724559783936,0.6384663581848145,604 原始基因（图节点 #597）,604 原始基因（图节点 #409）
291,0.6781526803970337,0.6463425159454346,604 原始基因（图节点 #597）,604 原始基因（图节点 #409）
292,1.0354769229888916,0.4224264621734619,604 原始基因（图节点 #285）,604 原始基因（图节点 #49）
293,0.7694190144538879,1.8447903394699097,604 原始基因（图节点 #285）,604 原始基因（图节点 #49）
294,0.5959231853485107,0.7916020154953003,604 原始基因（图节点 #496）,604 原始基因（图节点 #150）
295,0.3828185796737671,0.4696364998817444,604 原始基因（图节点 #496）,604 原始基因（图节点 #150）
296,1.0553103685379028,1.1066640615463257,604 原始基因（图节点 #512）,604 原始基因（图节点 #236）
297,1.5361758470535278,0.6542408466339111,604 原始基因（图节点 #512）,604 原始基因（图节点 #236）
298,1.1145869493484497,0.750450849533081,604 原始基因（图节点 #294）,604 原始基因（图节点 #75）
299,1.0600048303604126,0.49932318925857544,604 原始基因（图节点 #294）,604 原始基因（图节点 #75）
300,1.137031078338623,0.6852537989616394,604 原始基因（图节点 #551）,604 原始基因（图节点 #332）
301,0.7732733488082886,1.1744604110717773,604 原始基因（图节点 #551）,604 原始基因（图节点 #332）
302,1.0291461944580078,0.4037008285522461,604 原始基因（图节点 #256）,604 原始基因（图节点 #16）
303,0.6060211658477783,0.15362000465393066,604 原始基因（图节点 #256）,604 原始基因（图节点 #16）
304,1.0042734146118164,0.8689711093902588,604 原始基因（图节点 #371）,604 原始基因（图节点 #11）
305,0.7598800659179688,2.16884446144104,604 原始基因（图节点 #371）,604 原始基因（图节点 #11）
306,1.5996659994125366,0.6253408193588257,604 原始基因（图节点 #354）,604 原始基因（图节点 #214）
307,1.3808127641677856,0.7537266612052917,604 原始基因（图节点 #354）,604 原始基因（图节点 #214）
308,1.586751103401184,1.428619384765625,604 原始基因（图节点 #480）,604 原始基因（图节点 #151）
309,0.768419623374939,1.094222903251648,604 原始基因（图节点 #480）,604 原始基因（图节点 #151）
310,1.6917606592178345,0.7376932501792908,604 原始基因（图节点 #543）,604 原始基因（图节点 #397）
311,1.3210257291793823,0.5587807297706604,604 原始基因（图节点 #543）,604 原始基因（图节点 #397）
312,0.5164788961410522,0.2212611883878708,604 原始基因（图节点 #518）,604 原始基因（图节点 #110）
313,0.9845856428146362,0.7274567484855652,604 原始基因（图节点 #518）,604 原始基因（图节点 #110）
314,1.4123667478561401,0.40251797437667847,604 原始基因（图节点 #483）,604 原始基因（图节点 #337）
315,0.40807467699050903,1.0184212923049927,604 原始基因（图节点 #483）,604 原始基因（图节点 #337）
316,1.5879307985305786,1.1308834552764893,604 原始基因（图节点 #433）,604 原始基因（图节点 #101）
317,1.2809182405471802,1.0791946649551392,604 原始基因（图节点 #433）,604 原始基因（图节点 #101）
318,0.568430483341217,0.5102440714836121,604 原始基因（图节点 #140）,604 原始基因（图节点 #235）
319,1.1597330570220947,0.8154094219207764,604 原始基因（图节点 #140）,604 原始基因（图节点 #235）
320,0.5357102155685425,0.4560043215751648,604 原始基因（图节点 #488）,604 原始基因（图节点 #210）
321,0.7757683992385864,1.7489652633666992,604 原始基因（图节点 #488）,604 原始基因（图节点 #210）
322,1.0325579643249512,0.4111859202384949,604 原始基因（图节点 #8）,604 原始基因（图节点 #389）
323,0.7681404948234558,1.8406108617782593,604 原始基因（图节点 #8）,604 原始基因（图节点 #389）
324,1.1736615896224976,2.736537218093872,604 原始基因（图节点 #270）,604 原始基因（图节点 #3）
325,1.4621459245681763,0.2978150546550751,604 原始基因（图节点 #270）,604 原始基因（图节点 #3）
326,1.5025594234466553,0.5443349480628967,604 原始基因（图节点 #493）,604 原始基因（图节点 #392）
327,1.4609482288360596,0.44447124004364014,604 原始基因（图节点 #493）,604 原始基因（图节点 #392）
328,1.5748313665390015,1.4279907941818237,604 原始基因（图节点 #454）,604 原始基因（图节点 #129）
329,0.56526118516922,2.7371275424957275,604 原始基因（图节点 #454）,604 原始基因（图节点 #129）
330,1.0428998470306396,0.42786574363708496,604 原始基因（图节点 #491）,604 原始基因（图节点 #246）
331,0.4148864150047302,0.6319520473480225,604 原始基因（图节点 #491）,604 原始基因（图节点 #246）
332,1.036694884300232,0.45836448669433594,604 原始基因（图节点 #482）,604 原始基因（图节点 #25）
333,0.5641270279884338,0.2648056745529175,604 原始基因（图节点 #482）,604 原始基因（图节点 #25）
334,1.6626216173171997,0.7105625867843628,604 原始基因（图节点 #302）,604 原始基因（图节点 #175）
335,0.9938696622848511,0.874555230140686,604 原始基因（图节点 #302）,604 原始基因（图节点 #175）
336,1.48690664768219,0.5882070064544678,604 原始基因（图节点 #207）,604 原始基因（图节点 #247）
337,0.5941669940948486,1.6424418687820435,604 原始基因（图节点 #207）,604 原始基因（图节点 #247）
338,1.5442126989364624,0.6150004267692566,604 原始基因（图节点 #118）,604 原始基因（图节点 #558）
339,0.7550305128097534,0.5355574488639832,604 原始基因（图节点 #118）,604 原始基因（图节点 #558）
340,1.173972725868225,2.722707509994507,604 原始基因（图节点 #93）,604 原始基因（图节点 #568）
341,1.4789305925369263,0.5911959409713745,604 原始基因（图节点 #93）,604 原始基因（图节点 #568）
342,1.8225761651992798,0.9185389280319214,604 原始基因（图节点 #431）,604 原始基因（图节点 #441）
343,0.28388556838035583,0.3853221833705902,604 原始基因（图节点 #431）,604 原始基因（图节点 #441）
344,0.7228367328643799,0.5786628723144531,604 原始基因（图节点 #587）,604 原始基因（图节点 #353）
345,0.802182674407959,0.32134005427360535,604 原始基因（图节点 #587）,604 原始基因（图节点 #353）
346,1.4338079690933228,0.659500002861023,604 原始基因（图节点 #264）,604 原始基因（图节点 #298）
347,1.6130366325378418,0.5422994494438171,604 原始基因（图节点 #264）,604 原始基因（图节点 #298）
348,1.3878532648086548,0.6513959169387817,604 原始基因（图节点 #452）,604 原始基因（图节点 #180）
349,0.7282944917678833,0.7925885319709778,604 原始基因（图节点 #452）,604 原始基因（图节点 #180）
350,1.4921656847000122,0.8885496258735657,604 原始基因（图节点 #491）,604 原始基因（图节点 #137）
351,1.8196361064910889,0.8918442726135254,604 原始基因（图节点 #491）,604 原始基因（图节点 #137）
352,1.0957738161087036,0.5786698460578918,604 原始基因（图节点 #589）,604 原始基因（图节点 #241）
353,1.0026333332061768,2.6323893070220947,604 原始基因（图节点 #589）,604 原始基因（图节点 #241）
354,1.0580511093139648,0.5256715416908264,604 原始基因（图节点 #340）,604 原始基因（图节点 #261）
355,0.5897417068481445,0.8809425830841064,604 原始基因（图节点 #340）,604 原始基因（图节点 #261）
356,1.0476382970809937,0.4145227074623108,604 原始基因（图节点 #49）,604 原始基因（图节点 #84）
357,0.56570965051651,0.260677695274353,604 原始基因（图节点 #49）,604 原始基因（图节点 #84）
358,1.0850930213928223,0.5110519528388977,604 原始基因（图节点 #481）,604 原始基因（图节点 #227）
359,1.0802375078201294,0.49805116653442383,604 原始基因（图节点 #481）,604 原始基因（图节点 #227）
360,0.5391351580619812,0.3081819713115692,604 原始基因（图节点 #60）,604 原始基因（图节点 #342）
361,0.8604777455329895,1.1874046325683594,604 原始基因（图节点 #60）,604 原始基因（图节点 #342）
362,1.1409531831741333,0.5953972339630127,604 原始基因（图节点 #243）,604 原始基因（图节点 #489）
363,1.4016832113265991,0.6376620531082153,604 原始基因（图节点 #243）,604 原始基因（图节点 #489）
364,1.1157201528549194,0.9446324110031128,604 原始基因（图节点 #38）,604 原始基因（图节点 #178）
365,0.6072771549224854,0.2376401573419571,604 原始基因（图节点 #38）,604 原始基因（图节点 #178）
366,1.7926921844482422,0.8558877110481262,604 原始基因（图节点 #203）,604 原始基因（图节点 #384）
367,0.5178980231285095,1.1946486234664917,604 原始基因（图节点 #203）,604 原始基因（图节点 #384）
368,0.7698584198951721,1.1073516607284546,604 原始基因（图节点 #546）,604 原始基因（图节点 #238）
369,0.6750190854072571,0.716471791267395,604 原始基因（图节点 #546）,604 原始基因（图节点 #238）
370,0.507016658782959,1.2221531867980957,604 原始基因（图节点 #67）,604 原始基因（图节点 #480）
371,0.6988956332206726,2.662755250930786,604 原始基因（图节点 #67）,604 原始基因（图节点 #480）
372,0.5794195532798767,1.153557538986206,604 原始基因（图节点 #120）,604 原始基因（图节点 #550）
373,1.7002688646316528,0.6000638008117676,604 原始基因（图节点 #120）,604 原始基因（图节点 #550）
374,0.4955824613571167,1.2043352127075195,604 原始基因（图节点 #372）,604 原始基因（图节点 #283）
375,0.6314026713371277,0.5278255939483643,604 原始基因（图节点 #372）,604 原始基因（图节点 #283）
376,0.6252090334892273,0.9972792267799377,604 原始基因（图节点 #215）,604 原始基因（图节点 #73）
377,1.059067726135254,0.4255039691925049,604 原始基因（图节点 #215）,604 原始基因（图节点 #73）
378,0.9539155960083008,2.458735227584839,604 原始基因（图节点 #157）,604 原始基因（图节点 #429）
379,0.7590017318725586,0.8905245065689087,604 原始基因（图节点 #157）,604 原始基因（图节点 #429）
380,1.0355771780014038,0.43676504492759705,604 原始基因（图节点 #86）,604 原始基因（图节点 #25）
381,0.5760172605514526,0.1535920798778534,604 原始基因（图节点 #86）,604 原始基因（图节点 #25）
382,1.3549014329910278,0.5311059951782227,604 原始基因（图节点 #100）,604 原始基因（图节点 #237）
383,1.6399179697036743,1.386891484260559,604 原始基因（图节点 #100）,604 原始基因（图节点 #237）
384,1.113656997680664,0.7747527360916138,604 原始基因（图节点 #521）,604 原始基因（图节点 #129）
385,1.8203657865524292,0.8993128538131714,604 原始基因（图节点 #521）,604 原始基因（图节点 #129）
386,0.5158923864364624,0.3560694754123688,604 原始基因（图节点 #292）,604 原始基因（图节点 #73）
387,0.4573434591293335,0.9699596166610718,604 原始基因（图节点 #292）,604 原始基因（图节点 #73）
388,0.7629243731498718,0.79742032289505,604 原始基因（图节点 #364）,604 原始基因（图节点 #158）
389,1.4390562772750854,0.25722992420196533,604 原始基因（图节点 #364）,604 原始基因（图节点 #158）
390,1.0603992938995361,0.8885608911514282,604 原始基因（图节点 #396）,604 原始基因（图节点 #299）
391,0.6884181499481201,0.5725547671318054,604 原始基因（图节点 #396）,604 原始基因（图节点 #299）
392,0.7579442262649536,1.4495800733566284,604 原始基因（图节点 #503）,604 原始基因（图节点 #122）
393,1.102901816368103,0.7153921127319336,604 原始基因（图节点 #503）,604 原始基因（图节点 #122）
394,0.6703200340270996,0.7504845261573792,604 原始基因（图节点 #455）,604 原始基因（图节点 #544）
395,1.7969260215759277,1.3808780908584595,604 原始基因（图节点 #455）,604 原始基因（图节点 #544）
396,1.410826563835144,0.4662780463695526,604 原始基因（图节点 #398）,604 原始基因（图节点 #227）
397,0.9907509088516235,0.6920602917671204,604 原始基因（图节点 #398）,604 原始基因（图节点 #227）
398,1.1342699527740479,2.6982433795928955,604 原始基因（图节点 #412）,604 原始基因（图节点 #460）
399,1.083910584449768,1.193657636642456,604 原始基因（图节点 #412）,604 原始基因（图节点 #460）
400,0.5678486227989197,2.4118552207946777,604 原始基因（图节点 #220）,604 原始基因（图节点 #151）
401,1.4291797876358032,0.4646749794483185,604 原始基因（图节点 #220）,604 原始基因（图节点 #151）
402,0.7490111589431763,0.5918523669242859,604 原始基因（图节点 #202）,604 原始基因（图节点 #446）
403,1.3750733137130737,1.0496166944503784,604 原始基因（图节点 #202）,604 原始基因（图节点 #446）
404,1.331142783164978,0.6896489262580872,604 原始基因（图节点 #35）,604 原始基因（图节点 #215）
405,1.1056550741195679,0.3838483989238739,604 原始基因（图节点 #35）,604 原始基因（图节点 #215）
406,0.980726957321167,1.0931246280670166,604 原始基因（图节点 #331）,604 原始基因（图节点 #137）
407,1.5442191362380981,0.9347676038742065,604 原始基因（图节点 #331）,604 原始基因（图节点 #137）
408,1.264380931854248,0.6310376524925232,604 原始基因（图节点 #110）,604 原始基因（图节点 #93）
409,1.4717485904693604,0.6222533583641052,604 原始基因（图节点 #110）,604 原始基因（图节点 #93）
410,0.9305936098098755,0.8478325605392456,604 原始基因（图节点 #244）,604 原始基因（图节点 #124）
411,1.7891745567321777,1.1348098516464233,604 原始基因（图节点 #244）,604 原始基因（图节点 #124）
412,0.7685819268226624,0.6566041707992554,604 原始基因（图节点 #328）,604 原始基因（图节点 #484）
413,1.7898133993148804,1.1349691152572632,604 原始基因（图节点 #328）,604 原始基因（图节点 #484）
414,0.2634110748767853,0.38669276237487793,604 原始基因（图节点 #233）,604 原始基因（图节点 #392）
415,1.113851547241211,0.04123566672205925,604 原始基因（图节点 #233）,604 原始基因（图节点 #392）
416,0.6454153060913086,0.5201267600059509,604 原始基因（图节点 #7）,604 原始基因（图节点 #360）
417,1.240167498588562,0.17213770747184753,604 原始基因（图节点 #7）,604 原始基因（图节点 #360）
418,1.0219128131866455,0.8816028833389282,604 原始基因（图节点 #369）,604 原始基因（图节点 #293）
419,0.6101089715957642,0.19151659309864044,604 原始基因（图节点 #369）,604 原始基因（图节点 #293）
420,0.7506442666053772,0.9135611057281494,604 原始基因（图节点 #19）,604 原始基因（图节点 #73）
421,0.9540354609489441,1.14585542678833,604 原始基因（图节点 #19）,604 原始基因（图节点 #73）
422,0.6001972556114197,1.3542972803115845,604 原始基因（图节点 #477）,604 原始基因（图节点 #71）
423,1.778599739074707,1.4486004114151,604 原始基因（图节点 #477）,604 原始基因（图节点 #71）
424,1.1670522689819336,1.7691267728805542,604 原始基因（图节点 #532）,604 原始基因（图节点 #578）
425,0.5761294960975647,0.1539030224084854,604 原始基因（图节点 #532）,604 原始基因（图节点 #578）
426,1.1554603576660156,2.695038080215454,604 原始基因（图节点 #474）,604 原始基因（图节点 #438）
427,0.7675262689590454,1.8293262720108032,604 原始基因（图节点 #474）,604 原始基因（图节点 #438）
428,1.7061623334884644,0.8828625679016113,604 原始基因（图节点 #309）,604 原始基因（图节点 #132）
429,1.0980916023254395,0.6294234991073608,604 原始基因（图节点 #309）,604 原始基因（图节点 #132）
430,0.9991811513900757,0.8423253297805786,604 原始基因（图节点 #526）,604 原始基因（图节点 #463）
431,1.774311900138855,1.457590937614441,604 原始基因（图节点 #526）,604 原始基因（图节点 #463）
432,1.1446493864059448,1.0995045900344849,604 原始基因（图节点 #426）,604 原始基因（图节点 #54）
433,1.6610935926437378,1.145633578300476,604 原始基因（图节点 #426）,604 原始基因（图节点 #54）
434,0.4361172020435333,1.5325020551681519,604 原始基因（图节点 #495）,604 原始基因（图节点 #533）
435,1.0167386531829834,0.656160831451416,604 原始基因（图节点 #495）,604 原始基因（图节点 #533）
436,0.6894927024841309,0.9770910739898682,604 原始基因（图节点 #240）,604 原始基因（图节点 #592）
437,1.3468563556671143,0.8047351241111755,604 原始基因（图节点 #240）,604 原始基因（图节点 #592）
438,1.2244728803634644,0.6505564451217651,604 原始基因（图节点 #20）,604 原始基因（图节点 #326）
439,1.6921724081039429,0.7126405239105225,604 原始基因（图节点 #20）,604 原始基因（图节点 #326）
440,1.4596089124679565,0.5517573952674866,604 原始基因（图节点 #95）,604 原始基因（图节点 #208）
441,0.6350926160812378,0.45771628618240356,604 原始基因（图节点 #95）,604 原始基因（图节点 #208）
442,0.8482698202133179,0.6385724544525146,604 原始基因（图节点 #348）,604 原始基因（图节点 #89）
443,0.5694424510002136,0.6116155982017517,604 原始基因（图节点 #348）,604 原始基因（图节点 #89）
444,1.3333382606506348,0.5980161428451538,604 原始基因（图节点 #587）,604 原始基因（图节点 #369）
445,0.5728199481964111,0.9490997791290283,604 原始基因（图节点 #587）,604 原始基因（图节点 #369）
446,1.1608134508132935,1.3926552534103394,604 原始基因（图节点 #422）,604 原始基因（图节点 #385）
447,0.6079687476158142,0.43335193395614624,604 原始基因（图节点 #422）,604 原始基因（图节点 #385）
448,0.636198878288269,0.18016059696674347,604 原始基因（图节点 #260）,604 原始基因（图节点 #584）
449,0.8544270992279053,0.8544868230819702,604 原始基因（图节点 #260）,604 原始基因（图节点 #584）
450,1.1351817846298218,2.6985692977905273,604 原始基因（图节点 #0）,604 原始基因（图节点 #458）
451,0.5553587675094604,0.8060829639434814,604 原始基因（图节点 #0）,604 原始基因（图节点 #458）
452,0.6344432234764099,0.5833022594451904,604 原始基因（图节点 #294）,604 原始基因（图节点 #516）
453,1.0259979963302612,0.664698600769043,604 原始基因（图节点 #294）,604 原始基因（图节点 #516）
454,1.146723747253418,0.49203139543533325,604 原始基因（图节点 #67）,604 原始基因（图节点 #482）
455,1.0047575235366821,0.46046650409698486,604 原始基因（图节点 #67）,604 原始基因（图节点 #482）
456,0.5799720883369446,0.8626194596290588,604 原始基因（图节点 #548）,604 原始基因（图节点 #293）
457,1.5323001146316528,0.7832821011543274,604 原始基因（图节点 #548）,604 原始基因（图节点 #293）
458,1.6312382221221924,0.5301454663276672,604 原始基因（图节点 #7）,604 原始基因（图节点 #416）
459,0.5380016565322876,0.4754807949066162,604 原始基因（图节点 #7）,604 原始基因（图节点 #416）
460,1.2756539583206177,0.6290289759635925,604 原始基因（图节点 #68）,604 原始基因（图节点 #201）
461,0.8173013925552368,0.6701985597610474,604 原始基因（图节点 #68）,604 原始基因（图节点 #201）
462,1.5937670469284058,0.30418285727500916,604 原始基因（图节点 #110）,604 原始基因（图节点 #449）
463,1.8304909467697144,0.7860791087150574,604 原始基因（图节点 #110）,604 原始基因（图节点 #449）
464,1.0819320678710938,0.4949517548084259,604 原始基因（图节点 #543）,604 原始基因（图节点 #1）
465,1.1705174446105957,0.6606432199478149,604 原始基因（图节点 #543）,604 原始基因（图节点 #1）
466,0.7680729627609253,1.3873355388641357,604 原始基因（图节点 #351）,604 原始基因（图节点 #314）
467,0.6142847537994385,1.0720272064208984,604 原始基因（图节点 #351）,604 原始基因（图节点 #314）
468,0.6881983280181885,1.2751370668411255,604 原始基因（图节点 #426）,604 原始基因（图节点 #56）
469,1.261197805404663,0.5865791440010071,604 原始基因（图节点 #426）,604 原始基因（图节点 #56）
470,1.4067051410675049,0.662071704864502,604 原始基因（图节点 #158）,604 原始基因（图节点 #51）
471,1.1836153268814087,0.8971114158630371,604 原始基因（图节点 #158）,604 原始基因（图节点 #51）
472,0.6596508026123047,1.9093858003616333,604 原始基因（图节点 #218）,604 原始基因（图节点 #54）
473,1.5238016843795776,0.4928726255893707,604 原始基因（图节点 #218）,604 原始基因（图节点 #54）
474,0.2947311997413635,1.938331127166748,604 原始基因（图节点 #472）,604 原始基因（图节点 #471）
475,0.7323145866394043,1.9675244092941284,604 原始基因（图节点 #472）,604 原始基因（图节点 #471）
476,0.4812154173851013,1.137673020362854,604 原始基因（图节点 #372）,604 原始基因（图节点 #282）
477,0.4953460693359375,1.1894081830978394,604 原始基因（图节点 #372）,604 原始基因（图节点 #282）
478,0.2861570119857788,1.4967378377914429,604 原始基因（图节点 #113）,604 原始基因（图节点 #431）
479,0.7119148373603821,1.000758409500122,604 原始基因（图节点 #113）,604 原始基因（图节点 #431）
480,1.6379550695419312,0.6943570971488953,604 原始基因（图节点 #215）,604 原始基因（图节点 #181）
481,1.0687564611434937,0.877342164516449,604 原始基因（图节点 #215）,604 原始基因（图节点 #181）
482,0.6190871596336365,0.5322018265724182,604 原始基因（图节点 #105）,604 原始基因（图节点 #218）
483,0.5299547910690308,0.44551390409469604,604 原始基因（图节点 #105）,604 原始基因（图节点 #218）
484,0.5755971074104309,0.34092894196510315,604 原始基因（图节点 #567）,604 原始基因（图节点 #181）
485,0.6359356641769409,1.002539873123169,604 原始基因（图节点 #567）,604 原始基因（图节点 #181）
486,0.6263495087623596,0.9837096929550171,604 原始基因（图节点 #336）,604 原始基因（图节点 #160）
487,1.1124376058578491,1.3083900213241577,604 原始基因（图节点 #336）,604 原始基因（图节点 #160）
488,1.8187278509140015,0.867782473564148,604 原始基因（图节点 #117）,604 原始基因（图节点 #295）
489,1.1685165166854858,2.7813704013824463,604 原始基因（图节点 #117）,604 原始基因（图节点 #295）
490,1.3757530450820923,0.6475067138671875,604 原始基因（图节点 #6）,604 原始基因（图节点 #263）
491,1.5837877988815308,1.1332842111587524,604 原始基因（图节点 #6）,604 原始基因（图节点 #263）
492,1.387470006942749,1.697242259979248,604 原始基因（图节点 #475）,604 原始基因（图节点 #84）
493,1.5728877782821655,1.103865385055542,604 原始基因（图节点 #475）,604 原始基因（图节点 #84）
494,0.6285570859909058,0.7684487104415894,604 原始基因（图节点 #70）,604 原始基因（图节点 #352）
495,0.9196457266807556,0.8069289922714233,604 原始基因（图节点 #70）,604 原始基因（图节点 #352）
496,1.0237613916397095,0.4070529043674469,604 原始基因（图节点 #40）,604 原始基因（图节点 #44）
497,0.5322925448417664,0.39977824687957764,604 原始基因（图节点 #40）,604 原始基因（图节点 #44）
498,1.5185723304748535,0.555063009262085,604 原始基因（图节点 #514）,604 原始基因（图节点 #54）
499,1.3110100030899048,0.6610867977142334,604 原始基因（图节点 #514）,604 原始基因（图节点 #54）
500,1.0711803436279297,1.0411280393600464,604 原始基因（图节点 #359）,604 原始基因（图节点 #158）
501,1.6359699964523315,0.7907721996307373,604 原始基因（图节点 #359）,604 原始基因（图节点 #158）
502,0.5837287902832031,0.13596366345882416,604 原始基因（图节点 #525）,604 原始基因（图节点 #339）
503,1.1378453969955444,0.5352620482444763,604 原始基因（图节点 #525）,604 原始基因（图节点 #339）
504,1.3115249872207642,1.361271619796753,604 原始基因（图节点 #469）,604 原始基因（图节点 #194）
505,1.5955497026443481,0.6763077974319458,604 原始基因（图节点 #469）,604 原始基因（图节点 #194）
506,0.5475903749465942,0.9877389669418335,604 原始基因（图节点 #211）,604 原始基因（图节点 #178）
507,0.7770732641220093,1.2574046850204468,604 原始基因（图节点 #211）,604 原始基因（图节点 #178）
508,0.7696976065635681,1.6297001838684082,604 原始基因（图节点 #128）,604 原始基因（图节点 #575）
509,0.9752357006072998,2.7201690673828125,604 原始基因（图节点 #128）,604 原始基因（图节点 #575）
510,0.745720386505127,1.4835675954818726,604 原始基因（图节点 #187）,604 原始基因（图节点 #359）
511,1.1082192659378052,2.1024858951568604,604 原始基因（图节点 #187）,604 原始基因（图节点 #359）
512,0.5541484951972961,0.3834459185600281,604 原始基因（图节点 #395）,604 原始基因（图节点 #271）
513,1.0662572383880615,0.38544848561286926,604 原始基因（图节点 #395）,604 原始基因（图节点 #271）
514,0.49646294116973877,1.7635446786880493,604 原始基因（图节点 #457）,604 原始基因（图节点 #461）
515,0.28225624561309814,1.7365463972091675,604 原始基因（图节点 #457）,604 原始基因（图节点 #461）
516,1.6358543634414673,1.1479566097259521,604 原始基因（图节点 #440）,604 原始基因（图节点 #534）
517,1.3708463907241821,1.087201476097107,604 原始基因（图节点 #440）,604 原始基因（图节点 #534）
518,1.0679969787597656,0.8693581819534302,604 原始基因（图节点 #366）,604 原始基因（图节点 #262）
519,1.1736531257629395,2.738917589187622,604 原始基因（图节点 #366）,604 原始基因（图节点 #262）
520,0.34199225902557373,0.6558475494384766,604 原始基因（图节点 #420）,604 原始基因（图节点 #402）
521,1.1517012119293213,2.7099335193634033,604 原始基因（图节点 #420）,604 原始基因（图节点 #402）
522,1.116062879562378,1.3090661764144897,604 原始基因（图节点 #136）,604 原始基因（图节点 #148）
523,0.6605116724967957,1.4802405834197998,604 原始基因（图节点 #136）,604 原始基因（图节点 #148）
524,1.0828778743743896,0.6681710481643677,604 原始基因（图节点 #164）,604 原始基因（图节点 #532）
525,0.5288047790527344,0.4452643096446991,604 原始基因（图节点 #164）,604 原始基因（图节点 #532）
526,1.5831881761550903,0.7228126525878906,604 原始基因（图节点 #137）,604 原始基因（图节点 #294）
527,1.0664478540420532,1.0899337530136108,604 原始基因（图节点 #137）,604 原始基因（图节点 #294）
528,0.6661925315856934,1.368067741394043,604 原始基因（图节点 #444）,604 原始基因（图节点 #214）
529,1.4871817827224731,0.5885841846466064,604 原始基因（图节点 #444）,604 原始基因（图节点 #214）
530,1.145607590675354,0.7617031335830688,604 原始基因（图节点 #529）,604 原始基因（图节点 #302）
531,1.5886038541793823,0.4223608076572418,604 原始基因（图节点 #529）,604 原始基因（图节点 #302）
532,0.5786780714988708,0.8182382583618164,604 原始基因（图节点 #282）,604 原始基因（图节点 #153）
533,0.5960381031036377,2.7360680103302,604 原始基因（图节点 #282）,604 原始基因（图节点 #153）
534,1.024496078491211,0.9729039669036865,604 原始基因（图节点 #248）,604 原始基因（图节点 #225）
535,0.6224966645240784,0.5902818441390991,604 原始基因（图节点 #248）,604 原始基因（图节点 #225）
536,0.6064153909683228,0.153138667345047,604 原始基因（图节点 #139）,604 原始基因（图节点 #394）
537,1.1576130390167236,1.2013025283813477,604 原始基因（图节点 #139）,604 原始基因（图节点 #394）
538,1.6340676546096802,0.7961645126342773,604 原始基因（图节点 #304）,604 原始基因（图节点 #582）
539,1.1567689180374146,0.9469581246376038,604 原始基因（图节点 #304）,604 原始基因（图节点 #582）
540,0.6986175775527954,1.0595852136611938,604 原始基因（图节点 #130）,604 原始基因（图节点 #59）
541,1.2078276872634888,0.4116320312023163,604 原始基因（图节点 #130）,604 原始基因（图节点 #59）
542,0.6292648315429688,1.1159707307815552,604 原始基因（图节点 #336）,604 原始基因（图节点 #0）
543,1.0845097303390503,0.5763330459594727,604 原始基因（图节点 #336）,604 原始基因（图节点 #0）
544,0.70860356092453,1.9671157598495483,604 原始基因（图节点 #52）,604 原始基因（图节点 #466）
545,1.502239465713501,0.6886564493179321,604 原始基因（图节点 #52）,604 原始基因（图节点 #466）
546,1.5196534395217896,0.5281583070755005,604 原始基因（图节点 #369）,604 原始基因（图节点 #228）
547,1.395408034324646,0.6468029618263245,604 原始基因（图节点 #369）,604 原始基因（图节点 #228）
548,0.7018495202064514,1.0094650983810425,604 原始基因（图节点 #533）,604 原始基因（图节点 #343）
549,1.0182312726974487,1.398400068283081,604 原始基因（图节点 #533）,604 原始基因（图节点 #343）
550,0.7111728191375732,1.9669846296310425,604 原始基因（图节点 #39）,604 原始基因（图节点 #466）
551,0.6085829734802246,0.9025276303291321,604 原始基因（图节点 #39）,604 原始基因（图节点 #466）
552,1.6781316995620728,0.7463513016700745,604 原始基因（图节点 #354）,604 原始基因（图节点 #49）
553,0.5469660758972168,0.3079656958580017,604 原始基因（图节点 #354）,604 原始基因（图节点 #49）
554,1.1556925773620605,1.5836093425750732,604 原始基因（图节点 #102）,604 原始基因（图节点 #423）
555,0.49046123027801514,0.6494309902191162,604 原始基因（图节点 #102）,604 原始基因（图节点 #423）
556,0.7703725099563599,1.3641613721847534,604 原始基因（图节点 #330）,604 原始基因（图节点 #518）
557,0.48003166913986206,1.2219419479370117,604 原始基因（图节点 #330）,604 原始基因（图节点 #518）
558,0.7582750916481018,1.087855577468872,604 原始基因（图节点 #137）,604 原始基因（图节点 #504）
559,1.4502744674682617,0.6331821084022522,604 原始基因（图节点 #137）,604 原始基因（图节点 #504）
560,0.57243412733078,0.3329797387123108,604 原始基因（图节点 #76）,604 原始基因（图节点 #274）
561,1.4236160516738892,1.2070177793502808,604 原始基因（图节点 #76）,604 原始基因（图节点 #274）
562,1.017612338066101,0.9452931880950928,604 原始基因（图节点 #10）,604 原始基因（图节点 #415）
563,1.3189352750778198,0.623537540435791,604 原始基因（图节点 #10）,604 原始基因（图节点 #415）
564,0.7674540877342224,1.8437576293945312,604 原始基因（图节点 #458）,604 原始基因（图节点 #436）
565,0.42757320404052734,1.9519051313400269,604 原始基因（图节点 #458）,604 原始基因（图节点 #436）
566,1.6214977502822876,0.7381830811500549,604 原始基因（图节点 #361）,604 原始基因（图节点 #28）
567,1.268941044807434,0.4946407079696655,604 原始基因（图节点 #361）,604 原始基因（图节点 #28）
568,1.7882755994796753,1.1351648569107056,604 原始基因（图节点 #122）,604 原始基因（图节点 #599）
569,1.1534463167190552,2.2773211002349854,604 原始基因（图节点 #122）,604 原始基因（图节点 #599）
570,0.5667937397956848,0.8557701110839844,604 原始基因（图节点 #43）,604 原始基因（图节点 #465）
571,1.381775975227356,1.6993000507354736,604 原始基因（图节点 #43）,604 原始基因（图节点 #465）
572,1.8223320245742798,0.8943002820014954,604 原始基因（图节点 #361）,604 原始基因（图节点 #418）
573,0.6431943774223328,1.0272032022476196,604 原始基因（图节点 #361）,604 原始基因（图节点 #418）
574,0.5664644241333008,0.5465246438980103,604 原始基因（图节点 #307）,604 原始基因（图节点 #71）
575,1.598699688911438,0.5224176049232483,604 原始基因（图节点 #307）,604 原始基因（图节点 #71）
576,0.7675485610961914,1.8438812494277954,604 原始基因（图节点 #232）,604 原始基因（图节点 #181）
577,1.1355897188186646,0.704892635345459,604 原始基因（图节点 #232）,604 原始基因（图节点 #181）
578,1.0581611394882202,0.874328076839447,604 原始基因（图节点 #412）,604 原始基因（图节点 #409）
579,0.664743959903717,0.3227664828300476,604 原始基因（图节点 #412）,604 原始基因（图节点 #409）
580,1.524267315864563,0.8290602564811707,604 原始基因（图节点 #130）,604 原始基因（图节点 #66）
581,0.4286324381828308,1.933553695678711,604 原始基因（图节点 #130）,604 原始基因（图节点 #66）
582,0.5943500399589539,1.7614120244979858,604 原始基因（图节点 #503）,604 原始基因（图节点 #568）
583,0.9969059228897095,0.5286616086959839,604 原始基因（图节点 #503）,604 原始基因（图节点 #568）
584,0.5454802513122559,0.568472683429718,604 原始基因（图节点 #496）,604 原始基因（图节点 #269）
585,0.4677348732948303,1.0405030250549316,604 原始基因（图节点 #496）,604 原始基因（图节点 #269）
586,0.4650178551673889,1.8163243532180786,604 原始基因（图节点 #134）,604 原始基因（图节点 #35）
587,1.0465282201766968,0.45709511637687683,604 原始基因（图节点 #134）,604 原始基因（图节点 #35）
588,1.737758755683899,1.146968126296997,604 原始基因（图节点 #447）,604 原始基因（图节点 #385）
589,0.8890780210494995,1.0366040468215942,604 原始基因（图节点 #447）,604 原始基因（图节点 #385）
590,0.709675669670105,0.41226285696029663,604 原始基因（图节点 #268）,604 原始基因（图节点 #233）
591,0.5129198431968689,1.6879087686538696,604 原始基因（图节点 #268）,604 原始基因（图节点 #233）
592,0.6088443994522095,0.8364299535751343,604 原始基因（图节点 #225）,604 原始基因（图节点 #414）
593,1.0817164182662964,0.4179866313934326,604 原始基因（图节点 #225）,604 原始基因（图节点 #414）
594,1.6055933237075806,0.5594630837440491,604 原始基因（图节点 #175）,604 原始基因（图节点 #263）
595,1.5402103662490845,0.6092005968093872,604 原始基因（图节点 #175）,604 原始基因（图节点 #263）
596,1.1679357290267944,1.5929759740829468,604 原始基因（图节点 #320）,604 原始基因（图节点 #5）
597,0.6472155451774597,0.7805922031402588,604 原始基因（图节点 #320）,604 原始基因（图节点 #5）
598,1.5391249656677246,0.7654097080230713,604 原始基因（图节点 #144）,604 原始基因（图节点 #30）
599,1.2090405225753784,0.5965414047241211,604 原始基因（图节点 #144）,604 原始基因（图节点 #30）
600,0.7642613649368286,0.9890623092651367,604 原始基因（图节点 #140）,604 原始基因（图节点 #588）
601,0.4416654109954834,0.4395637512207031,604 原始基因（图节点 #140）,604 原始基因（图节点 #588）
602,0.7671356797218323,1.8364211320877075,604 原始基因（图节点 #149）,604 原始基因（图节点 #317）
603,1.2540737390518188,0.8410277366638184,604 原始基因（图节点 #149）,604 原始基因（图节点 #317）
