epoch,train_mse_uts,train_mse_fs,train_mae_uts,val_mae_uts,train_mae_fs,val_mae_fs,val_score
1,0.81190407,1.63910747,0.66655558,0.69520009,0.99010414,1.04916286,1.74436295
2,0.47776556,1.29674292,0.51993138,0.55003011,0.84317601,0.89643914,1.44646925
3,0.33774385,1.04276431,0.40404257,0.43367276,0.74879551,0.79452330,1.22819605
4,0.23879862,0.92242813,0.32887271,0.35676256,0.68378466,0.72680366,1.08356622
5,0.17843643,0.81210595,0.28523809,0.30965915,0.62466919,0.66536087,0.97502002
6,0.13505960,0.72502118,0.25676632,0.27745244,0.56838429,0.60730755,0.88475999
7,0.12340836,0.64184105,0.23861642,0.25378889,0.52000672,0.55735588,0.81114477
8,0.11236960,0.59118170,0.22948974,0.23711620,0.48392758,0.52029216,0.75740837
9,0.10861176,0.51317412,0.22882131,0.22856928,0.45684758,0.48995081,0.71852009
10,0.11854954,0.48146671,0.23036984,0.22462112,0.43547934,0.46369666,0.68831778
11,0.12928823,0.43304214,0.22448035,0.21946965,0.42120716,0.44872847,0.66819812
12,0.11911209,0.37470719,0.21558024,0.21812823,0.41511139,0.44380829,0.66193652
13,0.11455788,0.37494794,0.22508036,0.23785162,0.41584337,0.44468743,0.68253905
14,0.11007052,0.36790624,0.25475758,0.27438784,0.42107150,0.44865882,0.72304666
15,0.11871995,0.33728626,0.25724503,0.27716145,0.42763650,0.45281056,0.72997200
16,0.12934372,0.37248662,0.23989262,0.25764018,0.42997774,0.45356709,0.71120727
17,0.11742651,0.36365321,0.22319970,0.23463680,0.42919308,0.45230925,0.68694605
18,0.10751304,0.36228663,0.21641278,0.22287758,0.42386192,0.44754586,0.67042343
19,0.09813581,0.36690283,0.21551597,0.21757443,0.41441014,0.43987939,0.65745382
20,0.11082687,0.36798543,0.21641496,0.21502194,0.40905011,0.43649298,0.65151492
21,0.10707283,0.34422970,0.21602410,0.21417554,0.40386352,0.43400589,0.64818142
22,0.11610459,0.33570346,0.21401195,0.21490803,0.40035155,0.43293232,0.64784035
23,0.11150670,0.32887816,0.21329220,0.21807143,0.39816287,0.43276390,0.65083534
24,0.09909679,0.32740319,0.21653275,0.22490276,0.39816448,0.43266699,0.65756975
25,0.09935816,0.33722469,0.22262062,0.23330970,0.40055987,0.43272257,0.66603227
26,0.09552602,0.31196752,0.22751626,0.23906131,0.40382373,0.43419638,0.67325769
27,0.09874465,0.33110589,0.22803192,0.23957145,0.40713349,0.43568888,0.67526034
28,0.09201709,0.31311575,0.22447404,0.23507951,0.40910763,0.43657216,0.67165168
29,0.09082071,0.31615335,0.21999221,0.22957399,0.40690765,0.43510604,0.66468003
30,0.09374924,0.31142429,0.21422771,0.22222613,0.40271488,0.43268207,0.65490820
31,0.10797652,0.32217345,0.20866005,0.21453567,0.39669931,0.43028739,0.64482306
32,0.08937465,0.31317168,0.20560372,0.20953637,0.39189515,0.42937025,0.63890663
33,0.09634902,0.31477213,0.20393033,0.20561962,0.38778862,0.42886436,0.63448398
34,0.08557485,0.32081395,0.20345312,0.20319206,0.38611412,0.42803454,0.63122660
35,0.09176399,0.30476859,0.20270127,0.20153423,0.38452187,0.42700717,0.62854140
36,0.08887561,0.31557906,0.20106831,0.19973744,0.38334531,0.42567685,0.62541430
37,0.08288275,0.30410656,0.19894156,0.19790396,0.38273439,0.42384225,0.62174621
38,0.09825113,0.29964474,0.19697538,0.19693539,0.38246885,0.42192423,0.61885962
39,0.08544205,0.29615277,0.19627585,0.19671986,0.38190040,0.41981369,0.61653355
40,0.08071434,0.28359997,0.19625688,0.19683133,0.38187775,0.41765225,0.61448358
41,0.08474704,0.30795199,0.19548954,0.19515069,0.37906146,0.41456315,0.60971384
42,0.07688785,0.30310178,0.19316596,0.19156761,0.37423381,0.41100055,0.60256816
43,0.07648803,0.30360278,0.19017917,0.18717216,0.37002915,0.40735939,0.59453155
44,0.09190515,0.29696384,0.18697567,0.18207262,0.36607280,0.40344173,0.58551435
45,0.08006129,0.28717160,0.18547627,0.17870468,0.36261371,0.39912894,0.57783362
46,0.06993274,0.27784106,0.18403487,0.17611271,0.35963053,0.39404386,0.57015657
47,0.07645425,0.27159953,0.18237771,0.17333877,0.35633469,0.38858950,0.56192827
48,0.07730784,0.28038380,0.17995736,0.16986601,0.35349864,0.38154843,0.55141445
49,0.08617441,0.26771468,0.17874321,0.16749591,0.35084221,0.37367332,0.54116923
50,0.07794695,0.26200178,0.17784670,0.16544773,0.34655058,0.36782899,0.53327672
51,0.07863577,0.27393207,0.17675856,0.16419271,0.34203258,0.36824331,0.53243601
52,0.08666660,0.26669049,0.17640898,0.16359647,0.33991751,0.36495942,0.52855588
53,0.07366494,0.25502780,0.17550325,0.16192728,0.33705589,0.35858056,0.52050784
54,0.07746124,0.26944575,0.17410490,0.15880649,0.33318624,0.34685716,0.50566365
55,0.07193080,0.25921986,0.17348658,0.15756550,0.33114418,0.33641207,0.49397758
56,0.07414701,0.25531861,0.17263417,0.15600680,0.32965428,0.33107191,0.48707871
57,0.08018348,0.24823722,0.17180844,0.15449116,0.32957166,0.33095315,0.48544431
58,0.07301021,0.24593022,0.17174940,0.15409766,0.33279392,0.33555001,0.48964767
59,0.07626893,0.24490266,0.17276382,0.15627377,0.33121598,0.32577217,0.48204593
60,0.07624841,0.24518260,0.17200585,0.15463020,0.33141202,0.31550351,0.47013371
61,0.07546858,0.23406585,0.17203586,0.15492943,0.33315259,0.31410104,0.46903047
62,0.07683089,0.24602655,0.17225064,0.15544848,0.33785608,0.32944888,0.48489736
63,0.07601625,0.23970105,0.17298073,0.15638092,0.34367874,0.34430906,0.50068998
64,0.07745690,0.23064812,0.17297491,0.15660164,0.33915958,0.33545062,0.49205226
65,0.07281011,0.22985668,0.17280371,0.15644096,0.33225077,0.31882766,0.47526862
66,0.07104164,0.21763042,0.17324470,0.15717502,0.33478957,0.31075883,0.46793385
67,0.07825737,0.24032681,0.17426290,0.15942545,0.33363962,0.31196252,0.47138797
68,0.07244765,0.24859345,0.17492171,0.16070665,0.32638186,0.31870729,0.47941394
69,0.07053174,0.23068306,0.17550977,0.16180518,0.32667559,0.32948658,0.49129176
70,0.06833918,0.23783433,0.17669038,0.16326281,0.32957903,0.34033942,0.50360224
71,0.07328208,0.24760081,0.17837298,0.16599013,0.32502374,0.33388150,0.49987163
72,0.06830542,0.22074589,0.17994568,0.16874631,0.32297924,0.32844323,0.49718954
73,0.07096479,0.23726594,0.18070439,0.17002854,0.32352582,0.32533661,0.49536514
74,0.07048612,0.23309477,0.18125339,0.17161669,0.32533029,0.32516956,0.49678625
75,0.07077063,0.23218490,0.18149519,0.17233941,0.32428887,0.32567617,0.49801558
76,0.07336920,0.21735744,0.18098663,0.17130339,0.32275251,0.32659987,0.49790326
77,0.07865372,0.22690290,0.18108751,0.17151552,0.32097280,0.32784089,0.49935642
78,0.06771334,0.21908045,0.18080866,0.17077787,0.31974146,0.32754916,0.49832703
79,0.07124881,0.20976591,0.18121694,0.17070156,0.31848311,0.32520834,0.49590990
80,0.07018712,0.22775967,0.18231323,0.17237425,0.31735626,0.32379770,0.49617195
81,0.07297800,0.21723227,0.18154900,0.17076877,0.31703252,0.32088780,0.49165657
82,0.07040785,0.21836880,0.17964256,0.16716602,0.31644306,0.32020319,0.48736921
83,0.06795051,0.21991861,0.17608438,0.16080306,0.31664747,0.32238457,0.48318763
84,0.06973554,0.21583350,0.17241378,0.15453884,0.31901747,0.32710752,0.48164636
85,0.07360806,0.22236295,0.17009063,0.15020598,0.31903669,0.32284603,0.47305201
86,0.07216945,0.22916113,0.16880266,0.14731954,0.31862849,0.31679001,0.46410955
87,0.07108776,0.20956518,0.16863537,0.14696230,0.31871173,0.31233117,0.45929347
88,0.06931871,0.20382042,0.16893293,0.14769123,0.31895515,0.30994883,0.45764007
89,0.07079873,0.21649197,0.17075783,0.15106563,0.31702387,0.31115255,0.46221818
90,0.07067751,0.21924052,0.17313346,0.15576535,0.31624505,0.31996316,0.47572851
91,0.07572116,0.22621498,0.17721047,0.16287975,0.32030615,0.33736724,0.50024699
92,0.06784778,0.21358503,0.17983362,0.16766894,0.31620771,0.33465970,0.50232863
93,0.06936526,0.21037182,0.17992271,0.16825086,0.30985710,0.31832689,0.48657775
94,0.06736773,0.20521168,0.17960107,0.16786216,0.31466648,0.31543255,0.48329471
95,0.06640837,0.19990721,0.17940491,0.16760139,0.31769702,0.31665069,0.48425208
96,0.06377821,0.21006349,0.17808846,0.16544281,0.31420624,0.31795812,0.48340093
97,0.06483763,0.21101746,0.17672579,0.16314448,0.31105766,0.32415143,0.48729591
98,0.06517093,0.20856829,0.17530829,0.16057621,0.31124735,0.33034548,0.49092169
99,0.06573787,0.21847248,0.17436336,0.15868053,0.31320331,0.33649486,0.49517539
100,0.06347878,0.21516210,0.17355862,0.15728121,0.31384635,0.33804125,0.49532245
101,0.06455322,0.21435069,0.17305744,0.15639463,0.31090668,0.33110574,0.48750037
102,0.06430931,0.20719002,0.17187458,0.15415397,0.30916592,0.32460910,0.47876307
103,0.06542982,0.21097495,0.17089543,0.15226614,0.30844387,0.32073140,0.47299755
104,0.06346682,0.21330690,0.16986641,0.15020038,0.30775404,0.31874445,0.46894483
105,0.06721395,0.19229910,0.16931176,0.14897950,0.30724186,0.31834254,0.46732204
106,0.06830225,0.20233533,0.16922601,0.14894749,0.30756390,0.31635046,0.46529795
107,0.06476373,0.21389531,0.16941433,0.14946866,0.30739614,0.31720951,0.46667817
108,0.06241016,0.21560055,0.17025022,0.15123549,0.30824766,0.32333547,0.47457096
109,0.06435672,0.20691149,0.17097142,0.15243363,0.31143439,0.33177200,0.48420563
110,0.06062502,0.21030949,0.17033353,0.15131636,0.31140199,0.32902461,0.48034097
111,0.06500101,0.20254929,0.17016180,0.15117666,0.31057045,0.32394174,0.47511840
112,0.06945690,0.21100138,0.17006408,0.15093340,0.30951077,0.31427437,0.46520777
113,0.06596106,0.20292597,0.17115457,0.15318441,0.31205994,0.31050837,0.46369278
114,0.06491236,0.20314957,0.17391804,0.15773575,0.31121880,0.31216392,0.46989967
115,0.06219525,0.20149522,0.17600901,0.16152048,0.30997059,0.31501818,0.47653866
116,0.06311261,0.21065328,0.17917717,0.16645893,0.31007513,0.32155836,0.48801729
117,0.06839646,0.20985408,0.17794199,0.16504359,0.31245959,0.32987893,0.49492252
118,0.06392819,0.19837050,0.17626046,0.16233769,0.31402519,0.33565900,0.49799669
119,0.06273949,0.20929027,0.17376551,0.15810330,0.30944580,0.32990551,0.48800881
120,0.06470084,0.20863545,0.17302947,0.15669525,0.30489403,0.31906912,0.47576436
121,0.06469347,0.20680100,0.17325045,0.15722349,0.30491233,0.31457272,0.47179621
122,0.06508338,0.21058640,0.17358910,0.15795787,0.30556467,0.31447321,0.47243108
123,0.06381543,0.20794702,0.17402826,0.15867996,0.30335540,0.31661111,0.47529107
124,0.06476570,0.21081363,0.17494950,0.16010386,0.30351841,0.32500350,0.48510736
125,0.06665231,0.21691480,0.17601231,0.16194870,0.30706006,0.33345824,0.49540694
126,0.07019443,0.19933051,0.17777522,0.16511670,0.30765131,0.33393005,0.49904674
127,0.06246722,0.20772259,0.17738086,0.16440371,0.30463010,0.32598031,0.49038401
128,0.06652265,0.21929628,0.17571819,0.16124554,0.30326045,0.31339121,0.47463675
129,0.06433117,0.19198525,0.17386495,0.15811315,0.30753127,0.30716059,0.46527374
130,0.06276540,0.19531411,0.17311917,0.15693207,0.30859435,0.30679038,0.46372245
131,0.06491861,0.20236473,0.17292574,0.15654258,0.30689633,0.30954316,0.46608575
132,0.06048115,0.20554887,0.17315264,0.15682288,0.30656251,0.31546873,0.47229160
133,0.05961349,0.19249523,0.17286181,0.15612033,0.30792961,0.32198077,0.47810110
134,0.06409632,0.20134963,0.17236133,0.15523726,0.30632949,0.31897283,0.47421008
135,0.06214437,0.20744659,0.17325129,0.15665890,0.30439901,0.30809012,0.46474902
136,0.05995299,0.21063443,0.17485446,0.15903397,0.30429149,0.30610758,0.46514155
137,0.06291839,0.20705087,0.17538919,0.15967625,0.30297774,0.30754128,0.46721753
138,0.06559042,0.20308375,0.17442441,0.15811868,0.30158082,0.31052768,0.46864636
139,0.06252488,0.18813297,0.17321400,0.15636458,0.30119467,0.31612816,0.47249274
140,0.06293387,0.20298868,0.17182069,0.15401547,0.30357733,0.32745302,0.48146848
141,0.06379107,0.19993791,0.17077559,0.15189461,0.30338833,0.32739425,0.47928886
142,0.06046651,0.20996051,0.17103246,0.15239520,0.30197379,0.32043725,0.47283246
143,0.05993297,0.19177231,0.17108358,0.15244858,0.30201516,0.31173593,0.46418451
144,0.06161846,0.19586897,0.17170095,0.15357038,0.30480823,0.30681899,0.46038938
145,0.05860179,0.20567012,0.17294827,0.15604629,0.30370304,0.30674312,0.46278940
146,0.06181731,0.21197090,0.17417793,0.15789054,0.30103222,0.31474856,0.47263910
147,0.06542657,0.19388406,0.17356536,0.15711346,0.30490354,0.32845649,0.48556995
148,0.06011651,0.19914930,0.17317560,0.15640953,0.30744329,0.33415610,0.49056563
149,0.06031374,0.19640586,0.17266852,0.15533262,0.30307660,0.32428685,0.47961947
150,0.06272604,0.18897210,0.17298561,0.15587799,0.30024081,0.31264287,0.46852086
151,0.06352788,0.19587398,0.17383772,0.15763667,0.30059773,0.30818477,0.46582144
152,0.06119272,0.20038477,0.17525426,0.16002217,0.29951394,0.31086370,0.47088587
153,0.06131529,0.19889937,0.17685121,0.16283813,0.29918620,0.31306937,0.47590750
154,0.05967539,0.19733748,0.17687257,0.16288652,0.29930496,0.31418464,0.47707115
155,0.06250715,0.19263202,0.17636612,0.16191809,0.29912698,0.31388551,0.47580360
156,0.05864390,0.19303660,0.17622511,0.16161607,0.29889739,0.31358781,0.47520389
157,0.06191632,0.19116424,0.17512159,0.15950517,0.29848897,0.31236649,0.47187166
158,0.05990009,0.19382901,0.17428109,0.15807737,0.29811856,0.31150773,0.46958511
159,0.06405495,0.20438164,0.17280893,0.15577440,0.29784796,0.31202152,0.46779592
160,0.06136850,0.19126871,0.17148624,0.15337579,0.29725254,0.31146312,0.46483891
161,0.06363995,0.19487569,0.17076345,0.15203753,0.29737496,0.30942151,0.46145904
162,0.06139417,0.19681144,0.17077224,0.15209629,0.29747555,0.30995330,0.46204959
163,0.05981461,0.18567967,0.17064318,0.15191376,0.29790691,0.31399319,0.46590695
164,0.06046424,0.19271457,0.17070989,0.15208791,0.29732704,0.31201077,0.46409868
165,0.05866496,0.19971429,0.17095196,0.15255606,0.29675058,0.30750307,0.46005914
166,0.06360807,0.18818593,0.17148127,0.15357392,0.29608431,0.30847993,0.46205385
167,0.06020006,0.18716359,0.17236803,0.15529561,0.29662946,0.31539595,0.47069156
168,0.06162097,0.19173904,0.17556851,0.16064605,0.29708067,0.31941321,0.48005927
169,0.05805383,0.18474224,0.17951722,0.16708080,0.29536796,0.31701291,0.48409371
170,0.05943450,0.18831807,0.18020132,0.16805843,0.29426256,0.30803934,0.47609776
171,0.05956315,0.17664005,0.17684259,0.16271079,0.29685497,0.30375955,0.46647033
172,0.06521188,0.20083773,0.17207059,0.15464602,0.29376689,0.30683613,0.46148215
173,0.06381923,0.18675785,0.17053704,0.15121689,0.29356170,0.32120559,0.47242248
174,0.05932262,0.18412377,0.17046519,0.15074158,0.29633629,0.32826647,0.47900805
175,0.06080035,0.19884482,0.17087786,0.15221930,0.29496655,0.32425433,0.47647363
176,0.06363280,0.18800238,0.17271617,0.15583430,0.29146495,0.31298202,0.46881633
177,0.06222402,0.19190228,0.17635761,0.16194858,0.29024604,0.30341062,0.46535920
178,0.06101988,0.18172021,0.17785579,0.16458288,0.28987068,0.30203930,0.46662217
179,0.06266999,0.18197639,0.17664240,0.16260535,0.28930992,0.30524740,0.46785274
180,0.06322957,0.17466958,0.17484660,0.15960604,0.29019442,0.31386185,0.47346789
181,0.06344715,0.18179272,0.17338774,0.15708601,0.28876406,0.31205297,0.46913898
182,0.06217899,0.17799525,0.17244597,0.15537536,0.28690559,0.30011153,0.45548689
183,0.06359783,0.20973131,0.17226195,0.15508348,0.28669691,0.29893580,0.45401928
184,0.06183280,0.18006581,0.17405176,0.15791354,0.28452641,0.30476871,0.46268225
185,0.05871813,0.18426389,0.17499849,0.15943822,0.28851998,0.31976011,0.47919834
186,0.06393302,0.19536176,0.17558992,0.16038190,0.28752959,0.31607667,0.47645856
187,0.06221156,0.17720911,0.17511877,0.15974379,0.28518498,0.30641317,0.46615696
188,0.05884394,0.18336590,0.17364633,0.15737796,0.28691810,0.29936793,0.45674589
189,0.06023863,0.17843403,0.17290662,0.15630426,0.28676522,0.29921758,0.45552184
190,0.06179802,0.18282127,0.17232600,0.15531711,0.28390253,0.30666348,0.46198060
191,0.06357711,0.18089229,0.17240255,0.15546608,0.28632683,0.31588885,0.47135493
192,0.05938356,0.18711358,0.17239149,0.15547456,0.28782910,0.31917873,0.47465329
193,0.06242771,0.18452984,0.17358005,0.15750597,0.28381491,0.31003737,0.46754335
194,0.05944661,0.17925182,0.17343831,0.15725856,0.28025025,0.29714352,0.45440207
195,0.05994627,0.17707337,0.17349897,0.15736687,0.28071618,0.29165912,0.44902599
196,0.06275050,0.19133285,0.17358336,0.15752457,0.27822000,0.30060089,0.45812546
197,0.06488516,0.17203723,0.17457996,0.15917462,0.28059098,0.31197912,0.47115374
198,0.06059995,0.17698933,0.17566748,0.16104911,0.28190374,0.31884387,0.47989298
199,0.05708857,0.17980656,0.17557894,0.16086197,0.27527401,0.30898926,0.46985123
200,0.05799611,0.18300225,0.17434140,0.15863003,0.27022877,0.30054817,0.45917819
201,0.05960847,0.16642900,0.17204857,0.15476723,0.26877305,0.29827729,0.45304452
202,0.05991723,0.15391831,0.17053063,0.15182337,0.26794383,0.30281100,0.45463437
203,0.06212303,0.16252635,0.17000932,0.15061043,0.26767838,0.30758595,0.45819639
204,0.05910957,0.17483136,0.17038749,0.15151496,0.26703912,0.30746225,0.45897721
205,0.05871866,0.15362804,0.17169791,0.15377715,0.26743546,0.30167317,0.45545033
206,0.06282245,0.15768655,0.17479753,0.15866882,0.26878825,0.30140808,0.46007690
207,0.05805392,0.17152905,0.17589703,0.16061464,0.26761761,0.30562097,0.46623561
208,0.06423865,0.17446083,0.17646264,0.16199520,0.26880497,0.31628248,0.47827768
209,0.06100049,0.16790438,0.17536025,0.16031188,0.26659518,0.31162712,0.47193900
210,0.05832301,0.17531914,0.17501688,0.15986678,0.26515114,0.30373785,0.46360463
211,0.05958704,0.16470078,0.17627001,0.16208206,0.26678637,0.29753834,0.45962040
212,0.05803680,0.16209643,0.17719346,0.16373624,0.26627478,0.29703996,0.46077619
213,0.05729559,0.16618665,0.17836784,0.16582732,0.26464191,0.30493638,0.47076370
214,0.06344423,0.16413063,0.17850734,0.16607666,0.26742959,0.31317636,0.47925302
215,0.05719883,0.17561130,0.17797044,0.16510044,0.27151942,0.32103142,0.48613186
216,0.06364048,0.17113416,0.17729478,0.16383097,0.26570660,0.30770111,0.47153208
217,0.05791209,0.14733601,0.17518826,0.16016154,0.26700035,0.29293370,0.45309524
218,0.05986035,0.16739368,0.17299972,0.15633182,0.27171680,0.28795722,0.44428904
219,0.05742534,0.16862367,0.17145501,0.15332890,0.26332730,0.29465425,0.44798315
220,0.05931363,0.15973555,0.17149511,0.15348326,0.27290100,0.32022676,0.47371002
221,0.06026827,0.16894025,0.17275617,0.15559134,0.28214034,0.32903194,0.48462328
222,0.05870689,0.17940682,0.17335138,0.15640849,0.26989278,0.31260762,0.46901610
223,0.06019061,0.16746423,0.17203048,0.15421036,0.26372963,0.29240692,0.44661728
224,0.06011337,0.16370313,0.17045890,0.15128055,0.27168044,0.28930283,0.44058338
225,0.05495116,0.18524331,0.16997507,0.15039438,0.26456463,0.28939933,0.43979371
226,0.05691665,0.16909444,0.17012994,0.15069914,0.26305467,0.30111209,0.45181122
227,0.05938169,0.15977247,0.17025483,0.15096663,0.26574287,0.30423507,0.45520170
228,0.05944999,0.17983879,0.17162006,0.15361865,0.26674235,0.30261102,0.45622967
229,0.05998427,0.15293992,0.17350675,0.15686449,0.26374435,0.29408091,0.45094541
230,0.06266239,0.15881109,0.17480871,0.15920942,0.25863078,0.28226152,0.44147094
231,0.05995378,0.16910040,0.17531857,0.16041507,0.25678137,0.27600124,0.43641631
232,0.06124508,0.16718483,0.17560881,0.16110449,0.25522199,0.27948299,0.44058748
233,0.06003292,0.17709108,0.17551531,0.16088393,0.25487202,0.29334757,0.45423150
234,0.05989503,0.15001483,0.17615950,0.16211529,0.26143071,0.30931160,0.47142689
235,0.05843112,0.15329516,0.17746483,0.16432235,0.25913849,0.30735466,0.47167701
236,0.05909808,0.16216317,0.17762807,0.16441137,0.25381351,0.29823098,0.46264234
237,0.05798127,0.15231559,0.17677552,0.16291647,0.25604883,0.29074794,0.45366441
238,0.06030579,0.16557491,0.17414415,0.15836309,0.25758630,0.29026452,0.44862761
239,0.05780913,0.15154150,0.17281148,0.15608466,0.25450331,0.29152083,0.44760549
240,0.05879869,0.14398493,0.17170253,0.15407769,0.25342390,0.29939419,0.45347188
241,0.05912857,0.16190976,0.17197992,0.15451477,0.26168451,0.31432790,0.46884267
242,0.05640169,0.16534489,0.17238310,0.15506409,0.26506469,0.31878972,0.47385381
243,0.05938336,0.17271163,0.17338580,0.15678230,0.25475290,0.30754271,0.46432501
244,0.05418503,0.16124111,0.17373669,0.15743342,0.24930701,0.28903267,0.44646609
245,0.06028762,0.15367065,0.17240950,0.15530579,0.25305560,0.28562367,0.44092946
246,0.05645476,0.15505742,0.17209393,0.15491012,0.24951330,0.29061684,0.44552696
247,0.06004998,0.15535565,0.17300999,0.15648936,0.25073963,0.30423835,0.46072771
248,0.05652905,0.14873503,0.17406982,0.15846075,0.26062387,0.31658781,0.47504856
249,0.05879842,0.15638910,0.17627944,0.16237801,0.25710693,0.31259111,0.47496912
250,0.05624919,0.14634956,0.17615549,0.16238554,0.24926816,0.30017298,0.46255852
251,0.06031433,0.13941909,0.17418945,0.15943028,0.24890251,0.28494325,0.44437353
252,0.05985131,0.14332306,0.17106792,0.15445231,0.25274137,0.28022063,0.43467294
253,0.05429449,0.15121099,0.16757642,0.14812081,0.25100917,0.27905759,0.42717840
254,0.05808722,0.14202039,0.16529921,0.14376239,0.24882412,0.28262693,0.42638932
255,0.05443086,0.16205777,0.16439551,0.14191857,0.25154716,0.29103631,0.43295488
256,0.05683583,0.15628666,0.16609336,0.14460750,0.25505707,0.29577005,0.44037755
257,0.05567140,0.14317685,0.16617273,0.14524317,0.25133345,0.29075831,0.43600148
258,0.05543642,0.14657348,0.16612621,0.14601140,0.24623738,0.27989924,0.42591064
259,0.05744475,0.14752506,0.16392893,0.14312094,0.24683192,0.27402088,0.41714182
260,0.05391722,0.13967243,0.16083011,0.13859905,0.24788697,0.27424952,0.41284858
261,0.05532451,0.14174747,0.15808071,0.13333121,0.24457945,0.27851346,0.41184467
262,0.05600977,0.14940821,0.15770203,0.13309000,0.24392873,0.28948006,0.42257006
263,0.05801176,0.14057530,0.15965313,0.13748448,0.24796753,0.30094624,0.43843071
264,0.05564873,0.13976258,0.16303906,0.14343706,0.24694817,0.30111372,0.44455078
265,0.05579424,0.14749725,0.16503939,0.14640382,0.24239324,0.29513252,0.44153634
266,0.05471260,0.15485276,0.16432367,0.14561877,0.23922987,0.28474253,0.43036130
267,0.05499328,0.14213501,0.16259874,0.14291734,0.23957573,0.28146490,0.42438224
268,0.05428607,0.14109908,0.16186351,0.14146227,0.23991145,0.28081754,0.42227980
269,0.05635364,0.14418435,0.16136217,0.14069927,0.24067095,0.28391153,0.42461079
270,0.05908342,0.14615387,0.16085365,0.13981044,0.24646811,0.29279843,0.43260887
271,0.05271637,0.13750516,0.16064276,0.13936977,0.24765159,0.29396725,0.43333702
272,0.05191511,0.15242925,0.16092688,0.13969706,0.24263807,0.28592098,0.42561804
273,0.05637144,0.15379041,0.16189259,0.14107950,0.24055648,0.27770957,0.41878907
274,0.05590585,0.13753699,0.16400258,0.14433669,0.24011645,0.27439201,0.41872869
275,0.05321005,0.13728665,0.16547894,0.14680913,0.23819059,0.27503720,0.42184633
276,0.05559939,0.14219071,0.16629955,0.14864999,0.23797049,0.28235623,0.43100622
277,0.05236831,0.14631717,0.16513124,0.14720644,0.24313743,0.29352504,0.44073148
278,0.05629474,0.15281115,0.16261330,0.14371662,0.24814452,0.29861203,0.44232865
279,0.05121618,0.14469796,0.15968059,0.13947436,0.24342899,0.29147682,0.43095118
280,0.05550990,0.13931535,0.15871346,0.13820992,0.23910160,0.28376791,0.42197783
281,0.05446265,0.13375454,0.15737128,0.13577448,0.24103571,0.28316441,0.41893889
282,0.05205618,0.16520821,0.15814620,0.13700944,0.24257806,0.28253052,0.41953996
283,0.05591434,0.15872486,0.15971082,0.13966125,0.24269058,0.28484139,0.42450264
284,0.05499307,0.14855544,0.16133101,0.14228858,0.24947366,0.29577199,0.43806057
285,0.05460088,0.13727272,0.16276321,0.14466771,0.25512907,0.30192477,0.44659248
286,0.05325109,0.13225095,0.16422477,0.14694425,0.25399157,0.30075198,0.44769624
287,0.05396068,0.13721088,0.16309081,0.14554051,0.24785286,0.29159188,0.43713239
288,0.05235566,0.13563348,0.16096005,0.14289217,0.24434175,0.28282741,0.42571957
289,0.05415633,0.13440683,0.15919618,0.14083989,0.24464637,0.28148580,0.42232569
290,0.05133985,0.13588199,0.15683033,0.13749593,0.24079709,0.28065744,0.41815338
291,0.05072500,0.14213392,0.15462548,0.13417506,0.23674320,0.27951521,0.41369027
292,0.05366797,0.12842989,0.15496221,0.13515049,0.23634303,0.28056538,0.41571587
293,0.04983865,0.12696290,0.15578844,0.13739941,0.23451208,0.27873170,0.41613111
294,0.05184899,0.13241033,0.15814176,0.14266296,0.23331609,0.27842653,0.42108949
295,0.05391795,0.14265083,0.16157757,0.14928663,0.23163310,0.27895001,0.42823663
296,0.05121715,0.13320850,0.16276383,0.15297765,0.23077698,0.27948210,0.43245974
297,0.05004543,0.12352196,0.15879682,0.14909874,0.23118693,0.28192425,0.43102299
298,0.05305928,0.13777691,0.14941840,0.13629736,0.23244317,0.28450891,0.42080627
299,0.04775907,0.11793733,0.14308031,0.12656809,0.23211375,0.28271559,0.40928368
300,0.04577855,0.13558969,0.14009175,0.12154283,0.23219113,0.28118590,0.40272873
301,0.04469816,0.13526428,0.13928938,0.12223175,0.23203532,0.27856788,0.40079963
302,0.04902310,0.13456701,0.14214192,0.12975612,0.23066467,0.27662614,0.40638226
303,0.04091056,0.13195382,0.14808822,0.14023004,0.23145221,0.28072757,0.42095761
304,0.04310048,0.13319373,0.14488997,0.13573077,0.23466362,0.28285524,0.41858602
305,0.04217562,0.13023373,0.13730609,0.12399081,0.23380411,0.28044376,0.40443457
306,0.04429412,0.12188338,0.13276890,0.11745218,0.22906260,0.27255499,0.39000718
307,0.04009096,0.13781579,0.13153820,0.11634807,0.22880585,0.26975238,0.38610046
308,0.04194611,0.13808306,0.13134353,0.11657178,0.23016086,0.26871574,0.38528752
309,0.04239548,0.13769367,0.13316642,0.12037648,0.23029163,0.27033630,0.39071278
310,0.04330713,0.12568432,0.13862300,0.12809335,0.23283988,0.27477375,0.40286709
311,0.04512982,0.14585333,0.14373797,0.13406725,0.23486038,0.27836984,0.41243710
312,0.04183713,0.12355255,0.14464776,0.13553694,0.23509109,0.28031009,0.41584703
313,0.04316036,0.13550702,0.13890141,0.12945385,0.23289748,0.27755368,0.40700753
314,0.03912010,0.13312061,0.13421713,0.12357289,0.23099327,0.27542847,0.39900136
315,0.03917822,0.12858357,0.13352463,0.12143506,0.22946957,0.27450842,0.39594348
316,0.04116986,0.13100100,0.13342775,0.12066655,0.22895205,0.27542841,0.39609496
317,0.04161355,0.12646770,0.13392025,0.12077471,0.22806622,0.27528158,0.39605629
318,0.04065607,0.12273069,0.13689424,0.12486378,0.22803374,0.27600202,0.40086580
319,0.03901371,0.13032736,0.13804282,0.12744905,0.22809066,0.27691448,0.40436353
320,0.04125081,0.12686193,0.13564317,0.12624206,0.22617792,0.27441382,0.40065588
321,0.04045254,0.13176453,0.13249545,0.12239664,0.22525944,0.27282259,0.39521923
322,0.04165274,0.13270432,0.13064232,0.11958122,0.22854911,0.27503884,0.39462006
323,0.04020216,0.12754124,0.13083905,0.12015745,0.23467752,0.27970806,0.39986551
324,0.04196838,0.14104202,0.13153102,0.12148488,0.23508602,0.28019699,0.40168188
325,0.04251943,0.12976503,0.13447928,0.12647769,0.22648226,0.27235568,0.39883336
326,0.03869161,0.12265140,0.13619055,0.12880720,0.22792941,0.26734322,0.39615043
327,0.04110471,0.12625819,0.13519475,0.12718301,0.23357224,0.26839361,0.39557661
328,0.04070799,0.13660643,0.13267632,0.12252080,0.22905417,0.26704469,0.38956550
329,0.04317823,0.12642667,0.13201533,0.12026152,0.22542268,0.26969582,0.38995734
330,0.04108309,0.12077728,0.13129717,0.11830447,0.23009944,0.27640647,0.39471094
331,0.03999231,0.12608473,0.13147411,0.11853699,0.23563613,0.28407064,0.40260763
332,0.04086443,0.13615184,0.13183676,0.11991527,0.23257099,0.28085539,0.40077066
333,0.03864757,0.11251590,0.13328907,0.12393275,0.22477321,0.27265546,0.39658821
334,0.04056099,0.13426320,0.13632746,0.13021590,0.22491990,0.26771384,0.39792974
335,0.03985831,0.13004030,0.13771166,0.13415276,0.22642045,0.26766238,0.40181513
336,0.03958188,0.12770657,0.13663007,0.13348608,0.22306576,0.26894823,0.40243430
337,0.03993238,0.13029628,0.13310836,0.12897810,0.22488797,0.27304712,0.40202522
338,0.04051066,0.11559489,0.13004848,0.12390176,0.23123631,0.28054214,0.40444390
339,0.03855405,0.12013538,0.12822929,0.11970799,0.23217998,0.28343719,0.40314519
340,0.03697270,0.13159093,0.12846671,0.11884659,0.22493476,0.27411798,0.39296456
341,0.04199789,0.11751226,0.13114966,0.12123752,0.22134709,0.27134630,0.39258382
342,0.03963098,0.12742813,0.13475795,0.12393949,0.22012851,0.27034864,0.39428813
343,0.03884443,0.12933373,0.13521066,0.12275343,0.21904069,0.26854697,0.39130040
344,0.04120247,0.11370270,0.13337240,0.12019052,0.21844387,0.26744008,0.38763060
345,0.03964532,0.12557150,0.13071610,0.11732148,0.21953462,0.26790997,0.38523146
346,0.03701152,0.12399115,0.12962484,0.11785371,0.22118166,0.26854336,0.38639707
347,0.03801885,0.12184306,0.13018583,0.11970541,0.22322881,0.27065900,0.39036441
348,0.03884409,0.13076244,0.13171554,0.12224404,0.22355872,0.27161980,0.39386383
349,0.03655703,0.13211584,0.13203231,0.12275147,0.22044802,0.26949736,0.39224883
350,0.03843946,0.12032469,0.13015480,0.12013686,0.22071968,0.26682475,0.38696161
351,0.03879442,0.11401670,0.12873393,0.11768596,0.22145034,0.26654482,0.38423078
352,0.03993807,0.10927930,0.12876084,0.11679891,0.22177514,0.26740766,0.38420656
353,0.03789590,0.13148744,0.12947285,0.11663218,0.22487493,0.27270243,0.38933460
354,0.03884729,0.11911496,0.13131043,0.11906288,0.23053095,0.27996069,0.39902357
355,0.03697976,0.11986274,0.13258587,0.12112519,0.22525175,0.27373722,0.39486241
356,0.03651401,0.11729544,0.13172430,0.12109397,0.21774668,0.26315787,0.38425185
357,0.03603731,0.11942917,0.12999859,0.11937940,0.22060107,0.26132080,0.38070020
358,0.03736395,0.13933188,0.12844922,0.11791448,0.21886417,0.25790465,0.37581913
359,0.03925166,0.11358646,0.12652536,0.11563765,0.21250691,0.25161636,0.36725401
360,0.04048256,0.11397706,0.12562631,0.11462922,0.21405642,0.25596526,0.37059449
361,0.03690737,0.10931080,0.12551601,0.11472607,0.22516426,0.26810390,0.38282996
362,0.03541010,0.11133108,0.12647569,0.11670045,0.21994199,0.26113516,0.37783561
363,0.03704972,0.11192110,0.12869155,0.12025986,0.21064524,0.24834153,0.36860139
364,0.03775691,0.12170362,0.13270466,0.12473505,0.21060938,0.24331534,0.36805039
365,0.03882210,0.10781390,0.13294069,0.12436613,0.21217674,0.24322580,0.36759193
366,0.03585788,0.12778305,0.12989549,0.12008420,0.21125223,0.24484885,0.36493304
367,0.03971118,0.11661006,0.12663805,0.11521345,0.21496187,0.25312096,0.36833441
368,0.03616955,0.10403749,0.12492236,0.11327150,0.22197400,0.26505211,0.37832361
369,0.03736637,0.11344487,0.12499991,0.11427238,0.22020975,0.26420367,0.37847605
370,0.03741552,0.10482874,0.12513591,0.11511508,0.21281555,0.25598368,0.37109876
371,0.03548776,0.11456174,0.12546469,0.11689910,0.21009831,0.25371262,0.37061173
372,0.03934871,0.11481135,0.12549217,0.11815218,0.20673583,0.24861273,0.36676491
373,0.03560882,0.11996294,0.12667672,0.12089964,0.20642018,0.24614701,0.36704665
374,0.03570607,0.12038832,0.12752992,0.12243287,0.20572215,0.24446741,0.36690027
375,0.03456641,0.12286521,0.12872255,0.12441234,0.20502108,0.24548423,0.36989657
376,0.03689365,0.11763616,0.12824549,0.12338986,0.21099392,0.25163594,0.37502580
377,0.03646826,0.12276704,0.12604192,0.11907952,0.21029538,0.25059572,0.36967523
378,0.03774767,0.11703506,0.12491810,0.11600736,0.20835592,0.24793153,0.36393888
379,0.03676863,0.10461988,0.12404440,0.11299226,0.20616983,0.24418658,0.35717884
380,0.03649019,0.10379827,0.12473573,0.11288514,0.20581102,0.24316874,0.35605388
381,0.04000399,0.10740501,0.12534273,0.11357821,0.20527788,0.24315612,0.35673433
382,0.03662276,0.10302025,0.12520863,0.11361095,0.20510973,0.24421293,0.35782387
383,0.03858558,0.11800139,0.12345161,0.11193321,0.20644744,0.24743591,0.35936912
384,0.03771920,0.11024355,0.12246098,0.11165985,0.20717895,0.25045735,0.36211719
385,0.03718002,0.12342916,0.12346268,0.11349070,0.20483144,0.24810435,0.36159505
386,0.03530938,0.10253255,0.12508722,0.11563519,0.20315264,0.24609326,0.36172845
387,0.03551587,0.10261570,0.12710831,0.11873704,0.20236102,0.24501340,0.36375044
388,0.03742571,0.10330562,0.12987857,0.12239297,0.20289434,0.24684872,0.36924169
389,0.03668573,0.11723603,0.13077480,0.12355825,0.20558211,0.25074366,0.37430191
390,0.03613980,0.09878881,0.12942319,0.12178884,0.20797004,0.25204563,0.37383447
391,0.03693990,0.10581536,0.12636331,0.11745265,0.20485765,0.24540925,0.36286190
392,0.03628333,0.12171548,0.12234768,0.11123189,0.20574169,0.24482961,0.35606150
393,0.03531715,0.11485893,0.12107172,0.10864823,0.20760162,0.24620970,0.35485792
394,0.03428430,0.11241505,0.12072700,0.10800228,0.20959724,0.24874920,0.35675147
395,0.03322639,0.11804346,0.12241979,0.11112218,0.20863388,0.24892110,0.36004328
396,0.03577491,0.10723525,0.12634152,0.11758876,0.20723750,0.24789202,0.36548078
397,0.03567231,0.09909398,0.12893115,0.12181741,0.20325910,0.24243969,0.36425710
398,0.03657899,0.09589763,0.12725927,0.12064839,0.20241438,0.24026787,0.36091626
399,0.03426131,0.10700723,0.12512714,0.11868337,0.20101465,0.23845576,0.35713913
400,0.03325453,0.10675719,0.12318444,0.11743055,0.20066787,0.23954959,0.35698014
401,0.03315951,0.10615631,0.12193684,0.11606625,0.20001999,0.23829979,0.35436604
402,0.03552158,0.10443015,0.12207475,0.11695554,0.20358427,0.24433072,0.36128626
403,0.03494283,0.10735850,0.12538072,0.12043356,0.20584397,0.24583487,0.36626843
404,0.03519076,0.10429068,0.12981886,0.12341926,0.20682116,0.24453284,0.36795210
405,0.03606481,0.11139160,0.13030796,0.12233879,0.20830114,0.24896331,0.37130211
406,0.03667840,0.11086238,0.12507127,0.11615425,0.20878008,0.25259230,0.36874654
407,0.03330266,0.11645968,0.12049302,0.11028099,0.20808458,0.25187525,0.36215624
408,0.03736644,0.10864447,0.11846789,0.10753388,0.20642568,0.24837574,0.35590962
409,0.03550925,0.10383383,0.11833492,0.10703842,0.20582217,0.24684721,0.35388564
410,0.03812208,0.10913628,0.11986726,0.10871594,0.20412636,0.24533349,0.35404943
411,0.03625522,0.10362709,0.12516293,0.11599599,0.20394626,0.24678014,0.36277613
412,0.03685116,0.10503111,0.12928823,0.12077036,0.20187868,0.24266499,0.36343536
413,0.03335603,0.10337568,0.12970407,0.12115987,0.20028070,0.23564249,0.35680236
414,0.03687258,0.09948820,0.12719496,0.11725042,0.19977564,0.23668547,0.35393589
415,0.03720436,0.09807187,0.12058620,0.10929246,0.19985053,0.24028420,0.34957666
416,0.03510987,0.10297073,0.11727279,0.10508424,0.20062904,0.24504896,0.35013320
417,0.03618500,0.10378227,0.11802389,0.10781597,0.20037860,0.24486874,0.35268471
418,0.03588936,0.11154544,0.12388650,0.11676513,0.19525613,0.23581748,0.35258260
419,0.03502100,0.10635277,0.12939300,0.12366141,0.19583710,0.23304512,0.35670653
420,0.03420854,0.09041128,0.13052423,0.12469395,0.19787864,0.23273270,0.35742665
421,0.03364538,0.10049363,0.12651990,0.11892182,0.19479942,0.23214215,0.35106397
422,0.03314405,0.09874614,0.11945844,0.10890356,0.19964893,0.24251062,0.35141418
423,0.03771355,0.09917953,0.11805871,0.10623084,0.20957896,0.25420350,0.36043434
424,0.03508961,0.10125963,0.11810011,0.10639201,0.20490523,0.25031948,0.35671149
425,0.03448295,0.10084016,0.11986171,0.10930376,0.19303723,0.23436727,0.34367103
426,0.03397133,0.10899069,0.12087511,0.11185916,0.19288647,0.22759791,0.33945706
427,0.03333547,0.10578611,0.12155373,0.11349025,0.19287254,0.22800764,0.34149789
428,0.03499136,0.10909307,0.11976194,0.11101020,0.19458447,0.23591360,0.34692381
429,0.03372242,0.10968240,0.11987431,0.11070918,0.19896089,0.24303791,0.35374708
430,0.03402200,0.10728694,0.11995090,0.11018638,0.19687022,0.24248476,0.35267114
431,0.03366305,0.08883383,0.12231098,0.11250996,0.19393912,0.23814808,0.35065804
432,0.03415183,0.10196945,0.12224101,0.11210623,0.19211709,0.23075098,0.34285720
433,0.03274679,0.11033092,0.11981761,0.10960780,0.19338082,0.23124696,0.34085476
434,0.03325893,0.10418718,0.11822891,0.10860018,0.19575642,0.23829454,0.34689472
435,0.03438047,0.09249415,0.11844514,0.10944606,0.20836547,0.25756440,0.36701046
436,0.03479514,0.09393778,0.11879737,0.10981040,0.21729043,0.27078938,0.38059979
437,0.03382096,0.10854248,0.12016799,0.11129885,0.20512243,0.25521827,0.36651712
438,0.03299313,0.09370064,0.12109286,0.11136366,0.19391075,0.23348315,0.34484681
439,0.03533905,0.09331955,0.12238912,0.11201347,0.19737780,0.22774407,0.33975754
440,0.03498854,0.09404360,0.11736128,0.10554881,0.19298348,0.23034662,0.33589543
441,0.03297460,0.09819718,0.11521483,0.10402785,0.19605966,0.24714781,0.35117567
442,0.03443405,0.10665303,0.11607569,0.10586912,0.20698795,0.26732922,0.37319834
443,0.03441269,0.10163199,0.11868238,0.10984369,0.20058160,0.25644782,0.36629152
444,0.03552130,0.10387790,0.12394145,0.11700404,0.19057092,0.23399353,0.35099757
445,0.03282327,0.09605592,0.12567778,0.11952233,0.18839507,0.22392717,0.34344950
446,0.03356194,0.09512167,0.12051892,0.11283497,0.18909070,0.22579639,0.33863135
447,0.03201742,0.10284602,0.11563489,0.10604779,0.18947099,0.22929595,0.33534374
448,0.03393241,0.09216413,0.11400108,0.10253406,0.19091821,0.23153390,0.33406796
449,0.03399089,0.09305989,0.11475484,0.10363301,0.19111156,0.23066685,0.33429985
450,0.03325205,0.09544080,0.11770006,0.10843936,0.19026563,0.22541615,0.33385551
451,0.03224763,0.09023817,0.12045335,0.11192312,0.19058087,0.22370677,0.33562989
452,0.03302015,0.09674915,0.12342588,0.11551285,0.19030134,0.22788092,0.34339377
453,0.03081558,0.09564722,0.12185794,0.11379002,0.19111444,0.23270340,0.34649342
454,0.03298777,0.08645006,0.11673797,0.10783397,0.19273758,0.23964158,0.34747555
455,0.02987020,0.09370689,0.11260697,0.10227257,0.19571601,0.24697366,0.34924623
456,0.03389012,0.09106427,0.11231794,0.10140881,0.19598907,0.24954996,0.35095876
457,0.03428442,0.09373394,0.11585958,0.10505531,0.19290133,0.24545747,0.35051278
458,0.03186945,0.08646487,0.11598293,0.10540681,0.18673982,0.23449446,0.33990127
459,0.03247226,0.08957963,0.11605050,0.10630679,0.18441668,0.22964175,0.33594854
460,0.03082202,0.09322654,0.11648374,0.10706683,0.18429725,0.23070009,0.33776692
461,0.03165010,0.09971442,0.11734288,0.10740012,0.18997313,0.24241866,0.34981878
462,0.03353880,0.09284499,0.11662988,0.10590403,0.19035885,0.24381977,0.34972380
463,0.03165974,0.09631480,0.11691479,0.10567359,0.18467829,0.23384225,0.33951584
464,0.03222248,0.09737534,0.11838125,0.10684236,0.18493426,0.22869480,0.33553716
465,0.03338522,0.09221805,0.12064453,0.11025300,0.18364342,0.23000599,0.34025899
466,0.03098797,0.08939789,0.11789411,0.10745147,0.18647172,0.23762134,0.34507281
467,0.03358101,0.08940064,0.11525482,0.10400253,0.19710927,0.25511739,0.35911991
468,0.03125190,0.09917731,0.11635730,0.10560321,0.19872905,0.25838122,0.36398443
469,0.03326003,0.09198034,0.11712508,0.10655531,0.19146644,0.24819084,0.35474615
470,0.03576868,0.09553520,0.12002671,0.10824730,0.18384205,0.23277029,0.34101760
471,0.03100751,0.08871605,0.11831919,0.10503303,0.18678540,0.22654197,0.33157499
472,0.03253066,0.09929574,0.11506561,0.10243092,0.18562196,0.22723298,0.32966390
473,0.03160033,0.08237666,0.11588808,0.10404970,0.18272166,0.23537357,0.33942327
474,0.03226055,0.08588770,0.11772735,0.10853481,0.18661149,0.24222067,0.35075548
475,0.03131790,0.08647958,0.11521804,0.10634787,0.18866307,0.24408491,0.35043278
476,0.02990847,0.08992531,0.11558334,0.10468039,0.18749346,0.24084161,0.34552200
477,0.03347001,0.09508163,0.11469807,0.10217889,0.18516815,0.23504943,0.33722832
478,0.03189342,0.09711168,0.11182713,0.10003371,0.18443838,0.23644143,0.33647514
479,0.03228828,0.10465585,0.11185125,0.10172524,0.18830201,0.24385977,0.34558501
480,0.03109176,0.09019473,0.11555805,0.10469321,0.19106425,0.24577463,0.35046784
481,0.03227304,0.08454774,0.11659100,0.10516293,0.19096424,0.24166711,0.34683004
482,0.03734674,0.09822537,0.12310162,0.11342470,0.18857260,0.23405682,0.34748152
483,0.03191187,0.08303496,0.12671982,0.11590324,0.18538074,0.22478844,0.34069168
484,0.03234113,0.08998781,0.12108896,0.10408864,0.18298364,0.22454448,0.32863312
485,0.03205366,0.09686297,0.11318658,0.09360848,0.18294258,0.23351534,0.32712382
486,0.03173114,0.08086184,0.11017866,0.09100109,0.18354857,0.23815431,0.32915539
487,0.03406439,0.09536224,0.11328971,0.09758019,0.18233295,0.23910417,0.33668435
488,0.03310871,0.09756959,0.12385718,0.11245674,0.18125114,0.23861237,0.35106911
489,0.02999215,0.08993105,0.12750307,0.11790956,0.18374765,0.24389912,0.36180868
490,0.03282717,0.09138094,0.12504606,0.11589981,0.18415925,0.24238850,0.35828831
491,0.03161834,0.08204787,0.11609933,0.10578672,0.18401580,0.23893611,0.34472283
492,0.03111883,0.09321629,0.11349408,0.10205705,0.18100226,0.23319077,0.33524782
493,0.03035545,0.09499481,0.11121794,0.09832584,0.17931330,0.23511304,0.33343888
494,0.03261724,0.08536129,0.11187598,0.09819297,0.17970295,0.23369877,0.33189175
495,0.02958846,0.07896408,0.11632188,0.10296336,0.18221085,0.23528056,0.33824392
496,0.03074303,0.08514538,0.11930884,0.10787580,0.18170980,0.23096330,0.33883911
497,0.03430090,0.09372137,0.11496546,0.10419746,0.18070163,0.22938296,0.33358043
498,0.03242595,0.09316809,0.11263309,0.09985863,0.18467915,0.24014248,0.34000111
499,0.03176758,0.09560119,0.11087830,0.09696025,0.18188466,0.23792948,0.33488973
500,0.02995864,0.09442814,0.11066956,0.09752090,0.18034893,0.23438644,0.33190735
501,0.03004104,0.07972498,0.11947209,0.10549016,0.18164571,0.23022284,0.33571300
502,0.03215230,0.09028340,0.12027629,0.10622689,0.18112546,0.22891790,0.33514479
503,0.03625799,0.08176918,0.11152444,0.09987637,0.18089837,0.23306359,0.33293997
504,0.03149005,0.08341496,0.10977109,0.09835459,0.18165682,0.23525767,0.33361226
505,0.03128537,0.07720728,0.11163110,0.09916772,0.17884766,0.23164050,0.33080822
506,0.03430224,0.08987367,0.11259723,0.10033639,0.17684700,0.22178459,0.32212098
507,0.03289355,0.08789798,0.11112745,0.10033918,0.17584991,0.22218923,0.32252841
508,0.03008664,0.07885754,0.12031464,0.10778238,0.17976251,0.23606472,0.34384710
509,0.03225843,0.08468079,0.12396297,0.10838132,0.18801840,0.24911012,0.35749144
510,0.03212784,0.08629911,0.11845880,0.10377043,0.19350314,0.25920576,0.36297619
511,0.03115332,0.10024009,0.10914308,0.09526645,0.18267636,0.24824931,0.34351575
512,0.03168460,0.08263992,0.11014328,0.09527525,0.17706217,0.23832414,0.33359939
513,0.03044210,0.07652976,0.11295623,0.09851280,0.17883196,0.23114432,0.32965712
514,0.03412249,0.08596183,0.11499328,0.10388363,0.18274626,0.23306093,0.33694456
515,0.03289554,0.08496050,0.11879212,0.10992283,0.18477252,0.23941468,0.34933751
516,0.03265062,0.08808775,0.11902637,0.10897905,0.18736936,0.25227776,0.36125681
517,0.02835708,0.09162502,0.11900117,0.10591991,0.18893167,0.25926200,0.36518191
518,0.03019795,0.07758085,0.11589711,0.10178181,0.17901185,0.24490866,0.34669047
519,0.03229226,0.08145545,0.11106417,0.09737933,0.17685817,0.23597415,0.33335347
520,0.03268012,0.08941963,0.10797653,0.09523007,0.17876832,0.23320653,0.32843659
521,0.02971883,0.07808881,0.10931987,0.09728693,0.17841731,0.23110716,0.32839409
522,0.03281599,0.09054588,0.11366449,0.10253162,0.17485140,0.23865558,0.34118720
523,0.03123345,0.08617214,0.11695994,0.10630390,0.18183891,0.25289407,0.35919797
524,0.03051460,0.08601947,0.11748923,0.10606150,0.18092315,0.25213069,0.35819218
525,0.03103801,0.09545449,0.11404916,0.10177514,0.17630228,0.24441339,0.34618853
526,0.02922163,0.07778259,0.11218252,0.09956146,0.17387424,0.23631139,0.33587285
527,0.02755344,0.08911073,0.11410256,0.10271277,0.17373620,0.23343773,0.33615050
528,0.02994016,0.08604775,0.11239079,0.10124454,0.17217104,0.23575531,0.33699985
529,0.02710239,0.07983121,0.11116061,0.10032104,0.17304540,0.24250567,0.34282671
530,0.02853484,0.07550391,0.11058846,0.09959850,0.17351654,0.24504726,0.34464576
531,0.02836556,0.07469750,0.10900159,0.09705605,0.17439337,0.24828228,0.34533834
532,0.02871101,0.07506239,0.11030012,0.09874276,0.17604288,0.25214708,0.35088984
533,0.03065699,0.09408673,0.11212397,0.10143637,0.17491227,0.24974275,0.35117912
534,0.02759288,0.08609683,0.11472869,0.10436815,0.17242128,0.24360868,0.34797683
535,0.03074278,0.08535660,0.11039747,0.10048383,0.17076756,0.23639682,0.33688065
536,0.03092110,0.09134079,0.10793320,0.09759668,0.17044006,0.23549497,0.33309165
537,0.03207384,0.08429208,0.10644851,0.09570744,0.17055336,0.23562025,0.33132768
538,0.03166100,0.07481678,0.10803134,0.09710463,0.17212763,0.24000685,0.33711148
539,0.03086677,0.08249910,0.11702386,0.10807232,0.17414474,0.24569169,0.35376401
540,0.02867673,0.07663441,0.11767830,0.10864720,0.17615442,0.25003898,0.35868619
541,0.03025411,0.08198141,0.10950835,0.09836620,0.17310776,0.24213137,0.34049757
542,0.02862982,0.07637796,0.10481749,0.09183440,0.17147684,0.23208930,0.32392370
543,0.02736774,0.08129654,0.10423291,0.09096871,0.17212614,0.22851183,0.31948053
544,0.02908324,0.07251807,0.10453398,0.09094994,0.17219640,0.22898355,0.31993349
545,0.03028547,0.08664653,0.10854672,0.09711786,0.17344601,0.23644535,0.33356322
546,0.03063715,0.08319513,0.11200421,0.10096069,0.18108399,0.25106075,0.35202145
547,0.02931288,0.09093910,0.11337945,0.10220131,0.17739442,0.24978104,0.35198236
548,0.02798718,0.08052710,0.10997683,0.09772550,0.17211501,0.24232197,0.34004746
549,0.03082260,0.07483333,0.10500376,0.09105180,0.17257662,0.23399672,0.32504852
550,0.03149835,0.08367868,0.10438384,0.09007423,0.17421098,0.23076011,0.32083434
551,0.02868593,0.08048882,0.10530760,0.09216871,0.17250821,0.22949260,0.32166132
552,0.02826492,0.08253942,0.10910432,0.09722456,0.17346309,0.23642720,0.33365177
553,0.02904382,0.07839870,0.11312272,0.10264474,0.18200086,0.24811399,0.35075873
554,0.02921752,0.07964893,0.11090273,0.10066786,0.18038106,0.24655819,0.34722605
555,0.02900346,0.07820265,0.11156595,0.10194957,0.17188822,0.23341818,0.33536775
556,0.02984441,0.07552880,0.10587039,0.09637318,0.17048581,0.22378847,0.32016165
557,0.03130823,0.08511232,0.10249595,0.09166994,0.17054050,0.22365162,0.31532156
558,0.02906170,0.08425596,0.10267645,0.09257475,0.16841850,0.22953416,0.32210892
559,0.02933307,0.07868163,0.10663179,0.09863292,0.17227140,0.24282539,0.34145831
560,0.02762459,0.07848910,0.11084115,0.10317621,0.17696887,0.25256389,0.35574010
561,0.02918770,0.08134761,0.11619271,0.10877550,0.17558980,0.25108254,0.35985804
562,0.03070115,0.08596216,0.10968589,0.09911268,0.17044362,0.24313560,0.34224828
563,0.02767947,0.07500719,0.10421558,0.09147410,0.16751532,0.23533347,0.32680757
564,0.02854467,0.07600907,0.10159343,0.08746557,0.16761589,0.23003931,0.31750488
565,0.02925908,0.08223161,0.10255175,0.08854405,0.16767220,0.22928901,0.31783306
566,0.03081022,0.08194285,0.10633360,0.09440874,0.16737871,0.22891060,0.32331933
567,0.03059682,0.07884216,0.11508291,0.10480547,0.16712922,0.23129547,0.33610094
568,0.03056207,0.07451636,0.11380296,0.10187629,0.16754530,0.23303513,0.33491142
569,0.02940648,0.08319730,0.10481045,0.08981410,0.16664580,0.22689928,0.31671338
570,0.02745309,0.08075829,0.10217241,0.08569711,0.16721180,0.22608778,0.31178489
571,0.03033082,0.07566721,0.10147016,0.08618068,0.16705394,0.22720367,0.31338435
572,0.02801931,0.07698078,0.10756943,0.09641015,0.16626181,0.22885945,0.32526960
573,0.02794132,0.09215034,0.11490811,0.10651228,0.16643266,0.23849940,0.34501168
574,0.02870082,0.07541542,0.11198199,0.10335933,0.17281532,0.25398508,0.35734441
575,0.02611362,0.08670110,0.10690257,0.09707964,0.17320430,0.25508448,0.35216413
576,0.02857635,0.08749610,0.10177004,0.08844003,0.16954651,0.24965292,0.33809295
577,0.02970798,0.06993350,0.10224301,0.08847569,0.16586313,0.24106202,0.32953770
578,0.02906547,0.07543197,0.10606795,0.09516191,0.16467518,0.23626418,0.33142610
579,0.02727706,0.07418801,0.11153929,0.10244046,0.16585760,0.23632893,0.33876939
580,0.02714783,0.08053607,0.11122146,0.10301383,0.16837631,0.24008355,0.34309737
581,0.02704960,0.07358440,0.10751089,0.09825298,0.17345889,0.24694072,0.34519370
582,0.02675704,0.07120435,0.10324710,0.09136772,0.16971846,0.24158315,0.33295088
583,0.02966215,0.06594662,0.10348239,0.09114859,0.16489953,0.22984385,0.32099244
584,0.02892858,0.07523045,0.10133746,0.08682784,0.16296361,0.22329080,0.31011865
585,0.02758552,0.07317129,0.10310470,0.08976598,0.16267554,0.22103658,0.31080256
586,0.02737308,0.07987886,0.10732718,0.09606370,0.16254674,0.22568808,0.32175179
587,0.02761994,0.07849792,0.11150075,0.10274330,0.16681617,0.23532684,0.33807014
588,0.02922739,0.06386149,0.10908481,0.09939671,0.17099440,0.24110641,0.34050311
589,0.02747905,0.07057663,0.10348938,0.08992615,0.17375848,0.24599312,0.33591927
590,0.02629643,0.07530598,0.10177194,0.08772521,0.16744408,0.23797739,0.32570260
591,0.02653226,0.07111640,0.10330518,0.09039926,0.16393076,0.22769727,0.31809653
592,0.02806264,0.07688160,0.10574424,0.09203575,0.16373876,0.22747658,0.31951233
593,0.02665557,0.08424731,0.10712655,0.09313846,0.16310489,0.23568755,0.32882601
594,0.02854929,0.07723545,0.10359378,0.08953597,0.16605200,0.24643017,0.33596614
595,0.02708715,0.07777313,0.10162114,0.08763385,0.16377431,0.24315058,0.33078443
596,0.02582797,0.08956254,0.10089517,0.08751916,0.16387436,0.24311313,0.33063229
597,0.02871455,0.07572278,0.10350586,0.09271100,0.16573229,0.24621521,0.33892621
598,0.02520061,0.07463130,0.11119557,0.10361335,0.16961449,0.25367904,0.35729239
599,0.02926727,0.06948678,0.10593484,0.09756862,0.16938287,0.25543416,0.35300278
600,0.02832505,0.07809478,0.09928256,0.08729298,0.16544466,0.25068671,0.33797969
601,0.02826308,0.07435006,0.10341478,0.09145172,0.16319498,0.24248111,0.33393283
602,0.02905955,0.07462195,0.10432688,0.09301475,0.16168322,0.23928095,0.33229570
603,0.02875655,0.07481455,0.10266546,0.09197456,0.16169329,0.23929782,0.33127238
604,0.02944799,0.07754905,0.10116655,0.08939044,0.16598579,0.24587920,0.33526964
605,0.02957454,0.07238881,0.10126451,0.08851533,0.17394143,0.25448167,0.34299700
606,0.02654015,0.07648281,0.10293995,0.09018043,0.16630760,0.24054642,0.33072685
607,0.02838804,0.07141627,0.10216203,0.08924459,0.16414961,0.23065019,0.31989478
608,0.02959389,0.06317908,0.10534687,0.09423335,0.16402204,0.22890842,0.32314177
609,0.02922730,0.07820805,0.10816780,0.09750695,0.16490032,0.23505655,0.33256350
610,0.02822263,0.06974293,0.10362144,0.09187116,0.16860913,0.24805990,0.33993106
611,0.02667585,0.06972674,0.10121797,0.08859716,0.17227277,0.25646880,0.34506596
612,0.02855120,0.07817385,0.10169224,0.08973414,0.16692966,0.24933365,0.33906779
613,0.02853521,0.07822829,0.10554788,0.09610690,0.16192171,0.23788564,0.33399254
614,0.02946737,0.07000888,0.10519045,0.09572609,0.15892754,0.23495914,0.33068523
615,0.02520417,0.07315028,0.10482839,0.09562334,0.15896852,0.24320258,0.33882592
616,0.02812336,0.07164454,0.10214049,0.09276853,0.16346867,0.25180906,0.34457759
617,0.02850375,0.07340910,0.09858582,0.08819681,0.16512561,0.25329858,0.34149539
618,0.02754159,0.07181940,0.09911586,0.08835005,0.16147670,0.24624331,0.33459336
619,0.02856093,0.07198763,0.10074682,0.09278606,0.15945251,0.23437035,0.32715641
620,0.02843174,0.06677458,0.10689703,0.10044103,0.16587698,0.23060532,0.33104635
621,0.02651622,0.07407509,0.10551309,0.09780147,0.16728735,0.22921266,0.32701413
622,0.02692751,0.07063336,0.09941855,0.08883201,0.16450144,0.23365594,0.32248795
623,0.02481429,0.06257654,0.09820353,0.08577605,0.16831239,0.24118055,0.32695661
624,0.02664736,0.07103467,0.09883469,0.08686104,0.16866137,0.24185874,0.32871977
625,0.02674666,0.07229452,0.10019577,0.08844340,0.16303891,0.23512064,0.32356404
626,0.02778911,0.07565715,0.09934811,0.08714953,0.15828411,0.22581086,0.31296039
627,0.02758889,0.06422281,0.10013606,0.08911455,0.15745535,0.21797410,0.30708864
628,0.02928002,0.07375623,0.11081537,0.10311610,0.15713838,0.21970299,0.32281909
629,0.03277750,0.06820650,0.11047195,0.10221905,0.15822151,0.23062912,0.33284816
630,0.03006975,0.07114515,0.10191128,0.09035278,0.16505796,0.24595653,0.33630931
631,0.02732796,0.06515503,0.09964758,0.08397591,0.17034952,0.25524837,0.33922428
632,0.03070548,0.06832198,0.10026471,0.08718749,0.16734795,0.25186536,0.33905285
633,0.02846611,0.07606482,0.10430715,0.09585639,0.15979695,0.23649299,0.33234938
634,0.02705573,0.06735384,0.10727235,0.10076497,0.16150849,0.22518256,0.32594754
635,0.02672082,0.07652040,0.10596253,0.09933429,0.16267452,0.22428048,0.32361477
636,0.02692217,0.07929458,0.10145546,0.09263728,0.16027805,0.22816414,0.32080141
637,0.02775961,0.07087757,0.09856207,0.08836825,0.16219366,0.24002706,0.32839531
638,0.02906455,0.06358475,0.09828828,0.08765922,0.16371183,0.24415633,0.33181555
639,0.02759139,0.06530511,0.09977928,0.08891699,0.15904050,0.23914824,0.32806524
640,0.02585990,0.06264456,0.10433001,0.09479448,0.15457274,0.23199674,0.32679123
641,0.02902313,0.06963513,0.10377211,0.09517536,0.15498485,0.22942825,0.32460361
642,0.02954007,0.07709055,0.10078695,0.09175440,0.15610521,0.23117335,0.32292775
643,0.02876258,0.06865653,0.10136947,0.09237291,0.15580809,0.23044927,0.32282218
644,0.02734151,0.06950639,0.10226265,0.09287446,0.15466650,0.23044077,0.32331523
645,0.02722355,0.06601330,0.10451896,0.09500936,0.15633772,0.23012361,0.32513297
646,0.02759454,0.06657822,0.10518373,0.09470373,0.15695380,0.22663882,0.32134255
647,0.02800808,0.07177132,0.09992926,0.08773778,0.15755808,0.22446257,0.31220035
648,0.02600826,0.06190052,0.09779236,0.08416636,0.15721816,0.22539788,0.30956424
649,0.02777663,0.07638459,0.09866282,0.08639028,0.15947945,0.23397052,0.32036080
650,0.02391098,0.07092471,0.10184257,0.09170872,0.15861322,0.23487568,0.32658440
651,0.02774374,0.06742140,0.10145742,0.09125522,0.15680659,0.23160055,0.32285577
652,0.02769511,0.06317465,0.09946882,0.08863235,0.15684700,0.22893217,0.31756452
653,0.02823282,0.06819509,0.09932684,0.08842725,0.15632147,0.23196241,0.32038967
654,0.02659821,0.07677832,0.10076940,0.09213342,0.15661180,0.23722824,0.32936166
655,0.02609830,0.07055248,0.10129894,0.09254563,0.15623610,0.23843040,0.33097602
656,0.02680302,0.06397397,0.09924322,0.08928812,0.15962152,0.24635161,0.33563974
657,0.02699967,0.06795403,0.09780806,0.08589632,0.16018021,0.24653628,0.33243261
658,0.02706735,0.07802979,0.09935286,0.08771309,0.15393887,0.23596537,0.32367846
659,0.02608905,0.06808177,0.10090457,0.09069920,0.15549752,0.22180828,0.31250748
660,0.02670021,0.07825321,0.10019584,0.09067895,0.15909442,0.21809386,0.30877281
661,0.02709763,0.07042073,0.09830201,0.08824313,0.15383928,0.22528544,0.31352857
662,0.02669076,0.07924241,0.09621505,0.08518785,0.16102798,0.23994562,0.32513347
663,0.02609646,0.06803799,0.09592264,0.08606602,0.17059307,0.24945788,0.33552390
664,0.02490283,0.07129490,0.09783164,0.08991022,0.16468973,0.24039334,0.33030356
665,0.02719578,0.06457523,0.10715546,0.10308792,0.15720546,0.22496845,0.32805637
666,0.02919929,0.08688060,0.10211457,0.09605252,0.15681666,0.21881413,0.31486665
667,0.02671365,0.06132692,0.09749990,0.08828705,0.15709090,0.21929312,0.30758017
668,0.02625696,0.06894586,0.09749142,0.08714166,0.15653084,0.22297654,0.31011819
669,0.02845830,0.06395051,0.09916149,0.08714620,0.15910362,0.22830185,0.31544805
670,0.02678229,0.06300914,0.09983454,0.08656292,0.16238129,0.23348860,0.32005152
671,0.02735417,0.06609089,0.09825774,0.08521053,0.15958278,0.23164690,0.31685743
672,0.02634911,0.06180667,0.09711184,0.08451868,0.15777984,0.23174202,0.31626070
673,0.02865541,0.06859042,0.09684554,0.08462092,0.15462722,0.22902539,0.31364631
674,0.02576517,0.06237013,0.10045304,0.09076536,0.15357980,0.23145755,0.32222290
675,0.02518369,0.07238038,0.10376675,0.09503634,0.15824959,0.24180704,0.33684339
676,0.02685989,0.06556631,0.10216334,0.09310554,0.16539577,0.25032553,0.34343107
677,0.02552263,0.06808750,0.09865928,0.08826829,0.16317810,0.24976569,0.33803399
678,0.02876731,0.07575863,0.09718134,0.08720101,0.15579896,0.24456240,0.33176342
679,0.02676694,0.06960905,0.09701177,0.08651276,0.15274365,0.23572718,0.32223994
680,0.02666991,0.06871627,0.09712332,0.08702333,0.15107875,0.23282340,0.31984673
681,0.02472589,0.06591135,0.09874380,0.08993694,0.14887895,0.23333713,0.32327408
682,0.02751810,0.06453421,0.09932719,0.09131195,0.15011367,0.23927216,0.33058411
683,0.02638764,0.06314932,0.10068026,0.09229448,0.15470631,0.24490307,0.33719756
684,0.02552097,0.06472570,0.09838365,0.08916035,0.15283026,0.24033242,0.32949277
685,0.02606901,0.06715754,0.09557027,0.08406498,0.15298668,0.23769881,0.32176378
686,0.02657745,0.06536344,0.09586881,0.08264485,0.15252022,0.23578735,0.31843220
687,0.02695976,0.06124426,0.09585256,0.08319600,0.15140326,0.23125409,0.31445009
688,0.02536825,0.06851731,0.09690940,0.08618026,0.15290630,0.22458649,0.31076675
689,0.02708272,0.06600975,0.09547988,0.08330769,0.15080233,0.22582693,0.30913462
690,0.02793093,0.06784938,0.09627794,0.08386394,0.14947912,0.23180038,0.31566432
691,0.02429629,0.06272318,0.09731561,0.08490776,0.15220864,0.24033971,0.32524747
692,0.02848613,0.06104762,0.09957932,0.08899134,0.15605994,0.24500482,0.33399615
693,0.02517935,0.06188931,0.10189444,0.09228895,0.15412766,0.24333078,0.33561973
694,0.02562711,0.06691608,0.10071441,0.09177833,0.14928526,0.23279817,0.32457650
695,0.02528522,0.06669370,0.09533940,0.08580188,0.14925870,0.22930045,0.31510234
696,0.02228313,0.06054793,0.09416657,0.08548238,0.14880550,0.23018302,0.31566540
697,0.02566332,0.06681284,0.09460763,0.08712773,0.14951044,0.23572265,0.32285038
698,0.02575962,0.06765664,0.09507605,0.08856803,0.15021215,0.23917863,0.32774666
699,0.02764491,0.06518461,0.09578002,0.08981051,0.14966293,0.23751901,0.32732952
700,0.02586544,0.06699847,0.09533741,0.08839823,0.15172644,0.24011661,0.32851484
701,0.02669404,0.07053229,0.09810069,0.08959858,0.14916840,0.23326388,0.32286246
702,0.02550364,0.06659485,0.10034076,0.09092625,0.15121013,0.22554809,0.31647434
703,0.02558664,0.07537813,0.09858672,0.08774121,0.14791968,0.22935508,0.31709629
704,0.02490116,0.05823339,0.09654956,0.08443530,0.15261342,0.24014293,0.32457823
705,0.02637211,0.06965759,0.09594505,0.08393316,0.15451199,0.24366933,0.32760249
706,0.02519636,0.06223287,0.09736547,0.08643568,0.14928629,0.23740251,0.32383819
707,0.02651198,0.06817262,0.10008922,0.09180151,0.14635353,0.22802545,0.31982696
708,0.02676920,0.06521014,0.09940252,0.09178554,0.14728519,0.22579095,0.31757649
709,0.02636503,0.07069115,0.09593074,0.08672642,0.14759478,0.22917953,0.31590595
710,0.02622723,0.06822893,0.09548941,0.08660542,0.15060300,0.23305194,0.31965736
711,0.02828936,0.06644316,0.09589017,0.08773292,0.15035564,0.23023042,0.31796334
712,0.02598536,0.05393432,0.10104913,0.09437266,0.15035664,0.22713444,0.32150710
713,0.02626628,0.06959516,0.10027400,0.09292625,0.15091749,0.22434990,0.31727615
714,0.02508131,0.06344435,0.09482480,0.08531302,0.15116617,0.22269589,0.30800891
715,0.02483476,0.05488960,0.09617500,0.08636981,0.15106133,0.22387794,0.31024775
716,0.02778826,0.06076295,0.09637791,0.08663935,0.15144184,0.22844054,0.31507989
717,0.02609449,0.06561048,0.10637840,0.09949999,0.15162309,0.22904179,0.32854177
718,0.02611106,0.06375326,0.11095064,0.10422820,0.15060219,0.22913688,0.33336508
719,0.02684533,0.07219639,0.10330655,0.09400260,0.15128385,0.23374489,0.32774749
720,0.02670854,0.06030230,0.09539999,0.08260217,0.15454566,0.24042809,0.32303026
721,0.02433957,0.07575446,0.09550615,0.08289064,0.15439142,0.24070875,0.32359940
722,0.02796660,0.06389280,0.09474039,0.08235008,0.14986914,0.23026124,0.31261131
723,0.02384823,0.06658798,0.10176770,0.09093938,0.15071863,0.21702802,0.30796740
724,0.02544300,0.07057094,0.10850322,0.09749611,0.14987682,0.21606170,0.31355781
725,0.02655312,0.06503491,0.10298769,0.09188477,0.14625968,0.22393155,0.31581632
726,0.02689575,0.06075541,0.09522596,0.08407057,0.15036297,0.23553681,0.31960738
727,0.02609845,0.06554332,0.09524124,0.08482655,0.15720601,0.24367654,0.32850309
728,0.02582376,0.06363104,0.09474774,0.08385073,0.15512179,0.24253316,0.32638389
729,0.02724848,0.06206805,0.09425499,0.08350616,0.14807932,0.23671716,0.32022332
730,0.02636501,0.05955310,0.10399660,0.09762163,0.14811191,0.23215979,0.32978143
731,0.02475408,0.06263967,0.10746854,0.10202844,0.14892574,0.23108937,0.33311781
732,0.02700007,0.06935792,0.09948821,0.09131517,0.14487734,0.23325859,0.32457376
733,0.02488532,0.07239010,0.09497332,0.08522864,0.14928640,0.24086726,0.32609590
734,0.02568994,0.06804639,0.09459432,0.08552740,0.15028599,0.24237813,0.32790553
735,0.02423841,0.06011949,0.09573032,0.08774888,0.15292247,0.24489601,0.33264489
736,0.02394085,0.06299594,0.09687901,0.08873867,0.14750209,0.23739392,0.32613259
737,0.02676564,0.07371189,0.09792781,0.08881731,0.14690374,0.22930908,0.31812640
738,0.02417450,0.06686414,0.09704649,0.08748332,0.14904359,0.22330581,0.31078912
739,0.02440419,0.06777790,0.09524464,0.08616643,0.14577504,0.22254495,0.30871139
740,0.02771991,0.05889726,0.09601151,0.08607062,0.14657702,0.23191561,0.31798623
741,0.02415232,0.07066081,0.09865638,0.08806571,0.15987462,0.24496485,0.33303056
742,0.02732574,0.06514429,0.09797696,0.08792993,0.16266841,0.24753691,0.33546685
743,0.02398062,0.06467558,0.09594998,0.08577011,0.15161623,0.23742470,0.32319481
744,0.02506846,0.06712534,0.09616853,0.08618115,0.14788575,0.23168904,0.31787018
745,0.02288596,0.07338957,0.09702310,0.08779306,0.14776458,0.22884361,0.31663667
746,0.02560345,0.06267540,0.09739974,0.08939220,0.14674391,0.22706139,0.31645359
747,0.02428305,0.07033628,0.09645892,0.08836323,0.14762725,0.23057346,0.31893669
748,0.02434672,0.06481954,0.09504341,0.08640431,0.15043020,0.23475446,0.32115877
749,0.02588725,0.06813733,0.09568493,0.08655746,0.15252727,0.23810776,0.32466522
750,0.02614364,0.06211725,0.09438244,0.08508648,0.15223457,0.23801170,0.32309818
751,0.02469247,0.06343155,0.09294854,0.08357305,0.15039524,0.23378852,0.31736157
752,0.02518544,0.05461818,0.09442146,0.08541140,0.14829871,0.22769199,0.31310339
753,0.02553357,0.06495245,0.09827928,0.08878808,0.14878030,0.22388951,0.31267759
754,0.02566823,0.06814136,0.10404465,0.09510462,0.15113737,0.22529462,0.32039924
755,0.02922839,0.05771155,0.09857611,0.08894276,0.15382949,0.22928838,0.31823114
756,0.02486084,0.06580512,0.09515036,0.08567107,0.15477781,0.23457234,0.32024341
757,0.02559983,0.06323716,0.09481027,0.08487466,0.15172242,0.23568672,0.32056138
758,0.02607260,0.05992663,0.09452555,0.08547837,0.14401841,0.23022984,0.31570821
759,0.02553107,0.06117188,0.09577873,0.08936580,0.14258668,0.22918119,0.31854698
760,0.02579453,0.06136156,0.09617501,0.09018839,0.14339031,0.23017649,0.32036489
761,0.02688023,0.05778904,0.09644274,0.08969720,0.14441487,0.22925194,0.31894913
762,0.02669847,0.05644851,0.09388675,0.08577809,0.14438479,0.22753559,0.31331368
763,0.02778366,0.05574764,0.09240580,0.08356228,0.14512067,0.22505841,0.30862069
764,0.02502981,0.07263714,0.09250785,0.08306681,0.14501658,0.22344492,0.30651173
765,0.02487690,0.06025240,0.09333920,0.08483273,0.14428401,0.22395560,0.30878833
766,0.02471931,0.07283443,0.09635460,0.09001026,0.14667085,0.22971471,0.31972497
767,0.02816383,0.06452743,0.09677259,0.09098729,0.14518681,0.22770883,0.31869612
768,0.02530917,0.05279815,0.09435578,0.08837970,0.14289108,0.22431058,0.31269027
769,0.02375432,0.06097708,0.09166496,0.08514158,0.14126171,0.22147499,0.30661657
770,0.02374625,0.06538378,0.09178604,0.08366643,0.14095311,0.22431242,0.30797885
771,0.02320106,0.06038872,0.09196786,0.08409721,0.14204726,0.22767620,0.31177340
772,0.02633235,0.05860182,0.09399975,0.08935770,0.14104220,0.22919902,0.31855673
773,0.02426499,0.05697064,0.09450769,0.09009434,0.13943997,0.23034950,0.32044383
774,0.02169270,0.05366370,0.09439483,0.08965582,0.13850434,0.23221599,0.32187180
775,0.02532525,0.05804043,0.09368015,0.08828136,0.13820088,0.23401785,0.32229921
776,0.02350644,0.05337287,0.09332503,0.08730730,0.13956973,0.23999846,0.32730576
777,0.02477977,0.06336994,0.09318192,0.08702663,0.14235361,0.24441452,0.33144115
778,0.02232816,0.05997172,0.09437960,0.08640298,0.14566533,0.24826178,0.33466476
779,0.02683466,0.06654540,0.09350408,0.08515316,0.14403094,0.24607153,0.33122469
780,0.02447231,0.06094923,0.09300620,0.08443526,0.14238788,0.24013545,0.32457071
781,0.02688164,0.06006959,0.09371203,0.08393987,0.14232008,0.23894177,0.32288164
782,0.02520167,0.06052538,0.09515519,0.08609250,0.14220645,0.23878711,0.32487962
783,0.02391841,0.05335269,0.09665783,0.08954678,0.14292800,0.23955317,0.32909995
784,0.02456268,0.05931631,0.09440970,0.08671670,0.14397700,0.24099465,0.32771134
785,0.02391953,0.06030630,0.09268687,0.08422341,0.14619726,0.24302039,0.32724380
786,0.02588619,0.05690567,0.09100015,0.08211426,0.14271444,0.23631471,0.31842898
787,0.02485732,0.06799153,0.09143900,0.08382621,0.13956787,0.22759919,0.31142540
788,0.02435650,0.05752322,0.09218287,0.08488380,0.14012784,0.22313905,0.30802285
789,0.02476006,0.05941357,0.09337337,0.08712225,0.13936819,0.22661579,0.31373803
790,0.02684976,0.05596311,0.09345668,0.08678312,0.14672267,0.23639560,0.32317872
791,0.02409776,0.05851068,0.09146647,0.08439548,0.15411149,0.24228373,0.32667921
792,0.02117381,0.05843446,0.09214474,0.08395641,0.14886671,0.23773603,0.32169244
793,0.02531173,0.06235217,0.09253768,0.08326570,0.14237757,0.23264071,0.31590641
794,0.02253642,0.05868436,0.09674548,0.08932304,0.13992938,0.22895686,0.31827991
795,0.02696315,0.05938506,0.09889360,0.09360490,0.13852705,0.23001002,0.32361492
796,0.02414376,0.06042941,0.09683359,0.09284344,0.13836385,0.23429598,0.32713942
797,0.02516844,0.06218215,0.09491320,0.09053933,0.14694718,0.24606267,0.33660199
798,0.02428643,0.06732829,0.09263824,0.08743127,0.14859828,0.24654332,0.33397459
799,0.02513434,0.05818312,0.09145209,0.08535966,0.14305791,0.23953658,0.32489625
800,0.02499595,0.06163370,0.08984615,0.08202142,0.13872062,0.23263262,0.31465404
801,0.02509074,0.05904731,0.09066554,0.07971276,0.14317223,0.22857764,0.30829041
802,0.02506473,0.06244053,0.09307750,0.08254291,0.13969269,0.22883900,0.31138191
803,0.02347160,0.06091506,0.09567142,0.08570964,0.14038432,0.23729974,0.32300938
804,0.02536932,0.05959986,0.09458050,0.08443449,0.15159243,0.24865319,0.33308768
805,0.02596105,0.05859603,0.09503068,0.08412888,0.15401869,0.24969132,0.33382020
806,0.02554977,0.05977911,0.09235360,0.08261611,0.14396855,0.23825760,0.32087371
807,0.02687327,0.05323324,0.09129788,0.08389190,0.13921049,0.22577807,0.30966997
808,0.02387916,0.05541421,0.09076488,0.08366041,0.14011739,0.22524798,0.30890839
809,0.02448982,0.05177136,0.09198421,0.08514578,0.13891259,0.22789940,0.31304518
810,0.02534849,0.05740150,0.09129995,0.08594672,0.13891579,0.23498131,0.32092803
811,0.02444484,0.06070017,0.09337032,0.08789573,0.14771038,0.24494369,0.33283942
812,0.02573656,0.05268900,0.09660855,0.09104750,0.15061419,0.24787608,0.33892357
813,0.02254243,0.06101476,0.09728135,0.09102482,0.14638767,0.24441539,0.33544020
814,0.02647804,0.06076921,0.09367115,0.08570561,0.13960816,0.23541769,0.32112330
815,0.02505425,0.05779874,0.09323755,0.08401831,0.14184804,0.22980514,0.31382345
816,0.02475886,0.05977420,0.09490451,0.08461013,0.14163220,0.22860233,0.31321247
817,0.02603430,0.05948335,0.09471131,0.08509658,0.13825972,0.23277029,0.31786687
818,0.02749953,0.06601248,0.09344177,0.08578324,0.14779939,0.24432221,0.33010545
819,0.02569403,0.05694529,0.09374715,0.08744976,0.15346755,0.24835964,0.33580939
820,0.02693680,0.05369600,0.09400416,0.08834545,0.15115240,0.24518637,0.33353183
821,0.02611288,0.06299092,0.09259783,0.08724055,0.14115435,0.23586696,0.32310752
822,0.02353935,0.06328108,0.09208978,0.08670974,0.13797624,0.23165303,0.31836277
823,0.02441300,0.05834568,0.09838629,0.09394137,0.14075126,0.22910322,0.32304459
824,0.02462197,0.06501999,0.10136560,0.09685357,0.13825715,0.23212467,0.32897824
825,0.02537847,0.05239756,0.09628092,0.09011471,0.14019573,0.23665766,0.32677238
826,0.02407623,0.06461927,0.09045457,0.08242106,0.15011011,0.24433511,0.32675617
827,0.02564623,0.06048820,0.09173997,0.08502057,0.14787103,0.24263960,0.32766017
828,0.02287102,0.05323014,0.09552408,0.09010121,0.14132896,0.23629552,0.32639673
829,0.02287397,0.06434907,0.09760496,0.09095851,0.13644271,0.22708817,0.31804667
830,0.02310617,0.05143012,0.09745751,0.09036991,0.14055651,0.22307383,0.31344374
831,0.02160460,0.05771659,0.09470280,0.08840060,0.13951913,0.22283620,0.31123680
832,0.02478871,0.06006540,0.09195139,0.08631524,0.13588224,0.22713453,0.31344977
833,0.02462129,0.05426200,0.09056585,0.08321401,0.14356326,0.23798479,0.32119881
834,0.02454055,0.05804575,0.09153319,0.08338451,0.15028395,0.24301679,0.32640130
835,0.02429250,0.05786951,0.09242497,0.08519263,0.14674935,0.23983221,0.32502484
836,0.02334904,0.05068013,0.09393471,0.08851206,0.14095955,0.23514859,0.32366066
837,0.02698566,0.05383132,0.09137516,0.08583497,0.14019404,0.22982737,0.31566235
838,0.02374907,0.05429249,0.09169169,0.08866703,0.13830104,0.22703736,0.31570438
839,0.02507668,0.05719791,0.09211911,0.08959905,0.13467826,0.22890578,0.31850483
840,0.02431818,0.05834128,0.09170932,0.08778086,0.14000326,0.23779123,0.32557208
841,0.02560625,0.06083772,0.09406767,0.08782547,0.14090687,0.24015668,0.32798215
842,0.02419633,0.06051489,0.09445690,0.08904280,0.13710761,0.23586386,0.32490666
843,0.02129993,0.06669761,0.09267419,0.08761494,0.13634589,0.23385197,0.32146691
844,0.02524675,0.05977865,0.09047475,0.08418705,0.13737087,0.23232798,0.31651504
845,0.02464311,0.05462445,0.09003168,0.08385980,0.14157772,0.23279776,0.31665756
846,0.02331352,0.05466520,0.09059104,0.08427949,0.14306575,0.23186821,0.31614769
847,0.02483281,0.05801410,0.09289091,0.08746821,0.14083439,0.23087072,0.31833894
848,0.02324459,0.06078125,0.09587706,0.09243266,0.14028747,0.23247983,0.32491249
849,0.02406757,0.05584646,0.09279482,0.08997346,0.14435647,0.23705328,0.32702674
850,0.02328822,0.05963101,0.09193256,0.08720356,0.14996307,0.24226308,0.32946664
851,0.02462644,0.05564379,0.09268786,0.08642413,0.14591318,0.23851299,0.32493713
852,0.02554620,0.06155651,0.09194691,0.08657718,0.13974284,0.23081985,0.31739704
853,0.02310888,0.05472645,0.09551942,0.09225669,0.13522446,0.21958107,0.31183776
854,0.02237654,0.05924053,0.09362962,0.08996861,0.13711633,0.21682867,0.30679729
855,0.02271153,0.05296652,0.09107607,0.08463912,0.13873526,0.22085129,0.30549041
856,0.02597145,0.05052825,0.09003791,0.08338284,0.13972043,0.22630452,0.30968736
857,0.02331523,0.05302350,0.08974662,0.08300596,0.14096931,0.23101966,0.31402562
858,0.02298298,0.05434175,0.09055172,0.08315976,0.14152050,0.23356447,0.31672423
859,0.02444794,0.06223436,0.09346846,0.08648402,0.13878259,0.23017590,0.31665992
860,0.02311773,0.05300437,0.09560569,0.09079191,0.13678057,0.22871815,0.31951006
861,0.02292087,0.05245673,0.09651480,0.09440758,0.13482523,0.22902052,0.32342810
862,0.02481566,0.04952004,0.09134590,0.08667338,0.13405634,0.22986028,0.31653365
863,0.02543655,0.05782861,0.09059833,0.08440488,0.13347542,0.23039207,0.31479695
864,0.02292209,0.05775730,0.09228727,0.08599699,0.13369516,0.23121780,0.31721479
865,0.02446693,0.05513883,0.09300647,0.08949796,0.13411729,0.23315783,0.32265579
866,0.02573837,0.05216843,0.09316138,0.08957630,0.13302697,0.23314999,0.32272629
867,0.02486596,0.05309572,0.09538307,0.09232479,0.13382889,0.23487814,0.32720293
868,0.02313318,0.05212306,0.09293116,0.08775087,0.13321099,0.23480833,0.32255920
869,0.02396324,0.05283961,0.09531721,0.08680933,0.13232537,0.23362403,0.32043336
870,0.02250365,0.05365233,0.09437528,0.08475605,0.13343149,0.23392417,0.31868022
871,0.02255976,0.06238325,0.09151906,0.08388672,0.13777369,0.23870847,0.32259519
872,0.02348600,0.06028841,0.09264992,0.08639941,0.14084384,0.24091332,0.32731273
873,0.02453613,0.05360096,0.09550656,0.08835201,0.13689269,0.23541954,0.32377155
874,0.02362551,0.05810815,0.09470662,0.08615936,0.13283293,0.22790734,0.31406671
875,0.02444881,0.05970055,0.09153400,0.08311557,0.13281617,0.22299996,0.30611553
876,0.02400658,0.05290199,0.09023366,0.08459865,0.13369165,0.22322732,0.30782597
877,0.02508425,0.05993341,0.09057972,0.08658367,0.13238628,0.22126064,0.30784430
878,0.02507356,0.05166158,0.09256078,0.08858864,0.13130763,0.22000968,0.30859832
879,0.02342650,0.05862306,0.09171429,0.08732878,0.12990659,0.21765369,0.30498247
880,0.02274504,0.04955043,0.09016101,0.08579145,0.12856190,0.21675867,0.30255011
881,0.02565129,0.05746254,0.09131685,0.08737883,0.12824528,0.22099595,0.30837478
882,0.02445984,0.06108356,0.09513316,0.09200267,0.13153590,0.22849445,0.32049712
883,0.02482527,0.05588242,0.09289683,0.08843563,0.13324638,0.23043290,0.31886853
884,0.02114703,0.06158717,0.08935239,0.08288398,0.12936671,0.22527559,0.30815957
885,0.02428902,0.05675330,0.08931044,0.08370727,0.13029234,0.22362138,0.30732866
886,0.02467877,0.05484568,0.09006658,0.08477215,0.13221782,0.22418621,0.30895837
887,0.02221787,0.04583666,0.09158707,0.08579434,0.13340344,0.22641520,0.31220954
888,0.02480591,0.05654757,0.09102338,0.08485112,0.13321555,0.23064318,0.31549430
889,0.02231564,0.05594715,0.09033839,0.08417296,0.13726377,0.23736936,0.32154232
890,0.02196776,0.05495175,0.08877736,0.08277594,0.14188270,0.24347498,0.32625092
891,0.02346674,0.05450441,0.08790457,0.08208960,0.13907841,0.24285649,0.32494608
892,0.02391881,0.05340805,0.08788877,0.08169422,0.13128340,0.23565699,0.31735121
893,0.02295647,0.05052974,0.08864579,0.08305737,0.13086784,0.22967929,0.31273665
894,0.02243767,0.05698675,0.08824573,0.08168001,0.13009176,0.22821453,0.30989455
895,0.02488576,0.05098808,0.09005701,0.08370948,0.13034409,0.23210454,0.31581402
896,0.02277051,0.04848126,0.09231875,0.08718856,0.13549474,0.24042870,0.32761726
897,0.02263331,0.05536405,0.09023302,0.08509035,0.14421050,0.24749306,0.33258341
898,0.02226300,0.04987860,0.08783636,0.08313403,0.14437993,0.24572621,0.32886025
899,0.02209662,0.05696610,0.08727637,0.08190671,0.13666773,0.23743156,0.31933826
900,0.02138493,0.04304464,0.08763436,0.08368662,0.13406865,0.23223083,0.31591745
901,0.02326228,0.05890311,0.08625745,0.08241625,0.13449022,0.23062173,0.31303798
902,0.02264358,0.04894650,0.08960848,0.08686138,0.13344882,0.22942246,0.31628384
903,0.01927729,0.05164972,0.09660011,0.09383959,0.13281488,0.22763538,0.32147498
904,0.02304651,0.05029475,0.09598509,0.09354641,0.13272928,0.23154975,0.32509616
905,0.02381303,0.05060553,0.08865840,0.08658087,0.13659838,0.23677909,0.32335997
906,0.02271188,0.04330732,0.08614449,0.08356801,0.13989723,0.23918782,0.32275583
907,0.02460921,0.05408640,0.08642405,0.08301421,0.13757604,0.23693171,0.31994592
908,0.02223605,0.04989831,0.08898395,0.08516622,0.13308626,0.23162659,0.31679280
909,0.02427205,0.05186762,0.09157003,0.08814050,0.13200469,0.22736792,0.31550842
910,0.02309583,0.05068854,0.08655733,0.08286865,0.13071582,0.22702867,0.30989732
911,0.02292745,0.05729102,0.08642511,0.08224569,0.12772687,0.22920519,0.31145088
912,0.02280358,0.05937021,0.09172189,0.08769304,0.13259353,0.23640056,0.32409360
913,0.02486803,0.05328422,0.09405293,0.08986817,0.14047371,0.24363214,0.33350030
914,0.02473377,0.05017517,0.09046618,0.08445107,0.13788982,0.24018592,0.32463699
915,0.02269246,0.05350692,0.08789369,0.08269555,0.12833020,0.22989160,0.31258715
916,0.02435499,0.05070087,0.08658127,0.08149534,0.12729402,0.22762927,0.30912461
917,0.02347559,0.05662768,0.08993319,0.08563714,0.12909123,0.22920242,0.31483956
918,0.02261789,0.05565048,0.09018198,0.08549996,0.12913497,0.23240352,0.31790347
919,0.02506153,0.05277207,0.08748282,0.08270477,0.12994909,0.23569264,0.31839740
920,0.02113576,0.04953368,0.08589125,0.08046558,0.13233706,0.23979491,0.32026049
921,0.02368759,0.04828798,0.08606272,0.08140111,0.13180156,0.23982666,0.32122777
922,0.02166683,0.05006650,0.08912896,0.08631474,0.13012707,0.23692234,0.32323708
923,0.02325135,0.04939804,0.09119855,0.08917306,0.12974575,0.23417969,0.32335275
924,0.02156231,0.04931486,0.08963186,0.08674017,0.12949063,0.23124011,0.31798028
925,0.02071328,0.04926455,0.08717102,0.08347854,0.12889348,0.23052958,0.31400812
926,0.02267588,0.05662937,0.08770217,0.08544417,0.12827472,0.23368797,0.31913214
927,0.02137725,0.04947357,0.08839910,0.08583397,0.12968461,0.23471121,0.32054519
928,0.02233701,0.06020213,0.08893127,0.08599166,0.12946275,0.23341200,0.31940366
929,0.02204951,0.04666001,0.08836360,0.08617769,0.12790453,0.23163131,0.31780900
930,0.02304935,0.05750141,0.08799548,0.08649559,0.12887676,0.23153993,0.31803552
931,0.02209815,0.05394322,0.08932212,0.08799518,0.12883392,0.23039275,0.31838793
932,0.02079763,0.05528381,0.09154198,0.09032769,0.12895000,0.22903457,0.31936226
933,0.02441606,0.04820598,0.08819731,0.08623238,0.12937589,0.23168737,0.31791975
934,0.02326448,0.04830052,0.08635223,0.08364326,0.13274856,0.23706177,0.32070503
935,0.02350472,0.05762187,0.08636982,0.08405108,0.13283052,0.23846807,0.32251915
936,0.02213451,0.05591696,0.08594720,0.08466851,0.13193540,0.23845729,0.32312580
937,0.02334736,0.05038806,0.08578872,0.08368747,0.12863956,0.23408248,0.31776994
938,0.02370277,0.04922111,0.08669274,0.08537117,0.12884964,0.22825778,0.31362894
939,0.02287138,0.05497859,0.08786103,0.08607585,0.12948340,0.22531991,0.31139576
940,0.02312537,0.04949849,0.08876303,0.08760911,0.12834232,0.22192739,0.30953650
941,0.02059698,0.05418560,0.08692244,0.08572720,0.12576497,0.22249039,0.30821759
942,0.02191720,0.04901547,0.08607259,0.08373205,0.12717405,0.22469409,0.30842613
943,0.02247981,0.05161475,0.08485862,0.08329933,0.12948632,0.22554114,0.30884048
944,0.02549306,0.05358462,0.08556717,0.08432774,0.13058589,0.22488461,0.30921235
945,0.02121737,0.05160411,0.08745379,0.08519728,0.13159111,0.22500977,0.31020705
946,0.02270947,0.05454879,0.08487190,0.08198344,0.13228928,0.22461152,0.30659496
947,0.02209409,0.05368997,0.08614432,0.08434020,0.13174665,0.22190589,0.30624609
948,0.02234683,0.04822937,0.08688453,0.08533168,0.12932512,0.21966442,0.30499610
949,0.02495155,0.05597346,0.08943482,0.08503292,0.12562999,0.22175536,0.30678827
950,0.02488284,0.05105469,0.09218674,0.08743090,0.12746786,0.22653598,0.31396688
951,0.02133761,0.04642174,0.09114870,0.08756620,0.13283284,0.23376882,0.32133503
952,0.02406877,0.05540865,0.08696233,0.08377419,0.13485534,0.23520382,0.31897800
953,0.02337884,0.05078052,0.08612784,0.08135020,0.13116319,0.23002216,0.31137236
954,0.02377260,0.04808312,0.08553310,0.08056380,0.12989596,0.22614270,0.30670650
955,0.02403469,0.05183030,0.08493453,0.08110973,0.13289967,0.22469018,0.30579992
956,0.02099739,0.05235993,0.08599004,0.08352259,0.13483761,0.22642256,0.30994515
957,0.02089556,0.05362650,0.08558008,0.08408024,0.13362288,0.22949080,0.31357104
958,0.02104803,0.05400471,0.08696109,0.08571308,0.13305263,0.23227885,0.31799193
959,0.02240025,0.05606396,0.08844359,0.08684851,0.13124664,0.23233120,0.31917971
960,0.02092353,0.05258049,0.08746542,0.08511272,0.12736341,0.22696991,0.31208263
961,0.02449440,0.05699338,0.08532865,0.08217762,0.12630703,0.22435212,0.30652975
962,0.02196010,0.04731464,0.08454320,0.08086871,0.12636915,0.22329694,0.30416565
963,0.02345371,0.04940689,0.08706788,0.08478486,0.12699749,0.22329459,0.30807944
964,0.02265524,0.04844950,0.08818021,0.08676151,0.12897825,0.22696511,0.31372663
965,0.02266204,0.04487286,0.08534046,0.08216096,0.13030650,0.23000169,0.31216265
966,0.02283504,0.04959946,0.08502454,0.08207324,0.12898009,0.22982556,0.31189880
967,0.02263166,0.04943027,0.08802991,0.08436033,0.12799454,0.23014446,0.31450479
968,0.02280865,0.04934243,0.09087223,0.08715390,0.12657197,0.22907324,0.31622715
969,0.02083049,0.05015734,0.09068672,0.08940874,0.12654705,0.23032458,0.31973332
970,0.02398939,0.05188181,0.08667098,0.08762982,0.12594701,0.23203605,0.31966588
971,0.02273319,0.05131735,0.08420999,0.08445856,0.12601259,0.23107608,0.31553464
972,0.02301669,0.04765970,0.08504153,0.08389170,0.12548375,0.22756252,0.31145421
973,0.01939522,0.05171767,0.08577491,0.08458844,0.12632418,0.22514722,0.30973566
974,0.02157813,0.04760446,0.08533849,0.08392183,0.12746464,0.22288996,0.30681179
975,0.02153367,0.04427427,0.08494753,0.08406378,0.12905522,0.22101757,0.30508135
976,0.02312185,0.04967666,0.08587931,0.08511905,0.13127843,0.22394866,0.30906771
977,0.02132316,0.04992568,0.08614854,0.08519237,0.13349131,0.22632545,0.31151782
978,0.02477635,0.05365726,0.08464525,0.08391616,0.13540967,0.22860768,0.31252385
979,0.02059735,0.05762751,0.08367151,0.08374260,0.13312641,0.22792774,0.31167034
980,0.01984761,0.05522890,0.08381008,0.08399211,0.12826966,0.22239915,0.30639125
981,0.02070558,0.04752715,0.08447919,0.08455843,0.12829761,0.21863595,0.30319438
982,0.02137484,0.04743296,0.08603365,0.08588951,0.12650749,0.21905795,0.30494746
983,0.01960177,0.05347751,0.08541421,0.08519930,0.12432351,0.22455154,0.30975084
984,0.02063234,0.04659079,0.08370633,0.08184816,0.12530617,0.22930102,0.31114918
985,0.02381239,0.05170193,0.08525203,0.08043145,0.12692678,0.23129663,0.31172808
986,0.02289939,0.04846560,0.08696882,0.08276646,0.12969857,0.23204781,0.31481427
987,0.02323011,0.04067025,0.08354112,0.08069023,0.13177587,0.23097113,0.31166136
988,0.02338363,0.05730797,0.08778845,0.08593678,0.13383909,0.22837654,0.31431332
989,0.02151679,0.04755035,0.08425061,0.08309469,0.13377386,0.22560905,0.30870374
990,0.02148654,0.04754981,0.08312536,0.08269992,0.13037747,0.22368157,0.30638149
991,0.02155969,0.05185020,0.08324264,0.08299868,0.12787831,0.22393624,0.30693492
992,0.02079654,0.04762663,0.08267494,0.08284979,0.12952553,0.22945902,0.31230880
993,0.02217014,0.04726064,0.08482759,0.08552782,0.13333048,0.23567596,0.32120378
994,0.02103547,0.05581915,0.08630235,0.08745431,0.13085729,0.23236352,0.31981783
995,0.02358391,0.05370272,0.08726363,0.08710826,0.12409489,0.22344320,0.31055146
996,0.02247825,0.05185810,0.08692446,0.08380363,0.12232915,0.21964514,0.30344877
997,0.02060658,0.04665410,0.08856594,0.08481831,0.12374640,0.22033720,0.30515551
998,0.02389223,0.04332242,0.08408152,0.08264232,0.12409985,0.22241984,0.30506216
999,0.02302783,0.04975091,0.08680686,0.08790015,0.12776463,0.23050693,0.31840708
1000,0.02189966,0.04954355,0.08899420,0.08951385,0.13426994,0.23608632,0.32560018
