tem,fcr,Al,Zr,Sn,Mo,Cr,Nb,Si,V,Ta,Fe,T1,t1,T2,t2,T3,t3,C1_1,C1_2,C1_3,C2_1,C2_2,C2_3,C3_1,C3_2,C3_3,YS,FS,UTS,imgf,,,,
25,0,6.5,2,0,1,0,0,0.15,1,0,0,1020,1,-1,-1,-1,-1,1,0,0,0,0,0,0,0,0,1014.805,14.697,1369.012,0.65054,965.7821034,28.12046464,1291.993977,1.167228694
25,1000,6.5,2,0,1,0,0,0.15,1,0,0,1020,1,-1,-1,-1,-1,1,0,0,0,0,0,0,0,0,1201.408,8.770348,1552.339688,0.65054,2130.189401,87.2606438,2325.920273,0.943016826
25,1500,6.5,2,0,1,0,0,0.15,1,0,0,1020,1,-1,-1,-1,-1,1,0,0,0,0,0,0,0,0,1217.772,8.796732,1547.171923,0.65054,111.48,0.7729798,315.1366667,0.944321361
25,2000,6.5,2,0,1,0,0,0.15,1,0,0,1020,1,-1,-1,-1,-1,1,0,0,0,0,0,0,0,0,1308.47,8.119854,1568.574986,0.65054,,,,0.90954822
25,2500,6.5,2,0,1,0,0,0.15,1,0,0,1020,1,-1,-1,-1,-1,1,0,0,0,0,0,0,0,0,1346.9,9.730527,1612.882019,0.65054,,,,0.988136362
25,3000,6.5,2,0,1,0,0,0.15,1,0,0,1020,1,-1,-1,-1,-1,1,0,0,0,0,0,0,0,0,1359.723,7.688555,1550.179191,0.65054,,,,
25,3500,6.5,2,0,1,0,0,0.15,1,0,0,1020,1,-1,-1,-1,-1,1,0,0,0,0,0,0,0,0,1320.444,8.743894,1557.534968,0.65054,,,,
350,0,6.5,2,0,1,0,0,0.15,1,0,0,1020,1,-1,-1,-1,-1,1,0,0,0,0,0,0,0,0,749.29,12.501,972.6355036,0.65054,,,,
450,0,6.5,2,0,1,0,0,0.15,1,0,0,1020,1,-1,-1,-1,-1,1,0,0,0,0,0,0,0,0,609.088,9.303,933.3980912,0.65054,,,,
550,0,6.5,2,0,1,0,0,0.15,1,0,0,1020,1,-1,-1,-1,-1,1,0,0,0,0,0,0,0,0,641.512,22.889,844.034269,0.65054,,,,
25,0,6.5,2,0,1,0,0,0.15,1,0,0,1020,1,-1,-1,-1,-1,0,1,0,0,0,0,0,0,0,895.747974,20.7097973,1326.343426,0.46637,,,,
25,1500,6.5,2,0,1,0,0,0.15,1,0,0,1020,1,-1,-1,-1,-1,0,1,0,0,0,0,0,0,0,1027.362,9.420668,1450.134883,0.46637,,,,
25,2000,6.5,2,0,1,0,0,0.15,1,0,0,1020,1,-1,-1,-1,-1,0,1,0,0,0,0,0,0,0,1005.941,17.850515,1421.102856,0.46637,,,,
25,3000,6.5,2,0,1,0,0,0.15,1,0,0,1020,1,-1,-1,-1,-1,0,1,0,0,0,0,0,0,0,1155.404,15.339323,1395.397271,0.46637,,,,
25,3500,6.5,2,0,1,0,0,0.15,1,0,0,1020,1,-1,-1,-1,-1,0,1,0,0,0,0,0,0,0,1214.83,16.620665,1420.151642,0.46637,,,,
350,0,6.5,2,0,1,0,0,0.15,1,0,0,1020,1,-1,-1,-1,-1,0,1,0,0,0,0,0,0,0,583.294,32.407,895.0184649,0.46637,,,,
450,0,6.5,2,0,1,0,0,0.15,1,0,0,1020,1,-1,-1,-1,-1,0,1,0,0,0,0,0,0,0,486.15,32.108,861.590835,0.46637,,,,
550,0,6.5,2,0,1,0,0,0.15,1,0,0,1020,1,-1,-1,-1,-1,0,1,0,0,0,0,0,0,0,539.098,64.328,732.6290088,0.46637,,,,
25,0,6.5,2,0,1,0,0,0.15,1,0,0,1020,1,-1,-1,-1,-1,0,0,1,0,0,0,0,0,0,816.258752,30.2416763,1171.356749,0.72069,,,,
25,1500,6.5,2,0,1,0,0,0.15,1,0,0,1020,1,-1,-1,-1,-1,0,0,1,0,0,0,0,0,0,1047.098,11.417498,1296.721321,0.72069,,,,
25,2500,6.5,2,0,1,0,0,0.15,1,0,0,1020,1,-1,-1,-1,-1,0,0,1,0,0,0,0,0,0,1069.224,17.859633,1322.386776,0.72069,,,,
25,3000,6.5,2,0,1,0,0,0.15,1,0,0,1020,1,-1,-1,-1,-1,0,0,1,0,0,0,0,0,0,1064.848,13.181578,1268.921658,0.72069,,,,
25,3500,6.5,2,0,1,0,0,0.15,1,0,0,1020,1,-1,-1,-1,-1,0,0,1,0,0,0,0,0,0,1106.049,20.895525,1383.595212,0.72069,,,,
350,0,6.5,2,0,1,0,0,0.15,1,0,0,1020,1,-1,-1,-1,-1,0,0,1,0,0,0,0,0,0,422.784,51.194,770.7734244,0.72069,,,,
450,0,6.5,2,0,1,0,0,0.15,1,0,0,1020,1,-1,-1,-1,-1,0,0,1,0,0,0,0,0,0,415.676,46.48,744.0742777,0.72069,,,,
550,0,6.5,2,0,1,0,0,0.15,1,0,0,1020,1,-1,-1,-1,-1,0,0,1,0,0,0,0,0,0,388.3,66.313,639.4253814,0.72069,,,,
25,0,6.5,2,0,1,0,0,0.15,1,0,0,900,1,-1,-1,-1,-1,1,0,0,0,0,0,0,0,0,935.498142,22.290608,1366.575776,0.04354,,,,
25,1500,6.5,2,0,1,0,0,0.15,1,0,0,900,1,-1,-1,-1,-1,1,0,0,0,0,0,0,0,0,962.8904,9.846543,1474.096935,0.04354,,,,
25,2000,6.5,2,0,1,0,0,0.15,1,0,0,900,1,-1,-1,-1,-1,1,0,0,0,0,0,0,0,0,1022.841,16.386873,1562.551445,0.04354,,,,
25,3000,6.5,2,0,1,0,0,0.15,1,0,0,900,1,-1,-1,-1,-1,1,0,0,0,0,0,0,0,0,1157.346,18.48665,1566.989436,0.04354,,,,
25,3500,6.5,2,0,1,0,0,0.15,1,0,0,900,1,-1,-1,-1,-1,1,0,0,0,0,0,0,0,0,1234.281,18.206391,1594.54298,0.04354,,,,
350,0,6.5,2,0,1,0,0,0.15,1,0,0,900,1,-1,-1,-1,-1,1,0,0,0,0,0,0,0,0,580.288,27.403,1014.960958,0.04354,,,,
450,0,6.5,2,0,1,0,0,0.15,1,0,0,900,1,-1,-1,-1,-1,1,0,0,0,0,0,0,0,0,583.146,22.711,1021.238728,0.04354,,,,
550,0,6.5,2,0,1,0,0,0.15,1,0,0,900,1,-1,-1,-1,-1,1,0,0,0,0,0,0,0,0,554.812,35.185,847.5852513,0.04354,,,,
25,0,6.5,2,0,1,0,0,0.15,1,0,0,900,1,-1,-1,-1,-1,0,1,0,0,0,0,0,0,0,878.05437,30.5208093,1369.757235,0.12887,,,,
25,1500,6.5,2,0,1,0,0,0.15,1,0,0,900,1,-1,-1,-1,-1,0,1,0,0,0,0,0,0,0,1106.397,8.636941,1498.017931,0.12887,,,,
25,2000,6.5,2,0,1,0,0,0.15,1,0,0,900,1,-1,-1,-1,-1,0,1,0,0,0,0,0,0,0,1188.981,16.10919,1600.424328,0.12887,,,,
25,3000,6.5,2,0,1,0,0,0.15,1,0,0,900,1,-1,-1,-1,-1,0,1,0,0,0,0,0,0,0,1217.52,22.244476,1620.740763,0.12887,,,,
25,3500,6.5,2,0,1,0,0,0.15,1,0,0,900,1,-1,-1,-1,-1,0,1,0,0,0,0,0,0,0,1161.385,23.9503,1639.319253,0.12887,,,,
350,0,6.5,2,0,1,0,0,0.15,1,0,0,900,1,-1,-1,-1,-1,0,1,0,0,0,0,0,0,0,518.602,27.385,984.225775,0.12887,,,,
450,0,6.5,2,0,1,0,0,0.15,1,0,0,900,1,-1,-1,-1,-1,0,1,0,0,0,0,0,0,0,494.66,30.5483636,933.4393652,0.12887,,,,
550,0,6.5,2,0,1,0,0,0.15,1,0,0,900,1,-1,-1,-1,-1,0,1,0,0,0,0,0,0,0,551.536,51.964,781.7161188,0.12887,,,,
25,0,6.5,2,0,1,0,0,0.15,1,0,0,900,1,-1,-1,-1,-1,0,0,1,0,0,0,0,0,0,905.6396,29.6198232,1373.433465,0.02717,,,,
25,1500,6.5,2,0,1,0,0,0.15,1,0,0,900,1,-1,-1,-1,-1,0,0,1,0,0,0,0,0,0,989.5025,10.1885687,1488.678158,0.02717,,,,
25,2000,6.5,2,0,1,0,0,0.15,1,0,0,900,1,-1,-1,-1,-1,0,0,1,0,0,0,0,0,0,1193.511,16.604994,1513.126096,0.02717,,,,
25,3000,6.5,2,0,1,0,0,0.15,1,0,0,900,1,-1,-1,-1,-1,0,0,1,0,0,0,0,0,0,1149.382,21.697745,1544.399125,0.02717,,,,
25,3500,6.5,2,0,1,0,0,0.15,1,0,0,900,1,-1,-1,-1,-1,0,0,1,0,0,0,0,0,0,1260.286,26.85272,1595.751843,0.02717,,,,
350,0,6.5,2,0,1,0,0,0.15,1,0,0,900,1,-1,-1,-1,-1,0,0,1,0,0,0,0,0,0,482.3,32.994,919.3178885,0.02717,,,,
450,0,6.5,2,0,1,0,0,0.15,1,0,0,900,1,-1,-1,-1,-1,0,0,1,0,0,0,0,0,0,449.286,34.388,877.7823978,0.02717,,,,
550,0,6.5,2,0,1,0,0,0.15,1,0,0,900,1,-1,-1,-1,-1,0,0,1,0,0,0,0,0,0,424.71,64.743,741.4875492,0.02717,,,,
25,0,6.5,2,0,1,0,0,0.15,1,0,0,800,1,-1,-1,-1,-1,0,1,0,0,0,0,0,0,0,910.983714,24.1332981,1392.098809,0.06414,,,,
25,1500,6.5,2,0,1,0,0,0.15,1,0,0,800,1,-1,-1,-1,-1,0,1,0,0,0,0,0,0,0,1094.433,9.137458,1498.404726,0.06414,,,,
25,2000,6.5,2,0,1,0,0,0.15,1,0,0,800,1,-1,-1,-1,-1,0,1,0,0,0,0,0,0,0,1215.845,16.43988,1581.12577,0.06414,,,,
25,3000,6.5,2,0,1,0,0,0.15,1,0,0,800,1,-1,-1,-1,-1,0,1,0,0,0,0,0,0,0,1253.824,22.5263221,1631.921938,0.06414,,,,
25,3500,6.5,2,0,1,0,0,0.15,1,0,0,800,1,-1,-1,-1,-1,0,1,0,0,0,0,0,0,0,1299.018,20.658754,1683.680888,0.06414,,,,
350,0,6.5,2,0,1,0,0,0.15,1,0,0,800,1,-1,-1,-1,-1,0,1,0,0,0,0,0,0,0,459.938,27.807,948.0763796,0.06414,,,,
450,0,6.5,2,0,1,0,0,0.15,1,0,0,800,1,-1,-1,-1,-1,0,1,0,0,0,0,0,0,0,446.33,30.604,963.0072525,0.06414,,,,
550,0,6.5,2,0,1,0,0,0.15,1,0,0,800,1,-1,-1,-1,-1,0,1,0,0,0,0,0,0,0,488.056,41.602,775.0534548,0.06414,,,,
25,0,6,4,2,2,0,0,0.1,0,0,0,1050,1,-1,-1,-1,-1,0,1,0,0,0,0,0,0,0,884.18357,20.3353179,1302.130054,0.74305,,,,
25,1500,6,4,2,2,0,0,0.1,0,0,0,1050,1,-1,-1,-1,-1,0,1,0,0,0,0,0,0,0,1012.071,10.2971263,1410.699071,0.74305,,,,
25,2000,6,4,2,2,0,0,0.1,0,0,0,1050,1,-1,-1,-1,-1,0,1,0,0,0,0,0,0,0,1080.189,16.264172,1469.124891,0.74305,,,,
25,2500,6,4,2,2,0,0,0.1,0,0,0,1050,1,-1,-1,-1,-1,0,1,0,0,0,0,0,0,0,1131.799,17.784171,1506.34111,0.74305,,,,
25,3000,6,4,2,2,0,0,0.1,0,0,0,1050,1,-1,-1,-1,-1,0,1,0,0,0,0,0,0,0,1136.685,21.166777,1470.122295,0.74305,,,,
25,3500,6,4,2,2,0,0,0.1,0,0,0,1050,1,-1,-1,-1,-1,0,1,0,0,0,0,0,0,0,1209.621,15.40752,1461.616185,0.74305,,,,
350,0,6,4,2,2,0,0,0.1,0,0,0,1050,1,-1,-1,-1,-1,0,1,0,0,0,0,0,0,0,472.314,25.298,892.3166441,0.74305,,,,
450,0,6,4,2,2,0,0,0.1,0,0,0,1050,1,-1,-1,-1,-1,0,1,0,0,0,0,0,0,0,464.032,24.407,852.3372908,0.74305,,,,
550,0,6,4,2,2,0,0,0.1,0,0,0,1050,1,-1,-1,-1,-1,0,1,0,0,0,0,0,0,0,502.362,42.709,890.3173471,0.74305,,,,
25,0,6,4,2,2,0,0,0.1,0,0,0,1000,1,-1,-1,-1,-1,0,1,0,0,0,0,0,0,0,925.834876,18.0359483,1329.437327,0.58825,,,,
25,1500,6,4,2,2,0,0,0.1,0,0,0,1000,1,-1,-1,-1,-1,0,1,0,0,0,0,0,0,0,1196.769,8.960363,1519.706032,0.58825,,,,
25,2000,6,4,2,2,0,0,0.1,0,0,0,1000,1,-1,-1,-1,-1,0,1,0,0,0,0,0,0,0,1155.131,14.586642,1478.409895,0.58825,,,,
25,3000,6,4,2,2,0,0,0.1,0,0,0,1000,1,-1,-1,-1,-1,0,1,0,0,0,0,0,0,0,1123.552,20.42286,1510.304459,0.58825,,,,
25,3500,6,4,2,2,0,0,0.1,0,0,0,1000,1,-1,-1,-1,-1,0,1,0,0,0,0,0,0,0,1367.632,18.821157,1581.829925,0.58825,,,,
350,0,6,4,2,2,0,0,0.1,0,0,0,1000,1,-1,-1,-1,-1,0,1,0,0,0,0,0,0,0,492.352,23.506,916.1632142,0.58825,,,,
450,0,6,4,2,2,0,0,0.1,0,0,0,1000,1,-1,-1,-1,-1,0,1,0,0,0,0,0,0,0,519.106,27.098,909.0603632,0.58825,,,,
550,0,6,4,2,2,0,0,0.1,0,0,0,1000,1,-1,-1,-1,-1,0,1,0,0,0,0,0,0,0,653.972,33.285,874.0010836,0.58825,,,,
25,0,6,4,2,2,0,0,0.1,0,0,0,980,1,590,8,-1,-1,0,1,0,0,0,1,0,0,0,1040.814646,23.8930004,1441.536682,0.15726,,,,
25,1500,6,4,2,2,0,0,0.1,0,0,0,980,1,590,8,-1,-1,0,1,0,0,0,1,0,0,0,1150.069,8.375568,1436.1501,0.15726,,,,
25,2000,6,4,2,2,0,0,0.1,0,0,0,980,1,590,8,-1,-1,0,1,0,0,0,1,0,0,0,1199.786,15.406569,1523.036071,0.15726,,,,
25,2500,6,4,2,2,0,0,0.1,0,0,0,980,1,590,8,-1,-1,0,1,0,0,0,1,0,0,0,1324.419,21.912882,1620.934356,0.15726,,,,
25,3500,6,4,2,2,0,0,0.1,0,0,0,980,1,590,8,-1,-1,0,1,0,0,0,1,0,0,0,1360.015,21.664128,1598.170229,0.15726,,,,
350,0,6,4,2,2,0,0,0.1,0,0,0,980,1,590,8,-1,-1,0,1,0,0,0,1,0,0,0,731.916,23.498,970.3300676,0.15726,,,,
450,0,6,4,2,2,0,0,0.1,0,0,0,980,1,590,8,-1,-1,0,1,0,0,0,1,0,0,0,534.518,28.103,973.2658264,0.15726,,,,
550,0,6,4,2,2,0,0,0.1,0,0,0,980,1,590,8,-1,-1,0,1,0,0,0,1,0,0,0,504.158,33.107,912.5219433,0.15726,,,,
25,0,6,4,2,2,0,0,0.1,0,0,0,960,1,590,8,-1,-1,0,1,0,0,0,1,0,0,0,1056.257568,22.5408615,1480.674276,0.13005,,,,
25,1500,6,4,2,2,0,0,0.1,0,0,0,960,1,590,8,-1,-1,0,1,0,0,0,1,0,0,0,1211.395,10.043898,1517.91588,0.13005,,,,
25,2000,6,4,2,2,0,0,0.1,0,0,0,960,1,590,8,-1,-1,0,1,0,0,0,1,0,0,0,1231.752,16.921885,1587.982988,0.13005,,,,
25,3000,6,4,2,2,0,0,0.1,0,0,0,960,1,590,8,-1,-1,0,1,0,0,0,1,0,0,0,1382.17,21.645717,1642.033127,0.13005,,,,
25,3500,6,4,2,2,0,0,0.1,0,0,0,960,1,590,8,-1,-1,0,1,0,0,0,1,0,0,0,1258.04,21.451689,1637.350929,0.13005,,,,
350,0,6,4,2,2,0,0,0.1,0,0,0,960,1,590,8,-1,-1,0,1,0,0,0,1,0,0,0,485.432,28.699,1068.070054,0.13005,,,,
450,0,6,4,2,2,0,0,0.1,0,0,0,960,1,590,8,-1,-1,0,1,0,0,0,1,0,0,0,488.336,26.497,1009.215858,0.13005,,,,
550,0,6,4,2,2,0,0,0.1,0,0,0,960,1,590,8,-1,-1,0,1,0,0,0,1,0,0,0,456.518,29.904,950.9829957,0.13005,,,,
25,0,6,4,2,2,0,0,0.1,0,0,0,960,1,590,8,-1,-1,1,0,0,0,0,1,0,0,0,1239.56919,14.368563,1591.125261,0.22595,,,,
25,2000,6,4,2,2,0,0,0.1,0,0,0,960,1,590,8,-1,-1,1,0,0,0,0,1,0,0,0,1451.33,14.612354,1726.242325,0.22595,,,,
25,2500,6,4,2,2,0,0,0.1,0,0,0,960,1,590,8,-1,-1,1,0,0,0,0,1,0,0,0,1521.496,21.174482,1722.913905,0.22595,,,,
25,3000,6,4,2,2,0,0,0.1,0,0,0,960,1,590,8,-1,-1,1,0,0,0,0,1,0,0,0,1536.782,15.444307,1728.985895,0.22595,,,,
350,0,6,4,2,2,0,0,0.1,0,0,0,960,1,590,8,-1,-1,1,0,0,0,0,1,0,0,0,778.148,20.896,1184.301062,0.22595,,,,
450,0,6,4,2,2,0,0,0.1,0,0,0,960,1,590,8,-1,-1,1,0,0,0,0,1,0,0,0,514.558,24.29,894.0411613,0.22595,,,,
550,0,6,4,2,2,0,0,0.1,0,0,0,960,1,590,8,-1,-1,1,0,0,0,0,1,0,0,0,636.53,24.008,999.097537,0.22595,,,,
25,0,6,4,2,2,0,0,0.1,0,0,0,990,1,-1,-1,-1,-1,1,0,0,0,0,0,0,0,0,939.249436,22.9790594,1284.085363,0.16265,,,,
25,2000,6,4,2,2,0,0,0.1,0,0,0,990,1,-1,-1,-1,-1,1,0,0,0,0,0,0,0,0,1334.106,14.9769006,1528.506411,0.16265,,,,
25,2500,6,4,2,2,0,0,0.1,0,0,0,990,1,-1,-1,-1,-1,1,0,0,0,0,0,0,0,0,1425.487,20.6273661,1613.929091,0.16265,,,,
25,3000,6,4,2,2,0,0,0.1,0,0,0,990,1,-1,-1,-1,-1,1,0,0,0,0,0,0,0,0,1373.082,23.7341519,1557.309866,0.16265,,,,
25,4000,6,4,2,2,0,0,0.1,0,0,0,990,1,-1,-1,-1,-1,1,0,0,0,0,0,0,0,0,1268.481,23.683758,1509.342051,0.16265,,,,
350,0,6,4,2,2,0,0,0.1,0,0,0,990,1,-1,-1,-1,-1,1,0,0,0,0,0,0,0,0,618.394,30.494,1069.479137,0.16265,,,,
450,0,6,4,2,2,0,0,0.1,0,0,0,990,1,-1,-1,-1,-1,1,0,0,0,0,0,0,0,0,595.808,21.301,1037.313478,0.16265,,,,
550,0,6,4,2,2,0,0,0.1,0,0,0,990,1,-1,-1,-1,-1,1,0,0,0,0,0,0,0,0,581.058,26.406,879.1675829,0.16265,,,,
25,0,6,4,2,2,0,0,0.1,0,0,0,1030,1,-1,-1,-1,-1,0,1,0,0,0,0,0,0,0,1169.022264,12.5336491,1503.22111,0.3876,,,,
25,1500,6,4,2,2,0,0,0.1,0,0,0,1030,1,-1,-1,-1,-1,0,1,0,0,0,0,0,0,0,1310.349,14.9096413,1500.396335,0.3876,,,,
25,2000,6,4,2,2,0,0,0.1,0,0,0,1030,1,-1,-1,-1,-1,0,1,0,0,0,0,0,0,0,1251.614,14.7573739,1409.081787,0.3876,,,,
25,2500,6,4,2,2,0,0,0.1,0,0,0,1030,1,-1,-1,-1,-1,0,1,0,0,0,0,0,0,0,1364.023,16.4686615,1466.64874,0.3876,,,,
25,3000,6,4,2,2,0,0,0.1,0,0,0,1030,1,-1,-1,-1,-1,0,1,0,0,0,0,0,0,0,1397.537,14.7947718,1493.574559,0.3876,,,,
25,4000,6,4,2,2,0,0,0.1,0,0,0,1030,1,-1,-1,-1,-1,0,1,0,0,0,0,0,0,0,1405.862,18.6203934,1535.476926,0.3876,,,,
350,0,6,4,2,2,0,0,0.1,0,0,0,1030,1,-1,-1,-1,-1,0,1,0,0,0,0,0,0,0,447.404,24.407,864.1426351,0.3876,,,,
450,0,6,4,2,2,0,0,0.1,0,0,0,1030,1,-1,-1,-1,-1,0,1,0,0,0,0,0,0,0,495.972,38.705,903.9869157,0.3876,,,,
550,0,6,4,2,2,0,0,0.1,0,0,0,1030,1,-1,-1,-1,-1,0,1,0,0,0,0,0,0,0,464.286,47.191,830.4391658,0.3876,,,,
25,0,3,0,3,0,3,0,0,15,0,0,800,0.25,540,12,-1,-1,0,1,0,0,0,1,0,0,0,1021.28,37.8727758,1320.033722,0.45716,,,,
25,2000,3,0,3,0,3,0,0,15,0,0,800,0.25,540,12,-1,-1,0,1,0,0,0,1,0,0,0,1634.50913,27.5338332,1745.114222,0.45716,,,,
25,3000,3,0,3,0,3,0,0,15,0,0,800,0.25,540,12,-1,-1,0,1,0,0,0,1,0,0,0,1679.424002,18.8269115,1759.266855,0.45716,,,,
25,4000,3,0,3,0,3,0,0,15,0,0,800,0.25,540,12,-1,-1,0,1,0,0,0,1,0,0,0,1619.61523,16.3049554,1793.936511,0.45716,,,,
350,0,3,0,3,0,3,0,0,15,0,0,800,0.25,540,12,-1,-1,0,1,0,0,0,1,0,0,0,895.79,13.7045,1286.702949,0.45716,,,,
450,0,3,0,3,0,3,0,0,15,0,0,800,0.25,540,12,-1,-1,0,1,0,0,0,1,0,0,0,680.064,48.9592,1774.1,0.45716,,,,
550,0,3,0,3,0,3,0,0,15,0,0,800,0.25,540,12,-1,-1,0,1,0,0,0,1,0,0,0,675.57,56.7417,931.38,0.45716,,,,
25,0,3,0,3,0,3,0,0,15,0,0,930,0.25,540,12,-1,-1,0,1,0,0,0,1,0,0,0,1087.68,22.0768873,1388.236162,0.55685,,,,
25,2000,3,0,3,0,3,0,0,15,0,0,930,0.25,540,12,-1,-1,0,1,0,0,0,1,0,0,0,1791.922325,28.925749,1877.471703,0.55685,,,,
25,3000,3,0,3,0,3,0,0,15,0,0,930,0.25,540,12,-1,-1,0,1,0,0,0,1,0,0,0,1952.659486,15.1893537,2019.449578,0.55685,,,,
25,4000,3,0,3,0,3,0,0,15,0,0,930,0.25,540,12,-1,-1,0,1,0,0,0,1,0,0,0,1800.70739,13.4386081,1981.953553,0.55685,,,,
350,0,3,0,3,0,3,0,0,15,0,0,930,0.25,540,12,-1,-1,0,1,0,0,0,1,0,0,0,879.98,22.1689,1457.377408,0.55685,,,,
450,0,3,0,3,0,3,0,0,15,0,0,930,0.25,540,12,-1,-1,0,1,0,0,0,1,0,0,0,844.56,49.1432,1767.966667,0.55685,,,,
550,0,3,0,3,0,3,0,0,15,0,0,930,0.25,540,12,-1,-1,0,1,0,0,0,1,0,0,0,642.092,56.7711,838.1433333,0.55685,,,,
25,0,3,0,3,0,3,0,0,15,0,0,800,0.25,440,16,-1,-1,1,0,0,0,0,1,0,0,0,1441.1,9.244429,1613.242451,0.46383,,,,
25,2000,3,0,3,0,3,0,0,15,0,0,800,0.25,440,16,-1,-1,1,0,0,0,0,1,0,0,0,1964.996418,11.496907,2172.718466,0.46383,,,,
25,3000,3,0,3,0,3,0,0,15,0,0,800,0.25,440,16,-1,-1,1,0,0,0,0,1,0,0,0,2123.21862,9.3296808,2325.920273,0.46383,,,,
25,4000,3,0,3,0,3,0,0,15,0,0,800,0.25,440,16,-1,-1,1,0,0,0,0,1,0,0,0,1895.604304,10.8734678,2273.302342,0.46383,,,,
350,0,3,0,3,0,3,0,0,15,0,0,800,0.25,440,16,-1,-1,1,0,0,0,0,1,0,0,0,1231.9,8.8471,1547.058662,0.46383,,,,
450,0,3,0,3,0,3,0,0,15,0,0,800,0.25,440,16,-1,-1,1,0,0,0,0,1,0,0,0,1109.62,12.5087,1429.997019,0.46383,,,,
550,0,3,0,3,0,3,0,0,15,0,0,800,0.25,440,16,-1,-1,1,0,0,0,0,1,0,0,0,604.666,56.0891,893.1333333,0.46383,,,,
25,0,3,0,3,0,3,0,0,15,0,0,800,0.25,560,16,-1,-1,1,0,0,0,0,1,0,0,0,1060.9,33.4168692,1349.087478,0.62349,,,,
25,2000,3,0,3,0,3,0,0,15,0,0,800,0.25,560,16,-1,-1,1,0,0,0,0,1,0,0,0,1713.431353,20.6730297,1829.400034,0.62349,,,,
25,3500,3,0,3,0,3,0,0,15,0,0,800,0.25,560,16,-1,-1,1,0,0,0,0,1,0,0,0,2130.189401,8.629809,2320.548901,0.62349,,,,
25,4000,3,0,3,0,3,0,0,15,0,0,800,0.25,560,16,-1,-1,1,0,0,0,0,1,0,0,0,1754.216327,16.3783424,1791.985433,0.62349,,,,
350,0,3,0,3,0,3,0,0,15,0,0,800,0.25,560,16,-1,-1,1,0,0,0,0,1,0,0,0,838.7,21.7434,1366.941977,0.62349,,,,
450,0,3,0,3,0,3,0,0,15,0,0,800,0.25,560,16,-1,-1,1,0,0,0,0,1,0,0,0,760.102,49.808,1774.1,0.62349,,,,
550,0,3,0,3,0,3,0,0,15,0,0,800,0.25,560,16,-1,-1,1,0,0,0,0,1,0,0,0,646.716,55.313,956.93,0.62349,,,,
25,0,3,0,3,0,3,0,0,15,0,0,800,0.25,650,12,-1,-1,1,0,0,0,0,1,0,0,0,824.982,82.6936892,1187.708934,0.31328,,,,
25,2000,3,0,3,0,3,0,0,15,0,0,800,0.25,650,12,-1,-1,1,0,0,0,0,1,0,0,0,1485.818276,26.4796712,1541.919467,0.31328,,,,
25,3500,3,0,3,0,3,0,0,15,0,0,800,0.25,650,12,-1,-1,1,0,0,0,0,1,0,0,0,1446.775969,23.6825707,1579.307342,0.31328,,,,
25,4000,3,0,3,0,3,0,0,15,0,0,800,0.25,650,12,-1,-1,1,0,0,0,0,1,0,0,0,911.1902832,29.3313751,928.7000092,0.31328,,,,
350,0,3,0,3,0,3,0,0,15,0,0,800,0.25,650,12,-1,-1,1,0,0,0,0,1,0,0,0,576.354,33.7998,1301.4,0.31328,,,,
450,0,3,0,3,0,3,0,0,15,0,0,800,0.25,650,12,-1,-1,1,0,0,0,0,1,0,0,0,599.914,34.7202,1286.085787,0.31328,,,,
550,0,3,0,3,0,3,0,0,15,0,0,800,0.25,650,12,-1,-1,1,0,0,0,0,1,0,0,0,474.95,51.4831,763.8933333,0.31328,,,,
25,0,3,0,3,0,3,0,0,15,0,0,800,0.25,710,12,-1,-1,1,0,0,0,0,1,0,0,0,773.11,87.2606438,1056.53636,0.15028,,,,
25,2000,3,0,3,0,3,0,0,15,0,0,800,0.25,710,12,-1,-1,1,0,0,0,0,1,0,0,0,1414.194977,26.5707052,1450.372909,0.15028,,,,
25,3000,3,0,3,0,3,0,0,15,0,0,800,0.25,710,12,-1,-1,1,0,0,0,0,1,0,0,0,1482.929115,26.3042154,1523.165024,0.15028,,,,
25,4000,3,0,3,0,3,0,0,15,0,0,800,0.25,710,12,-1,-1,1,0,0,0,0,1,0,0,0,704.5142909,24.3932382,906.7351132,0.15028,,,,
350,0,3,0,3,0,3,0,0,15,0,0,800,0.25,710,12,-1,-1,1,0,0,0,0,1,0,0,0,575.546,47.2342,1405.2,0.15028,,,,
450,0,3,0,3,0,3,0,0,15,0,0,800,0.25,710,12,-1,-1,1,0,0,0,0,1,0,0,0,551.12,32.5057,1403.274608,0.15028,,,,
550,0,3,0,3,0,3,0,0,15,0,0,800,0.25,710,12,-1,-1,1,0,0,0,0,1,0,0,0,449.558,49.6469,744.9666667,0.15028,,,,
25,0,3,0,0,0,0,0,0,10,0,2,755,2,520,8,-1,-1,1,0,0,0,1,0,0,0,0,1105.189698,25.3087428,1336.261207,0.08862,,,,
25,2000,3,0,0,0,0,0,0,10,0,2,755,2,520,8,-1,-1,1,0,0,0,1,0,0,0,0,1400.636,15.5354604,1512.297928,0.08862,,,,
25,3000,3,0,0,0,0,0,0,10,0,2,755,2,520,8,-1,-1,1,0,0,0,1,0,0,0,0,1394.502,16.04658,1594.369396,0.08862,,,,
25,4000,3,0,0,0,0,0,0,10,0,2,755,2,520,8,-1,-1,1,0,0,0,1,0,0,0,0,1449.145,18.4586493,1630.734135,0.08862,,,,
350,0,3,0,0,0,0,0,0,10,0,2,755,2,520,8,-1,-1,1,0,0,0,1,0,0,0,0,700.94,26.307,967.6448282,0.08862,,,,
450,0,3,0,0,0,0,0,0,10,0,2,755,2,520,8,-1,-1,1,0,0,0,1,0,0,0,0,638.372,64.702,829.9352124,0.08862,,,,
550,0,3,0,0,0,0,0,0,10,0,2,755,2,520,8,-1,-1,1,0,0,0,1,0,0,0,0,333.254,66.38,464.1293498,0.08862,,,,
25,0,3,0,0,0,0,0,0,10,0,2,755,2,520,8,755,2,1,0,0,0,1,0,1,0,0,1150.022364,15.8644093,1373.637909,0.09466,,,,
25,2000,3,0,0,0,0,0,0,10,0,2,755,2,520,8,755,2,1,0,0,0,1,0,1,0,0,1296.481,16.134813,1436.066711,0.09466,,,,
25,2500,3,0,0,0,0,0,0,10,0,2,755,2,520,8,755,2,1,0,0,0,1,0,1,0,0,1309.795,15.263004,1505.901598,0.09466,,,,
25,3000,3,0,0,0,0,0,0,10,0,2,755,2,520,8,755,2,1,0,0,0,1,0,1,0,0,1351.212,17.803024,1540.737373,0.09466,,,,
25,4000,3,0,0,0,0,0,0,10,0,2,755,2,520,8,755,2,1,0,0,0,1,0,1,0,0,1517.153,16.736363,1698.159819,0.09466,,,,
350,0,3,0,0,0,0,0,0,10,0,2,755,2,520,8,755,2,1,0,0,0,1,0,1,0,0,709.668,31.002,997.3222442,0.09466,,,,
450,0,3,0,0,0,0,0,0,10,0,2,755,2,520,8,755,2,1,0,0,0,1,0,1,0,0,587.84,60.086,747.5675618,0.09466,,,,
550,0,3,0,0,0,0,0,0,10,0,2,755,2,520,8,755,2,1,0,0,0,1,0,1,0,0,328.098,65.592,427.3497913,0.09466,,,,
25,0,3,0,0,0,0,0,0,10,0,2,830,0.42,-1,-1,-1,-1,1,0,0,0,0,0,0,0,0,419.367664,29.8945265,1250.86225,0.25373,,,,
25,2500,3,0,0,0,0,0,0,10,0,2,830,0.42,-1,-1,-1,-1,1,0,0,0,0,0,0,0,0,383.0036,16.72282,1031.826107,0.25373,,,,
25,3000,3,0,0,0,0,0,0,10,0,2,830,0.42,-1,-1,-1,-1,1,0,0,0,0,0,0,0,0,469.9489,23.739066,1072.705607,0.25373,,,,
25,3500,3,0,0,0,0,0,0,10,0,2,830,0.42,-1,-1,-1,-1,1,0,0,0,0,0,0,0,0,733.0532,27.917626,1106.643987,0.25373,,,,
25,4000,3,0,0,0,0,0,0,10,0,2,830,0.42,-1,-1,-1,-1,1,0,0,0,0,0,0,0,0,717.7625,22.157258,1072.319793,0.25373,,,,
350,0,3,0,0,0,0,0,0,10,0,2,830,0.42,-1,-1,-1,-1,1,0,0,0,0,0,0,0,0,501.3484175,28.379,881.6712004,0.25373,,,,
450,0,3,0,0,0,0,0,0,10,0,2,830,0.42,-1,-1,-1,-1,1,0,0,0,0,0,0,0,0,768.994,14.042,1113.898376,0.25373,,,,
550,0,3,0,0,0,0,0,0,10,0,2,830,0.42,-1,-1,-1,-1,1,0,0,0,0,0,0,0,0,385.498,63.605,511.8117882,0.25373,,,,
25,0,3,0,0,0,0,0,0,10,0,2,940,0.42,-1,-1,-1,-1,1,0,0,0,0,0,0,0,0,447.85564,31.2521362,1225.33749,0.12899,,,,
25,2000,3,0,0,0,0,0,0,10,0,2,940,0.42,-1,-1,-1,-1,1,0,0,0,0,0,0,0,0,517.4629,15.158641,1022.983088,0.12899,,,,
25,3000,3,0,0,0,0,0,0,10,0,2,940,0.42,-1,-1,-1,-1,1,0,0,0,0,0,0,0,0,735.7459,25.2797723,1135.20102,0.12899,,,,
25,3500,3,0,0,0,0,0,0,10,0,2,940,0.42,-1,-1,-1,-1,1,0,0,0,0,0,0,0,0,700.1441,28.10925,1144.429806,0.12899,,,,
25,4000,3,0,0,0,0,0,0,10,0,2,940,0.42,-1,-1,-1,-1,1,0,0,0,0,0,0,0,0,618.9259,26.869836,1114.217611,0.12899,,,,
25,4500,3,0,0,0,0,0,0,10,0,2,940,0.42,-1,-1,-1,-1,1,0,0,0,0,0,0,0,0,773.7419,26.163255,1093.688124,0.12899,,,,
350,0,3,0,0,0,0,0,0,10,0,2,940,0.42,-1,-1,-1,-1,1,0,0,0,0,0,0,0,0,633.4028444,25.198,911.7960661,0.12899,,,,
450,0,3,0,0,0,0,0,0,10,0,2,940,0.42,-1,-1,-1,-1,1,0,0,0,0,0,0,0,0,715.034,10.412,1081.780049,0.12899,,,,
550,0,3,0,0,0,0,0,0,10,0,2,940,0.42,-1,-1,-1,-1,1,0,0,0,0,0,0,0,0,394.558,66.485,520.5652262,0.12899,,,,
25,0,3,0,0,0,0,0,0,10,0,2,840,0.42,-1,-1,-1,-1,0,1,0,0,0,0,0,0,0,1072.3312,23.597553,1359.343019,0.15189,,,,
25,1000,3,0,0,0,0,0,0,10,0,2,840,0.42,-1,-1,-1,-1,0,1,0,0,0,0,0,0,0,1170.325,9.542053,1494.622562,0.15189,,,,
25,2000,3,0,0,0,0,0,0,10,0,2,840,0.42,-1,-1,-1,-1,0,1,0,0,0,0,0,0,0,1201.148,16.239353,1491.924059,0.15189,,,,
25,2500,3,0,0,0,0,0,0,10,0,2,840,0.42,-1,-1,-1,-1,0,1,0,0,0,0,0,0,0,1404.345,17.925858,1463.206171,0.15189,,,,
25,3000,3,0,0,0,0,0,0,10,0,2,840,0.42,-1,-1,-1,-1,0,1,0,0,0,0,0,0,0,1465.404,13.754809,1703.572458,0.15189,,,,
25,3500,3,0,0,0,0,0,0,10,0,2,840,0.42,-1,-1,-1,-1,0,1,0,0,0,0,0,0,0,1433.147,14.825214,1599.918188,0.15189,,,,
350,0,3,0,0,0,0,0,0,10,0,2,840,0.42,-1,-1,-1,-1,0,1,0,0,0,0,0,0,0,712.842,33.394,934.0949487,0.15189,,,,
450,0,3,0,0,0,0,0,0,10,0,2,840,0.42,-1,-1,-1,-1,0,1,0,0,0,0,0,0,0,660.822,46.12,864.8917837,0.15189,,,,
550,0,3,0,0,0,0,0,0,10,0,2,840,0.42,-1,-1,-1,-1,0,1,0,0,0,0,0,0,0,366.118,66.294,514.724065,0.15189,,,,
25,0,3,0,0,0,0,0,0,10,0,2,840,0.42,-1,-1,-1,-1,0,0,1,0,0,0,0,0,0,849.171118,46.2988294,1207.82586,0.46724,,,,
25,1500,3,0,0,0,0,0,0,10,0,2,840,0.42,-1,-1,-1,-1,0,0,1,0,0,0,0,0,0,1023.042,10.198654,1288.249953,0.46724,,,,
25,2500,3,0,0,0,0,0,0,10,0,2,840,0.42,-1,-1,-1,-1,0,0,1,0,0,0,0,0,0,1012.503,18.002277,1329.575632,0.46724,,,,
25,3000,3,0,0,0,0,0,0,10,0,2,840,0.42,-1,-1,-1,-1,0,0,1,0,0,0,0,0,0,1081.555,26.142791,1338.441734,0.46724,,,,
25,3500,3,0,0,0,0,0,0,10,0,2,840,0.42,-1,-1,-1,-1,0,0,1,0,0,0,0,0,0,1074.238,26.31049,1344.612162,0.46724,,,,
350,0,3,0,0,0,0,0,0,10,0,2,840,0.42,-1,-1,-1,-1,0,0,1,0,0,0,0,0,0,515.652,50.191,845.6149198,0.46724,,,,
450,0,3,0,0,0,0,0,0,10,0,2,840,0.42,-1,-1,-1,-1,0,0,1,0,0,0,0,0,0,431.242,65.496,690.1941283,0.46724,,,,
550,0,3,0,0,0,0,0,0,10,0,2,840,0.42,-1,-1,-1,-1,0,0,1,0,0,0,0,0,0,329.792,66.397,429.9482549,0.46724,,,,
25,0,6,0,0,2.5,1.5,0,0.3,0,0,0.5,800,2,-1,-1,-1,-1,0,1,0,0,0,0,0,0,0,1018.68,50.3490922,1354.783771,0.02583,,,,
25,2000,6,0,0,2.5,1.5,0,0.3,0,0,0.5,800,2,-1,-1,-1,-1,0,1,0,0,0,0,0,0,0,1325.464634,27.381282,1579.810363,0.02583,,,,
25,3500,6,0,0,2.5,1.5,0,0.3,0,0,0.5,800,2,-1,-1,-1,-1,0,1,0,0,0,0,0,0,0,1523.631448,35.4066435,1662.529618,0.02583,,,,
25,4000,6,0,0,2.5,1.5,0,0.3,0,0,0.5,800,2,-1,-1,-1,-1,0,1,0,0,0,0,0,0,0,1699.038696,28.7454641,1816.214766,0.02583,,,,
350,0,6,0,0,2.5,1.5,0,0.3,0,0,0.5,800,2,-1,-1,-1,-1,0,1,0,0,0,0,0,0,0,661.482,24.912,1307.699135,0.02583,,,,
450,0,6,0,0,2.5,1.5,0,0.3,0,0,0.5,800,2,-1,-1,-1,-1,0,1,0,0,0,0,0,0,0,552.808,23.3862,1306.800801,0.02583,,,,
550,0,6,0,0,2.5,1.5,0,0.3,0,0,0.5,800,2,-1,-1,-1,-1,0,1,0,0,0,0,0,0,0,557.464,52.0052,1380.666667,0.02583,,,,
25,0,6,0,0,2.5,1.5,0,0.3,0,0,0.5,800,2,-1,-1,-1,-1,0,1,0,0,0,0,0,0,0,1083.6,39.1545931,1421.742729,0.10863,,,,
25,2000,6,0,0,2.5,1.5,0,0.3,0,0,0.5,800,2,-1,-1,-1,-1,0,1,0,0,0,0,0,0,0,1383.717333,25.1704635,1657.144671,0.10863,,,,
25,3000,6,0,0,2.5,1.5,0,0.3,0,0,0.5,800,2,-1,-1,-1,-1,0,1,0,0,0,0,0,0,0,1544.910477,15.838752,1689.062585,0.10863,,,,
25,4000,6,0,0,2.5,1.5,0,0.3,0,0,0.5,800,2,-1,-1,-1,-1,0,1,0,0,0,0,0,0,0,1914.766194,24.5892588,1967.419321,0.10863,,,,
350,0,6,0,0,2.5,1.5,0,0.3,0,0,0.5,800,2,-1,-1,-1,-1,0,1,0,0,0,0,0,0,0,665.364,25.1305,1388.827759,0.10863,,,,
450,0,6,0,0,2.5,1.5,0,0.3,0,0,0.5,800,2,-1,-1,-1,-1,0,1,0,0,0,0,0,0,0,596.106,51.0219,1382.566667,0.10863,,,,
550,0,6,0,0,2.5,1.5,0,0.3,0,0,0.5,800,2,-1,-1,-1,-1,0,1,0,0,0,0,0,0,0,661.544,48.2359,1638.566667,0.10863,,,,
25,0,6,0,0,2.5,1.5,0,0.3,0,0,0.5,880,2,-1,-1,-1,-1,0,1,0,0,0,0,0,0,0,1000.7,31.7371817,1355.496914,0.17479,,,,
25,2000,6,0,0,2.5,1.5,0,0.3,0,0,0.5,880,2,-1,-1,-1,-1,0,1,0,0,0,0,0,0,0,1319.200378,26.6710457,1605.651472,0.17479,,,,
25,3500,6,0,0,2.5,1.5,0,0.3,0,0,0.5,880,2,-1,-1,-1,-1,0,1,0,0,0,0,0,0,0,1637.351587,22.7136329,1697.858647,0.17479,,,,
25,4000,6,0,0,2.5,1.5,0,0.3,0,0,0.5,880,2,-1,-1,-1,-1,0,1,0,0,0,0,0,0,0,1609.137222,23.2657927,1802.530247,0.17479,,,,
350,0,6,0,0,2.5,1.5,0,0.3,0,0,0.5,880,2,-1,-1,-1,-1,0,1,0,0,0,0,0,0,0,686.876,26.1615,1429.701232,0.17479,,,,
450,0,6,0,0,2.5,1.5,0,0.3,0,0,0.5,880,2,-1,-1,-1,-1,0,1,0,0,0,0,0,0,0,594.48,28.9903,1230.501791,0.17479,,,,
550,0,6,0,0,2.5,1.5,0,0.3,0,0,0.5,880,2,-1,-1,-1,-1,0,1,0,0,0,0,0,0,0,573.3,48.1662,1238.5,0.17479,,,,
25,0,6,0,0,2.5,1.5,0,0.3,0,0,0.5,1000,2,-1,-1,-1,-1,1,0,0,0,0,0,0,0,0,1565.006442,3.15,1827.767158,0.13108,,,,
25,2000,6,0,0,2.5,1.5,0,0.3,0,0,0.5,1000,2,-1,-1,-1,-1,1,0,0,0,0,0,0,0,0,1697.117748,3.9839042,1977.852591,0.13108,,,,
25,3000,6,0,0,2.5,1.5,0,0.3,0,0,0.5,1000,2,-1,-1,-1,-1,1,0,0,0,0,0,0,0,0,1552.562,2.684592,1941.196742,0.13108,,,,
25,4000,6,0,0,2.5,1.5,0,0.3,0,0,0.5,1000,2,-1,-1,-1,-1,1,0,0,0,0,0,0,0,0,1592.8044,2.966338,2025.286305,0.13108,,,,
350,0,6,0,0,2.5,1.5,0,0.3,0,0,0.5,1000,2,-1,-1,-1,-1,1,0,0,0,0,0,0,0,0,1208.58,2.4587,1501.42,0.13108,,,,
450,0,6,0,0,2.5,1.5,0,0.3,0,0,0.5,1000,2,-1,-1,-1,-1,1,0,0,0,0,0,0,0,0,1159.56,2.5477,1435.033503,0.13108,,,,
550,0,6,0,0,2.5,1.5,0,0.3,0,0,0.5,1000,2,-1,-1,-1,-1,1,0,0,0,0,0,0,0,0,999.94,38.2896,1271.905728,0.13108,,,,
25,0,6,0,0,2.5,1.5,0,0.3,0,0,0.5,1040,2,-1,-1,-1,-1,0,1,0,0,0,0,0,0,0,961.286,24.617935,1338.555594,0.53892,,,,
25,2000,6,0,0,2.5,1.5,0,0.3,0,0,0.5,1040,2,-1,-1,-1,-1,0,1,0,0,0,0,0,0,0,1256.070069,20.8135197,1560.192671,0.53892,,,,
25,3500,6,0,0,2.5,1.5,0,0.3,0,0,0.5,1040,2,-1,-1,-1,-1,0,1,0,0,0,0,0,0,0,1672.433384,17.270452,1712.078005,0.53892,,,,
25,4000,6,0,0,2.5,1.5,0,0.3,0,0,0.5,1040,2,-1,-1,-1,-1,0,1,0,0,0,0,0,0,0,643.6662193,14.170257,783.3316615,0.53892,,,,
350,0,6,0,0,2.5,1.5,0,0.3,0,0,0.5,1040,2,-1,-1,-1,-1,0,1,0,0,0,0,0,0,0,645.432,20.3664,1241.298644,0.53892,,,,
450,0,6,0,0,2.5,1.5,0,0.3,0,0,0.5,1040,2,-1,-1,-1,-1,0,1,0,0,0,0,0,0,0,670.962,20.7963,1125.241863,0.53892,,,,
550,0,6,0,0,2.5,1.5,0,0.3,0,0,0.5,1040,2,-1,-1,-1,-1,0,1,0,0,0,0,0,0,0,549.934,48.3597,1257.3,0.53892,,,,
25,0,6,0,0,2.5,1.5,0,0.3,0,0,0.5,880,0.5,600,2,-1,-1,0,1,0,0,1,0,0,0,0,1114.2,38.0192176,1422.367448,0.13114,,,,
25,2000,6,0,0,2.5,1.5,0,0.3,0,0,0.5,880,0.5,600,2,-1,-1,0,1,0,0,1,0,0,0,0,1416.178004,26.2007224,1647.408002,0.13114,,,,
25,3000,6,0,0,2.5,1.5,0,0.3,0,0,0.5,880,0.5,600,2,-1,-1,0,1,0,0,1,0,0,0,0,1603.953556,30.9139559,1809.439288,0.13114,,,,
25,4000,6,0,0,2.5,1.5,0,0.3,0,0,0.5,880,0.5,600,2,-1,-1,0,1,0,0,1,0,0,0,0,694.859781,24.1877629,902.2247942,0.13114,,,,
350,0,6,0,0,2.5,1.5,0,0.3,0,0,0.5,880,0.5,600,2,-1,-1,0,1,0,0,1,0,0,0,0,740.59,25.2459,1346.738088,0.13114,,,,
450,0,6,0,0,2.5,1.5,0,0.3,0,0,0.5,880,0.5,600,2,-1,-1,0,1,0,0,1,0,0,0,0,703.43,26.8976,1210.532907,0.13114,,,,
550,0,6,0,0,2.5,1.5,0,0.3,0,0,0.5,880,0.5,600,2,-1,-1,0,1,0,0,1,0,0,0,0,616.726,47.5722,1262.666667,0.13114,,,,
25,0,6.5,1.5,0,3,0,0,0.25,0,0,0,1020,0.5,560,6,-1,-1,0,1,0,0,1,0,0,0,0,926.335048,19.6136546,1312.84274,0.99,,,,
25,2000,6.5,1.5,0,3,0,0,0.25,0,0,0,1020,0.5,560,6,-1,-1,0,1,0,0,1,0,0,0,0,1231.281,14.1283601,1455.335376,0.99,,,,
25,3000,6.5,1.5,0,3,0,0,0.25,0,0,0,1020,0.5,560,6,-1,-1,0,1,0,0,1,0,0,0,0,1240.738,14.6607143,1508.026675,0.99,,,,
25,4000,6.5,1.5,0,3,0,0,0.25,0,0,0,1020,0.5,560,6,-1,-1,0,1,0,0,1,0,0,0,0,1348.915,11.572215,1554.371917,0.99,,,,
350,0,6.5,1.5,0,3,0,0,0.25,0,0,0,1020,0.5,560,6,-1,-1,0,1,0,0,1,0,0,0,0,548.37008,22.103,922.4757444,0.99,,,,
450,0,6.5,1.5,0,3,0,0,0.25,0,0,0,1020,0.5,560,6,-1,-1,0,1,0,0,1,0,0,0,0,517.962,32.1,935.3838293,0.99,,,,
550,0,6.5,1.5,0,3,0,0,0.25,0,0,0,1020,0.5,560,6,-1,-1,0,1,0,0,1,0,0,0,0,521.806,31.904,844.7257863,0.99,,,,
25,0,6.5,1.5,0,3,0,0,0.25,0,0,0,960,0.75,560,4,-1,-1,0,1,0,0,1,0,0,0,0,986.813184,22.6022692,1370.256974,0.68984,,,,
25,2000,6.5,1.5,0,3,0,0,0.25,0,0,0,960,0.75,560,4,-1,-1,0,1,0,0,1,0,0,0,0,1199.38,14.271638,1516.389793,0.68984,,,,
25,3000,6.5,1.5,0,3,0,0,0.25,0,0,0,960,0.75,560,4,-1,-1,0,1,0,0,1,0,0,0,0,1426.632,16.1793184,1555.860269,0.68984,,,,
25,4000,6.5,1.5,0,3,0,0,0.25,0,0,0,960,0.75,560,4,-1,-1,0,1,0,0,1,0,0,0,0,1462.846,16.7267269,1595.441049,0.68984,,,,
350,0,6.5,1.5,0,3,0,0,0.25,0,0,0,960,0.75,560,4,-1,-1,0,1,0,0,1,0,0,0,0,594.54,29.103,949.040127,0.68984,,,,
450,0,6.5,1.5,0,3,0,0,0.25,0,0,0,960,0.75,560,4,-1,-1,0,1,0,0,1,0,0,0,0,532.12,23.396,929.2607866,0.68984,,,,
550,0,6.5,1.5,0,3,0,0,0.25,0,0,0,960,0.75,560,4,-1,-1,0,1,0,0,1,0,0,0,0,537.936,26.5641919,847.8413169,0.68984,,,,
25,0,6.5,1.5,0,3,0,0,0.25,0,0,0,960,0.5,530,8,-1,-1,0,1,0,0,1,0,0,0,0,960.621032,21.2327259,1362.943845,0.47413,,,,
25,2000,6.5,1.5,0,3,0,0,0.25,0,0,0,960,0.5,530,8,-1,-1,0,1,0,0,1,0,0,0,0,1292.608,15.118135,1543.261284,0.47413,,,,
25,2500,6.5,1.5,0,3,0,0,0.25,0,0,0,960,0.5,530,8,-1,-1,0,1,0,0,1,0,0,0,0,1484.651,15.891243,1629.884463,0.47413,,,,
25,3000,6.5,1.5,0,3,0,0,0.25,0,0,0,960,0.5,530,8,-1,-1,0,1,0,0,1,0,0,0,0,1404.97,19.0570088,1592.025051,0.47413,,,,
25,4000,6.5,1.5,0,3,0,0,0.25,0,0,0,960,0.5,530,8,-1,-1,0,1,0,0,1,0,0,0,0,1459.205,17.32296,1592.131812,0.47413,,,,
350,0,6.5,1.5,0,3,0,0,0.25,0,0,0,960,0.5,530,8,-1,-1,0,1,0,0,1,0,0,0,0,621.418,28.209,1001.1338,0.47413,,,,
450,0,6.5,1.5,0,3,0,0,0.25,0,0,0,960,0.5,530,8,-1,-1,0,1,0,0,1,0,0,0,0,530.584,30.889,967.6043931,0.47413,,,,
550,0,6.5,1.5,0,3,0,0,0.25,0,0,0,960,0.5,530,8,-1,-1,0,1,0,0,1,0,0,0,0,530.116,33.796,910.1596106,0.47413,,,,
25,0,6.5,1.5,0,3,0,0,0.25,0,0,0,1050,2,-1,-1,-1,-1,0,1,0,0,0,0,0,0,0,844.91321,29.289564,1244.867192,0.41131,,,,
25,2000,6.5,1.5,0,3,0,0,0.25,0,0,0,1050,2,-1,-1,-1,-1,0,1,0,0,0,0,0,0,0,1241.666,15.282782,1367.631058,0.41131,,,,
25,3000,6.5,1.5,0,3,0,0,0.25,0,0,0,1050,2,-1,-1,-1,-1,0,1,0,0,0,0,0,0,0,1308.395,12.5815161,1418.861606,0.41131,,,,
25,4000,6.5,1.5,0,3,0,0,0.25,0,0,0,1050,2,-1,-1,-1,-1,0,1,0,0,0,0,0,0,0,1275.475,11.4247297,1455.115499,0.41131,,,,
350,0,6.5,1.5,0,3,0,0,0.25,0,0,0,1050,2,-1,-1,-1,-1,0,1,0,0,0,0,0,0,0,513.072,27.595,900.0234776,0.41131,,,,
450,0,6.5,1.5,0,3,0,0,0.25,0,0,0,1050,2,-1,-1,-1,-1,0,1,0,0,0,0,0,0,0,494.342,24.498,851.8442402,0.41131,,,,
550,0,6.5,1.5,0,3,0,0,0.25,0,0,0,1050,2,-1,-1,-1,-1,0,1,0,0,0,0,0,0,0,469.514,65.969,815.8242493,0.41131,,,,
25,0,6.5,1.5,0,3,0,0,0.25,0,0,0,1050,2,-1,-1,-1,-1,0,0,1,0,0,0,0,0,0,916.14949,18.3442184,1215.437542,0.9089,,,,
25,1500,6.5,1.5,0,3,0,0,0.25,0,0,0,1050,2,-1,-1,-1,-1,0,0,1,0,0,0,0,0,0,1066.057,11.646962,1433.149157,0.9089,,,,
25,3000,6.5,1.5,0,3,0,0,0.25,0,0,0,1050,2,-1,-1,-1,-1,0,0,1,0,0,0,0,0,0,1333.969,14.234826,1451.389665,0.9089,,,,
25,3500,6.5,1.5,0,3,0,0,0.25,0,0,0,1050,2,-1,-1,-1,-1,0,0,1,0,0,0,0,0,0,1396.9988,12.303581,1524.821713,0.9089,,,,
25,4000,6.5,1.5,0,3,0,0,0.25,0,0,0,1050,2,-1,-1,-1,-1,0,0,1,0,0,0,0,0,0,1443.327,14.48094,1583.215321,0.9089,,,,
350,0,6.5,1.5,0,3,0,0,0.25,0,0,0,1050,2,-1,-1,-1,-1,0,0,1,0,0,0,0,0,0,442.254,28.398,797.8659578,0.9089,,,,
450,0,6.5,1.5,0,3,0,0,0.25,0,0,0,1050,2,-1,-1,-1,-1,0,0,1,0,0,0,0,0,0,527.678,29.998,794.2985205,0.9089,,,,
550,0,6.5,1.5,0,3,0,0,0.25,0,0,0,1050,2,-1,-1,-1,-1,0,0,1,0,0,0,0,0,0,368.844,25.099,727.5090741,0.9089,,,,
25,0,6.5,1.5,0,3,0,0,0.25,0,0,0,1020,0.5,-1,-1,-1,-1,1,0,0,0,0,0,0,0,0,1156.23081,7.0959089,1384.793115,0.4023,,,,
25,1000,6.5,1.5,0,3,0,0,0.25,0,0,0,1020,0.5,-1,-1,-1,-1,1,0,0,0,0,0,0,0,0,1391.262,8.1844721,1665.159995,0.4023,,,,
25,2000,6.5,1.5,0,3,0,0,0.25,0,0,0,1020,0.5,-1,-1,-1,-1,1,0,0,0,0,0,0,0,0,1286.17,14.252879,1552.011845,0.4023,,,,
25,2500,6.5,1.5,0,3,0,0,0.25,0,0,0,1020,0.5,-1,-1,-1,-1,1,0,0,0,0,0,0,0,0,1560.484,8.065757,1677.788887,0.4023,,,,
25,3000,6.5,1.5,0,3,0,0,0.25,0,0,0,1020,0.5,-1,-1,-1,-1,1,0,0,0,0,0,0,0,0,1445.003,13.234516,1576.48827,0.4023,,,,
25,3500,6.5,1.5,0,3,0,0,0.25,0,0,0,1020,0.5,-1,-1,-1,-1,1,0,0,0,0,0,0,0,0,1422.189,15.540608,1593.446416,0.4023,,,,
350,0,6.5,1.5,0,3,0,0,0.25,0,0,0,1020,0.5,-1,-1,-1,-1,1,0,0,0,0,0,0,0,0,779.622,8.899,1050.189262,0.4023,,,,
450,0,6.5,1.5,0,3,0,0,0.25,0,0,0,1020,0.5,-1,-1,-1,-1,1,0,0,0,0,0,0,0,0,702.988,11.902,979.6747582,0.4023,,,,
550,0,6.5,1.5,0,3,0,0,0.25,0,0,0,1020,0.5,-1,-1,-1,-1,1,0,0,0,0,0,0,0,0,588.904,14.201,884.6140173,0.4023,,,,
25,0,5,2,2,4,4,0,0,0,0,0,800,1,630,8,-1,-1,1,0,0,0,1,0,0,0,0,1199.795898,20.9733864,1466.283522,0.08179,,,,
25,1000,5,2,2,4,4,0,0,0,0,0,800,1,630,8,-1,-1,1,0,0,0,1,0,0,0,0,1352.001,8.4405369,1619.41685,0.08179,,,,
25,2000,5,2,2,4,4,0,0,0,0,0,800,1,630,8,-1,-1,1,0,0,0,1,0,0,0,0,1415.435,15.226956,1630.378268,0.08179,,,,
25,2500,5,2,2,4,4,0,0,0,0,0,800,1,630,8,-1,-1,1,0,0,0,1,0,0,0,0,1574.729,20.037477,1672.696769,0.08179,,,,
25,3000,5,2,2,4,4,0,0,0,0,0,800,1,630,8,-1,-1,1,0,0,0,1,0,0,0,0,1387.013,22.328814,1662.329211,0.08179,,,,
350,0,5,2,2,4,4,0,0,0,0,0,800,1,630,8,-1,-1,1,0,0,0,1,0,0,0,0,736.382,14.195,1113.477714,0.08179,,,,
450,0,5,2,2,4,4,0,0,0,0,0,800,1,630,8,-1,-1,1,0,0,0,1,0,0,0,0,1008.708,61.099,1096.183251,0.08179,,,,
550,0,5,2,2,4,4,0,0,0,0,0,800,1,630,8,-1,-1,1,0,0,0,1,0,0,0,0,550.5,65.091,716.8149178,0.08179,,,,
25,0,5,2,2,4,4,0,0,0,0,0,840,1,800,1,630,8,0,1,0,1,0,0,0,1,0,1173.932984,26.9829057,1488.78564,0.05471,,,,
25,2000,5,2,2,4,4,0,0,0,0,0,840,1,800,1,630,8,0,1,0,1,0,0,0,1,0,1553.3,12.2955033,1655.918443,0.05471,,,,
25,3000,5,2,2,4,4,0,0,0,0,0,840,1,800,1,630,8,0,1,0,1,0,0,0,1,0,1575.35,21.2314609,1693.770931,0.05471,,,,
25,4000,5,2,2,4,4,0,0,0,0,0,840,1,800,1,630,8,0,1,0,1,0,0,0,1,0,1683.756,18.1709129,1774.24965,0.05471,,,,
350,0,5,2,2,4,4,0,0,0,0,0,840,1,800,1,630,8,0,1,0,1,0,0,0,1,0,715.542,26.594,1068.822777,0.05471,,,,
450,0,5,2,2,4,4,0,0,0,0,0,840,1,800,1,630,8,0,1,0,1,0,0,0,1,0,663.692,31.393,961.0514655,0.05471,,,,
550,0,5,2,2,4,4,0,0,0,0,0,840,1,800,1,630,8,0,1,0,1,0,0,0,1,0,536.598,65.189,713.5682844,0.05471,,,,
25,0,5,2,2,4,4,0,0,0,0,0,910,0.33,-1,-1,-1,-1,0,0,1,0,0,0,0,0,0,1025.487694,26.4747101,1416.640986,0.69895,,,,
25,2000,5,2,2,4,4,0,0,0,0,0,910,0.33,-1,-1,-1,-1,0,0,1,0,0,0,0,0,0,1439.46,14.805181,1600.289318,0.69895,,,,
25,3000,5,2,2,4,4,0,0,0,0,0,910,0.33,-1,-1,-1,-1,0,0,1,0,0,0,0,0,0,1544.79,22.207012,1668.565454,0.69895,,,,
25,4000,5,2,2,4,4,0,0,0,0,0,910,0.33,-1,-1,-1,-1,0,0,1,0,0,0,0,0,0,1649.315,22.599025,1693.384168,0.69895,,,,
350,0,5,2,2,4,4,0,0,0,0,0,910,0.33,-1,-1,-1,-1,0,0,1,0,0,0,0,0,0,606.834,31.997,1082.391242,0.69895,,,,
450,0,5,2,2,4,4,0,0,0,0,0,910,0.33,-1,-1,-1,-1,0,0,1,0,0,0,0,0,0,625.076,35.004,1035.863131,0.69895,,,,
550,0,5,2,2,4,4,0,0,0,0,0,910,0.33,-1,-1,-1,-1,0,0,1,0,0,0,0,0,0,717.002,61.997,772.3257064,0.69895,,,,
25,0,5,2,2,4,4,0,0,0,0,0,810,4,-1,-1,-1,-1,0,1,0,0,0,0,0,0,0,1119.125246,17.2806964,1421.264827,0.13758,,,,
25,2000,5,2,2,4,4,0,0,0,0,0,810,4,-1,-1,-1,-1,0,1,0,0,0,0,0,0,0,1398.048,13.5489737,1583.535481,0.13758,,,,
25,3000,5,2,2,4,4,0,0,0,0,0,810,4,-1,-1,-1,-1,0,1,0,0,0,0,0,0,0,1486.991,15.5177915,1665.181014,0.13758,,,,
25,4000,5,2,2,4,4,0,0,0,0,0,810,4,-1,-1,-1,-1,0,1,0,0,0,0,0,0,0,1576.217,19.5286605,1723.739963,0.13758,,,,
350,0,5,2,2,4,4,0,0,0,0,0,810,4,-1,-1,-1,-1,0,1,0,0,0,0,0,0,0,710.272,23.901,1096.239968,0.13758,,,,
450,0,5,2,2,4,4,0,0,0,0,0,810,4,-1,-1,-1,-1,0,1,0,0,0,0,0,0,0,597.91,21.4,1153.582522,0.13758,,,,
550,0,5,2,2,4,4,0,0,0,0,0,810,4,-1,-1,-1,-1,0,1,0,0,0,0,0,0,0,593.322,65.092,822.8072155,0.13758,,,,
25,0,5,0,0,4.75,1,0,0,4.75,0,1,890,0.5,750,2,570,4,0,1,0,0,1,0,0,1,0,1090.46,23.2386133,1464.972154,0.43842,,,,
25,2000,5,0,0,4.75,1,0,0,4.75,0,1,890,0.5,750,2,570,4,0,1,0,0,1,0,0,1,0,1521.012328,14.983802,1762.480639,0.43842,,,,
25,2500,5,0,0,4.75,1,0,0,4.75,0,1,890,0.5,750,2,570,4,0,1,0,0,1,0,0,1,0,1798.212638,19.245906,1935.940891,0.43842,,,,
25,3000,5,0,0,4.75,1,0,0,4.75,0,1,890,0.5,750,2,570,4,0,1,0,0,1,0,0,1,0,1645.67238,17.7129715,1815.535889,0.43842,,,,
25,4000,5,0,0,4.75,1,0,0,4.75,0,1,890,0.5,750,2,570,4,0,1,0,0,1,0,0,1,0,937.5472888,18.0733174,966.9444601,0.43842,,,,
350,0,5,0,0,4.75,1,0,0,4.75,0,1,890,0.5,750,2,570,4,0,1,0,0,1,0,0,1,0,844.898,17.1518,1387.05065,0.43842,,,,
450,0,5,0,0,4.75,1,0,0,4.75,0,1,890,0.5,750,2,570,4,0,1,0,0,1,0,0,1,0,819.46,41.6378,1363.133333,0.43842,,,,
550,0,5,0,0,4.75,1,0,0,4.75,0,1,890,0.5,750,2,570,4,0,1,0,0,1,0,0,1,0,676.97,46.269,846.4633333,0.43842,,,,
25,0,5,0,0,4.75,1,0,0,4.75,0,1,830,2,750,2,570,4,0,1,0,0,1,0,0,1,0,1131.14,27.0456619,1449.946097,0.03644,,,,
25,2000,5,0,0,4.75,1,0,0,4.75,0,1,830,2,750,2,570,4,0,1,0,0,1,0,0,1,0,1314.653207,19.6032665,1703.675432,0.03644,,,,
25,3000,5,0,0,4.75,1,0,0,4.75,0,1,830,2,750,2,570,4,0,1,0,0,1,0,0,1,0,1935.209975,19.2472479,1940.91714,0.03644,,,,
25,4000,5,0,0,4.75,1,0,0,4.75,0,1,830,2,750,2,570,4,0,1,0,0,1,0,0,1,0,868.9186007,21.5736921,942.1589334,0.03644,,,,
350,0,5,0,0,4.75,1,0,0,4.75,0,1,830,2,750,2,570,4,0,1,0,0,1,0,0,1,0,745.304,22.5361,1402.499792,0.03644,,,,
450,0,5,0,0,4.75,1,0,0,4.75,0,1,830,2,750,2,570,4,0,1,0,0,1,0,0,1,0,821.388,36.1128,1316.8,0.03644,,,,
550,0,5,0,0,4.75,1,0,0,4.75,0,1,830,2,750,2,570,4,0,1,0,0,1,0,0,1,0,599.69,51.1634,970.5566667,0.03644,,,,
25,0,5,0,0,4.75,1,0,0,4.75,0,1,550,1,-1,-1,-1,-1,0,1,0,0,0,0,0,0,0,1167.48,23.8011027,1465.634597,0.0726,,,,
25,2000,5,0,0,4.75,1,0,0,4.75,0,1,550,1,-1,-1,-1,-1,0,1,0,0,0,0,0,0,0,1519.634297,14.5546308,1772.931025,0.0726,,,,
25,3000,5,0,0,4.75,1,0,0,4.75,0,1,550,1,-1,-1,-1,-1,0,1,0,0,0,0,0,0,0,1892.00148,16.5279509,1892.00148,0.0726,,,,
25,4000,5,0,0,4.75,1,0,0,4.75,0,1,550,1,-1,-1,-1,-1,0,1,0,0,0,0,0,0,0,917.6684508,18.182212,980.8614857,0.0726,,,,
350,0,5,0,0,4.75,1,0,0,4.75,0,1,550,1,-1,-1,-1,-1,0,1,0,0,0,0,0,0,0,683.052,23.3367,1370.519995,0.0726,,,,
450,0,5,0,0,4.75,1,0,0,4.75,0,1,550,1,-1,-1,-1,-1,0,1,0,0,0,0,0,0,0,760.814,47.1959,1673.533333,0.0726,,,,
550,0,5,0,0,4.75,1,0,0,4.75,0,1,550,1,-1,-1,-1,-1,0,1,0,0,0,0,0,0,0,655.02,52.2875,1101.366667,0.0726,,,,
25,0,5,0,0,4.75,1,0,0,4.75,0,1,700,1,-1,-1,-1,-1,0,1,0,0,0,0,0,0,0,957.348,72.1565174,1296.62703,0.01,,,,
25,2000,5,0,0,4.75,1,0,0,4.75,0,1,700,1,-1,-1,-1,-1,0,1,0,0,0,0,0,0,0,1244.001505,24.4252657,1484.736912,0.01,,,,
25,3000,5,0,0,4.75,1,0,0,4.75,0,1,700,1,-1,-1,-1,-1,0,1,0,0,0,0,0,0,0,1547.028979,22.8531391,1637.725703,0.01,,,,
25,4000,5,0,0,4.75,1,0,0,4.75,0,1,700,1,-1,-1,-1,-1,0,1,0,0,0,0,0,0,0,767.5113163,16.9540252,873.6841316,0.01,,,,
350,0,5,0,0,4.75,1,0,0,4.75,0,1,700,1,-1,-1,-1,-1,0,1,0,0,0,0,0,0,0,648.458,38.7796,1489.9,0.01,,,,
450,0,5,0,0,4.75,1,0,0,4.75,0,1,700,1,-1,-1,-1,-1,0,1,0,0,0,0,0,0,0,642.134,42.584,1486.833333,0.01,,,,
550,0,5,0,0,4.75,1,0,0,4.75,0,1,700,1,-1,-1,-1,-1,0,1,0,0,0,0,0,0,0,545.928,50.5876,890.5366667,0.01,,,,
25,0,5,0,0,4.75,1,0,0,4.75,0,1,905,1,-1,-1,-1,-1,1,0,0,0,0,0,0,0,0,839.1,24.3237846,1106.974108,0.20156,,,,
25,2000,5,0,0,4.75,1,0,0,4.75,0,1,905,1,-1,-1,-1,-1,1,0,0,0,0,0,0,0,0,988.1785586,14.2565589,1362.112605,0.20156,,,,
25,3500,5,0,0,4.75,1,0,0,4.75,0,1,905,1,-1,-1,-1,-1,1,0,0,0,0,0,0,0,0,1381.017274,9.1407101,1510.213385,0.20156,,,,
25,4000,5,0,0,4.75,1,0,0,4.75,0,1,905,1,-1,-1,-1,-1,1,0,0,0,0,0,0,0,0,716.680029,7.3923486,805.032853,0.20156,,,,
350,0,5,0,0,4.75,1,0,0,4.75,0,1,905,1,-1,-1,-1,-1,1,0,0,0,0,0,0,0,0,765.3197229,18.6127,1152.172977,0.20156,,,,
450,0,5,0,0,4.75,1,0,0,4.75,0,1,905,1,-1,-1,-1,-1,1,0,0,0,0,0,0,0,0,1114.94,5.6699,1431.654068,0.20156,,,,
550,0,5,0,0,4.75,1,0,0,4.75,0,1,905,1,-1,-1,-1,-1,1,0,0,0,0,0,0,0,0,874.538,48.0973,1127.333333,0.20156,,,,
25,0,5,0,0,4.75,1,0,0,4.75,0,1,850,2,760,2,650,4,0,0,1,0,1,0,0,1,0,956.352,69.3855431,1316.328178,0.06357,,,,
25,2000,5,0,0,4.75,1,0,0,4.75,0,1,850,2,760,2,650,4,0,0,1,0,1,0,0,1,0,1328.236358,26.1156802,1516.389076,0.06357,,,,
25,3500,5,0,0,4.75,1,0,0,4.75,0,1,850,2,760,2,650,4,0,0,1,0,1,0,0,1,0,1686.45437,19.1162546,1726.208433,0.06357,,,,
25,4000,5,0,0,4.75,1,0,0,4.75,0,1,850,2,760,2,650,4,0,0,1,0,1,0,0,1,0,818.5146246,25.8176526,844.7505665,0.06357,,,,
350,0,5,0,0,4.75,1,0,0,4.75,0,1,850,2,760,2,650,4,0,0,1,0,1,0,0,1,0,674.858,27.8292,1358.03112,0.06357,,,,
450,0,5,0,0,4.75,1,0,0,4.75,0,1,850,2,760,2,650,4,0,0,1,0,1,0,0,1,0,660.058,42.5386,1402.133333,0.06357,,,,
550,0,5,0,0,4.75,1,0,0,4.75,0,1,850,2,760,2,650,4,0,0,1,0,1,0,0,1,0,534.864,50.2855,941.3333333,0.06357,,,,
25,0,6,2,2,3,1,2,0,0,0,0,900,0.75,-1,-1,-1,-1,0,1,0,0,0,0,0,0,0,1095.64004,22.0896079,1462.283482,0.2902,,,,
25,1500,6,2,2,3,1,2,0,0,0,0,900,0.75,-1,-1,-1,-1,0,1,0,0,0,0,0,0,0,1277.787,10.6023689,1583.340153,0.2902,,,,
25,2000,6,2,2,3,1,2,0,0,0,0,900,0.75,-1,-1,-1,-1,0,1,0,0,0,0,0,0,0,1227.932,15.3416224,1543.916816,0.2902,,,,
25,3000,6,2,2,3,1,2,0,0,0,0,900,0.75,-1,-1,-1,-1,0,1,0,0,0,0,0,0,0,1459.441,21.2139456,1649.583051,0.2902,,,,
25,4000,6,2,2,3,1,2,0,0,0,0,900,0.75,-1,-1,-1,-1,0,1,0,0,0,0,0,0,0,1538.126,22.7534299,1658.761253,0.2902,,,,
350,0,6,2,2,3,1,2,0,0,0,0,900,0.75,-1,-1,-1,-1,0,1,0,0,0,0,0,0,0,727.874,26.499,1126.7875,0.2902,,,,
450,0,6,2,2,3,1,2,0,0,0,0,900,0.75,-1,-1,-1,-1,0,1,0,0,0,0,0,0,0,640.814,34.504,1076.090181,0.2902,,,,
550,0,6,2,2,3,1,2,0,0,0,0,900,0.75,-1,-1,-1,-1,0,1,0,0,0,0,0,0,0,646.952,65.298,864.4787396,0.2902,,,,
25,0,6,2,2,3,1,2,0,0,0,0,900,0.75,590,4,-1,-1,0,1,0,0,1,0,0,0,0,1193.247828,17.9007056,1487.393615,0.26572,,,,
25,2000,6,2,2,3,1,2,0,0,0,0,900,0.75,590,4,-1,-1,0,1,0,0,1,0,0,0,0,1291.121,16.465353,1578.579552,0.26572,,,,
25,3000,6,2,2,3,1,2,0,0,0,0,900,0.75,590,4,-1,-1,0,1,0,0,1,0,0,0,0,1345.472,23.460635,1525.036914,0.26572,,,,
25,3500,6,2,2,3,1,2,0,0,0,0,900,0.75,590,4,-1,-1,0,1,0,0,1,0,0,0,0,1449.327,25.49188,1605.673898,0.26572,,,,
25,4000,6,2,2,3,1,2,0,0,0,0,900,0.75,590,4,-1,-1,0,1,0,0,1,0,0,0,0,1497.84,30.410283,1651.938996,0.26572,,,,
350,0,6,2,2,3,1,2,0,0,0,0,900,0.75,590,4,-1,-1,0,1,0,0,1,0,0,0,0,743.58,31.716,1108.368766,0.26572,,,,
450,0,6,2,2,3,1,2,0,0,0,0,900,0.75,590,4,-1,-1,0,1,0,0,1,0,0,0,0,681.86,26.949,1049.768174,0.26572,,,,
550,0,6,2,2,3,1,2,0,0,0,0,900,0.75,590,4,-1,-1,0,1,0,0,1,0,0,0,0,619.856,65.268,831.160264,0.26572,,,,
25,0,6,2,2,3,1,2,0,0,0,0,820,1,-1,-1,-1,-1,0,0,1,0,0,0,0,0,0,1063.549634,30.5846043,1421.505257,0.10973,,,,
25,2000,6,2,2,3,1,2,0,0,0,0,820,1,-1,-1,-1,-1,0,0,1,0,0,0,0,0,0,1380.724,15.015254,1490.222821,0.10973,,,,
25,3000,6,2,2,3,1,2,0,0,0,0,820,1,-1,-1,-1,-1,0,0,1,0,0,0,0,0,0,1469.815,21.771434,1602.181506,0.10973,,,,
25,4000,6,2,2,3,1,2,0,0,0,0,820,1,-1,-1,-1,-1,0,0,1,0,0,0,0,0,0,1433.755,29.772495,1677.515673,0.10973,,,,
350,0,6,2,2,3,1,2,0,0,0,0,820,1,-1,-1,-1,-1,0,0,1,0,0,0,0,0,0,608.148,29.623,956.376408,0.10973,,,,
450,0,6,2,2,3,1,2,0,0,0,0,820,1,-1,-1,-1,-1,0,0,1,0,0,0,0,0,0,574.624,30.965,933.6287407,0.10973,,,,
550,0,6,2,2,3,1,2,0,0,0,0,820,1,-1,-1,-1,-1,0,0,1,0,0,0,0,0,0,558.308,65.17,794.3049204,0.10973,,,,
25,0,6,2,2,3,1,2,0,0,0,0,920,1,820,1,-1,-1,0,1,0,0,0,1,0,0,0,1059.009376,33.2261116,1456.441422,0.15494,,,,
25,2000,6,2,2,3,1,2,0,0,0,0,920,1,820,1,-1,-1,0,1,0,0,0,1,0,0,0,1372.546,12.171107,1488.060334,0.15494,,,,
25,3000,6,2,2,3,1,2,0,0,0,0,920,1,820,1,-1,-1,0,1,0,0,0,1,0,0,0,1444.866,22.3701439,1550.625325,0.15494,,,,
25,4000,6,2,2,3,1,2,0,0,0,0,920,1,820,1,-1,-1,0,1,0,0,0,1,0,0,0,1458.115,26.1518756,1588.964707,0.15494,,,,
350,0,6,2,2,3,1,2,0,0,0,0,920,1,820,1,-1,-1,0,1,0,0,0,1,0,0,0,644.29,31.3,1075.311363,0.15494,,,,
450,0,6,2,2,3,1,2,0,0,0,0,920,1,820,1,-1,-1,0,1,0,0,0,1,0,0,0,579.504,40.302,1023.190729,0.15494,,,,
550,0,6,2,2,3,1,2,0,0,0,0,920,1,820,1,-1,-1,0,1,0,0,0,1,0,0,0,567.396,4.38255,811.4302014,0.15494,,,,
25,0,6,2,2,3,1,2,0,0,0,0,985,0.75,-1,-1,-1,-1,0,1,0,0,0,0,0,0,0,979.062414,17.9485582,1406.053262,0.4683,,,,
25,2000,6,2,2,3,1,2,0,0,0,0,985,0.75,-1,-1,-1,-1,0,1,0,0,0,0,0,0,0,1258.815,13.302893,1563.246612,0.4683,,,,
25,3000,6,2,2,3,1,2,0,0,0,0,985,0.75,-1,-1,-1,-1,0,1,0,0,0,0,0,0,0,1322.069,16.5291248,1562.940571,0.4683,,,,
25,4000,6,2,2,3,1,2,0,0,0,0,985,0.75,-1,-1,-1,-1,0,1,0,0,0,0,0,0,0,1420.138,17.808745,1588.825137,0.4683,,,,
350,0,6,2,2,3,1,2,0,0,0,0,985,0.75,-1,-1,-1,-1,0,1,0,0,0,0,0,0,0,677.208,18.204,1041.336362,0.4683,,,,
450,0,6,2,2,3,1,2,0,0,0,0,985,0.75,-1,-1,-1,-1,0,1,0,0,0,0,0,0,0,630.496,18.405,1044.499965,0.4683,,,,
550,0,6,2,2,3,1,2,0,0,0,0,985,0.75,-1,-1,-1,-1,0,1,0,0,0,0,0,0,0,644.312,65.177,844.2866926,0.4683,,,,
25,0,6,2,2,3,1,2,0,0,0,0,900,0.75,620,4,-1,-1,0,1,0,0,1,0,0,0,0,1167.878904,20.8008664,1461.959832,0.38758,,,,
25,2000,6,2,2,3,1,2,0,0,0,0,900,0.75,620,4,-1,-1,0,1,0,0,1,0,0,0,0,1446.135,15.673406,1616.281567,0.38758,,,,
25,2500,6,2,2,3,1,2,0,0,0,0,900,0.75,620,4,-1,-1,0,1,0,0,1,0,0,0,0,1541.913,15.890635,1700.246996,0.38758,,,,
25,3000,6,2,2,3,1,2,0,0,0,0,900,0.75,620,4,-1,-1,0,1,0,0,1,0,0,0,0,1635.679,20.885555,1716.301465,0.38758,,,,
25,3500,6,2,2,3,1,2,0,0,0,0,900,0.75,620,4,-1,-1,0,1,0,0,1,0,0,0,0,1656.821,21.994678,1772.05725,0.38758,,,,
25,4000,6,2,2,3,1,2,0,0,0,0,900,0.75,620,4,-1,-1,0,1,0,0,1,0,0,0,0,1652.711,19.497549,1799.525353,0.38758,,,,
350,0,6,2,2,3,1,2,0,0,0,0,900,0.75,620,4,-1,-1,0,1,0,0,1,0,0,0,0,705.138,26.706,1121.73501,0.38758,,,,
450,0,6,2,2,3,1,2,0,0,0,0,900,0.75,620,4,-1,-1,0,1,0,0,1,0,0,0,0,636.278,22.606,970.9628556,0.38758,,,,
550,0,6,2,2,3,1,2,0,0,0,0,900,0.75,620,4,-1,-1,0,1,0,0,1,0,0,0,0,628.008,57.133,839.0178549,0.38758,,,,
25,0,6,2,2,3,1,2,0,0,0,0,1050,0.5,-1,-1,-1,-1,1,0,0,0,0,0,0,0,0,1490.663613,0.7729798,1565.060878,0.27633,,,,
25,2500,6,2,2,3,1,2,0,0,0,0,1050,0.5,-1,-1,-1,-1,1,0,0,0,0,0,0,0,0,1100.53696,2.548993,1365.696278,0.27633,,,,
25,3000,6,2,2,3,1,2,0,0,0,0,1050,0.5,-1,-1,-1,-1,1,0,0,0,0,0,0,0,0,1406.71,2.056455,1710.007303,0.27633,,,,
25,3500,6,2,2,3,1,2,0,0,0,0,1050,0.5,-1,-1,-1,-1,1,0,0,0,0,0,0,0,0,1503.413,2.4422788,1770.296334,0.27633,,,,
25,4000,6,2,2,3,1,2,0,0,0,0,1050,0.5,-1,-1,-1,-1,1,0,0,0,0,0,0,0,0,1576.1324,1.7116181,1888.657765,0.27633,,,,
550,0,6,2,2,3,1,2,0,0,0,0,1050,0.5,-1,-1,-1,-1,1,0,0,0,0,0,0,0,0,926.168,1.354,1068.4693,0.27633,,,,
25,0,0,0,0,0,15,0,0.2,25,0,0,600,4,-1,-1,-1,-1,0,1,0,0,0,0,0,0,0,859.718,66.6516934,1289.624171,0.02335,,,,
25,2000,0,0,0,0,15,0,0.2,25,0,0,600,4,-1,-1,-1,-1,0,1,0,0,0,0,0,0,0,1298.637734,28.1797353,1485.590249,0.02335,,,,
25,3000,0,0,0,0,15,0,0.2,25,0,0,600,4,-1,-1,-1,-1,0,1,0,0,0,0,0,0,0,1592.618998,38.1087213,1676.894312,0.02335,,,,
25,4000,0,0,0,0,15,0,0.2,25,0,0,600,4,-1,-1,-1,-1,0,1,0,0,0,0,0,0,0,757.4906409,25.5287675,807.0851558,0.02335,,,,
350,0,0,0,0,0,15,0,0.2,25,0,0,600,4,-1,-1,-1,-1,0,1,0,0,0,0,0,0,0,688.392,35.7106,1520.74,0.02335,,,,
450,0,0,0,0,0,15,0,0.2,25,0,0,600,4,-1,-1,-1,-1,0,1,0,0,0,0,0,0,0,675.6910522,33.3,1446.63108,0.02335,,,,
550,0,0,0,0,0,15,0,0.2,25,0,0,600,4,-1,-1,-1,-1,0,1,0,0,0,0,0,0,0,926.746,34.6502,1486.68,0.02335,,,,
25,0,0,0,0,0,15,0,0.2,25,0,0,700,4,-1,-1,-1,-1,0,1,0,0,0,0,0,0,0,932.14,70.6538445,1270.678133,0.10545,,,,
25,2500,0,0,0,0,15,0,0.2,25,0,0,700,4,-1,-1,-1,-1,0,1,0,0,0,0,0,0,0,633.5418174,42.955736,678.5495574,0.10545,,,,
25,3500,0,0,0,0,15,0,0.2,25,0,0,700,4,-1,-1,-1,-1,0,1,0,0,0,0,0,0,0,1510.421897,25.3223686,1581.774633,0.10545,,,,
25,4000,0,0,0,0,15,0,0.2,25,0,0,700,4,-1,-1,-1,-1,0,1,0,0,0,0,0,0,0,838.4045213,24.6448633,869.1018692,0.10545,,,,
350,0,0,0,0,0,15,0,0.2,25,0,0,700,4,-1,-1,-1,-1,0,1,0,0,0,0,0,0,0,689.864,39.1233,1559.333333,0.10545,,,,
450,0,0,0,0,0,15,0,0.2,25,0,0,700,4,-1,-1,-1,-1,0,1,0,0,0,0,0,0,0,639.2314583,37.5756,1523.126608,0.10545,,,,
550,0,0,0,0,0,15,0,0.2,25,0,0,700,4,-1,-1,-1,-1,0,1,0,0,0,0,0,0,0,686.164,34.2748,1165.272543,0.10545,,,,
25,0,0,0,0,0,15,0,0.2,25,0,0,850,1,550,6,-1,-1,1,0,0,0,1,0,0,0,0,879.382,69.573653,1291.413447,0.03476,,,,
25,2000,0,0,0,0,15,0,0.2,25,0,0,850,1,550,6,-1,-1,1,0,0,0,1,0,0,0,0,1268.512355,29.8581636,1473.391892,0.03476,,,,
25,3500,0,0,0,0,15,0,0.2,25,0,0,850,1,550,6,-1,-1,1,0,0,0,1,0,0,0,0,1524.699025,23.3664954,1625.589011,0.03476,,,,
25,4000,0,0,0,0,15,0,0.2,25,0,0,850,1,550,6,-1,-1,1,0,0,0,1,0,0,0,0,746.7404586,36.0220346,841.5354974,0.03476,,,,
350,0,0,0,0,0,15,0,0.2,25,0,0,850,1,550,6,-1,-1,1,0,0,0,1,0,0,0,0,673.142,38.2448,1559.36,0.03476,,,,
450,0,0,0,0,0,15,0,0.2,25,0,0,850,1,550,6,-1,-1,1,0,0,0,1,0,0,0,0,668.85,38.8656,1508.88,0.03476,,,,
550,0,0,0,0,0,15,0,0.2,25,0,0,850,1,550,6,-1,-1,1,0,0,0,1,0,0,0,0,655,41.2825,1622.44,0.03476,,,,
25,0,0,0,0,0,15,0,0.2,25,0,0,900,1,400,10,600,5,1,0,0,0,1,0,0,1,0,880.95,68.072071,1302.843801,0.12168,,,,
25,2000,0,0,0,0,15,0,0.2,25,0,0,900,1,400,10,600,5,1,0,0,0,1,0,0,1,0,1207.893534,28.9875419,1467.021543,0.12168,,,,
25,3000,0,0,0,0,15,0,0.2,25,0,0,900,1,400,10,600,5,1,0,0,0,1,0,0,1,0,1506.764522,29.7967446,1617.799146,0.12168,,,,
25,4000,0,0,0,0,15,0,0.2,25,0,0,900,1,400,10,600,5,1,0,0,0,1,0,0,1,0,801.3643854,25.8685956,854.2311229,0.12168,,,,
350,0,0,0,0,0,15,0,0.2,25,0,0,900,1,400,10,600,5,1,0,0,0,1,0,0,1,0,694.8742041,34.5231,1474.531663,0.12168,,,,
450,0,0,0,0,0,15,0,0.2,25,0,0,900,1,400,10,600,5,1,0,0,0,1,0,0,1,0,675.4744641,35.4188,1494.631547,0.12168,,,,
550,0,0,0,0,0,15,0,0.2,25,0,0,900,1,400,10,600,5,1,0,0,0,1,0,0,1,0,656.328,36.7299,1352.32,0.12168,,,,
25,0,0,0,0,0,15,0,0.2,25,0,0,900,1,700,6,560,5,1,0,0,0,1,0,0,1,0,869.452,69.7028704,1274.9476,0.18259,,,,
25,2000,0,0,0,0,15,0,0.2,25,0,0,900,1,700,6,560,5,1,0,0,0,1,0,0,1,0,1139.026011,30.6368956,1373.667868,0.18259,,,,
25,3000,0,0,0,0,15,0,0.2,25,0,0,900,1,700,6,560,5,1,0,0,0,1,0,0,1,0,1578.813772,32.5079292,1631.104668,0.18259,,,,
25,4000,0,0,0,0,15,0,0.2,25,0,0,900,1,700,6,560,5,1,0,0,0,1,0,0,1,0,809.2291884,39.9729007,866.1384397,0.18259,,,,
350,0,0,0,0,0,15,0,0.2,25,0,0,900,1,700,6,560,5,1,0,0,0,1,0,0,1,0,700.866,37.6505,1595.857766,0.18259,,,,
450,0,0,0,0,0,15,0,0.2,25,0,0,900,1,700,6,560,5,1,0,0,0,1,0,0,1,0,677.315528,39.4697,1585.631044,0.18259,,,,
550,0,0,0,0,0,15,0,0.2,25,0,0,900,1,700,6,560,5,1,0,0,0,1,0,0,1,0,653.37,46.7695,1690.566667,0.18259,,,,
25,0,0,0,0,0,0,45,0,0,0,0,750,1,-1,-1,-1,-1,0,1,0,0,0,0,0,0,0,456.48,81.5475279,666.1800929,0.1433,,,,
25,2000,0,0,0,0,0,45,0,0,0,0,750,1,-1,-1,-1,-1,0,1,0,0,0,0,0,0,0,1121.023114,31.2685841,1415.645334,0.1433,,,,
25,3500,0,0,0,0,0,45,0,0,0,0,750,1,-1,-1,-1,-1,0,1,0,0,0,0,0,0,0,736.341859,41.9876251,775.1092287,0.1433,,,,
25,4000,0,0,0,0,0,45,0,0,0,0,750,1,-1,-1,-1,-1,0,1,0,0,0,0,0,0,0,728.3978286,49.9054187,774.5862078,0.1433,,,,
350,0,0,0,0,0,0,45,0,0,0,0,750,1,-1,-1,-1,-1,0,1,0,0,0,0,0,0,0,200.172,49.1749,601,0.1433,,,,
450,0,0,0,0,0,0,45,0,0,0,0,750,1,-1,-1,-1,-1,0,1,0,0,0,0,0,0,0,180.912,59.6001,723.0066667,0.1433,,,,
550,0,0,0,0,0,0,45,0,0,0,0,750,1,-1,-1,-1,-1,0,1,0,0,0,0,0,0,0,123.484,50.3673,343.86,0.1433,,,,
25,0,0,0,0,0,0,45,0,0,0,0,800,1,-1,-1,-1,-1,0,1,0,0,0,0,0,0,0,470.044,73.3887928,670.3904648,0.03394,,,,
25,2000,0,0,0,0,0,45,0,0,0,0,800,1,-1,-1,-1,-1,0,1,0,0,0,0,0,0,0,664.8141997,38.4032937,704.724587,0.03394,,,,
25,3000,0,0,0,0,0,45,0,0,0,0,800,1,-1,-1,-1,-1,0,1,0,0,0,0,0,0,0,780.2091772,37.5473234,810.2888328,0.03394,,,,
25,4000,0,0,0,0,0,45,0,0,0,0,800,1,-1,-1,-1,-1,0,1,0,0,0,0,0,0,0,816.2399366,43.5130803,818.8783311,0.03394,,,,
350,0,0,0,0,0,0,45,0,0,0,0,800,1,-1,-1,-1,-1,0,1,0,0,0,0,0,0,0,195.824,46.7387,567.0466667,0.03394,,,,
450,0,0,0,0,0,0,45,0,0,0,0,800,1,-1,-1,-1,-1,0,1,0,0,0,0,0,0,0,181.462,59.3851,714.0533333,0.03394,,,,
550,0,0,0,0,0,0,45,0,0,0,0,800,1,-1,-1,-1,-1,0,1,0,0,0,0,0,0,0,111.48,50.8619,315.1366667,0.03394,,,,
25,0,0,0,0,0,0,45,0,0,0,0,850,1,-1,-1,-1,-1,0,1,0,0,0,0,0,0,0,430.45,74.4215237,654.1589914,0.04711,,,,
25,2000,0,0,0,0,0,45,0,0,0,0,850,1,-1,-1,-1,-1,0,1,0,0,0,0,0,0,0,644.8336565,37.4482962,698.8828036,0.04711,,,,
25,3000,0,0,0,0,0,45,0,0,0,0,850,1,-1,-1,-1,-1,0,1,0,0,0,0,0,0,0,757.2063537,37.1669156,789.1576291,0.04711,,,,
25,4000,0,0,0,0,0,45,0,0,0,0,850,1,-1,-1,-1,-1,0,1,0,0,0,0,0,0,0,835.5884865,43.4314561,835.5884865,0.04711,,,,
350,0,0,0,0,0,0,45,0,0,0,0,850,1,-1,-1,-1,-1,0,1,0,0,0,0,0,0,0,194.004,50.0494,614.6466667,0.04711,,,,
450,0,0,0,0,0,0,45,0,0,0,0,850,1,-1,-1,-1,-1,0,1,0,0,0,0,0,0,0,146.898,61.3869,676.3466667,0.04711,,,,
550,0,0,0,0,0,0,45,0,0,0,0,850,1,-1,-1,-1,-1,0,1,0,0,0,0,0,0,0,119.56,54.2116,380.14,0.04711,,,,
25,0,0,0,0,0,0,45,0,0,0,0,900,1,-1,-1,-1,-1,0,1,0,0,0,0,0,0,0,438.678,72.0678719,656.9615532,0.07179,,,,
25,2000,0,0,0,0,0,45,0,0,0,0,900,1,-1,-1,-1,-1,0,1,0,0,0,0,0,0,0,687.4299619,33.1977408,706.4534044,0.07179,,,,
25,3000,0,0,0,0,0,45,0,0,0,0,900,1,-1,-1,-1,-1,0,1,0,0,0,0,0,0,0,761.2918334,33.2768867,767.8215665,0.07179,,,,
25,4000,0,0,0,0,0,45,0,0,0,0,900,1,-1,-1,-1,-1,0,1,0,0,0,0,0,0,0,840.0225395,43.2232282,840.0225395,0.07179,,,,
350,0,0,0,0,0,0,45,0,0,0,0,900,1,-1,-1,-1,-1,0,1,0,0,0,0,0,0,0,196.302,49.3519,604.08,0.07179,,,,
450,0,0,0,0,0,0,45,0,0,0,0,900,1,-1,-1,-1,-1,0,1,0,0,0,0,0,0,0,181.382,58.4198,701.12,0.07179,,,,
550,0,0,0,0,0,0,45,0,0,0,0,900,1,-1,-1,-1,-1,0,1,0,0,0,0,0,0,0,119.996,53.02087,373.35,0.07179,,,,
25,0,5.7,3.25,3.75,1.2,0,0.45,0.4,0,0.85,0,995,2,700,2,-1,-1,0,1,0,0,1,0,0,0,0,1010.862412,26.6051052,1406.045691,0.28484,,,,
25,1500,5.7,3.25,3.75,1.2,0,0.45,0.4,0,0.85,0,995,2,700,2,-1,-1,0,1,0,0,1,0,0,0,0,1125.664,10.628375,1479.770212,0.28484,,,,
25,2000,5.7,3.25,3.75,1.2,0,0.45,0.4,0,0.85,0,995,2,700,2,-1,-1,0,1,0,0,1,0,0,0,0,1326.217,15.5274003,1517.38951,0.28484,,,,
25,3000,5.7,3.25,3.75,1.2,0,0.45,0.4,0,0.85,0,995,2,700,2,-1,-1,0,1,0,0,1,0,0,0,0,1378.478,22.3014829,1594.282815,0.28484,,,,
25,4000,5.7,3.25,3.75,1.2,0,0.45,0.4,0,0.85,0,995,2,700,2,-1,-1,0,1,0,0,1,0,0,0,0,1418.444,16.8297841,1603.287302,0.28484,,,,
350,0,5.7,3.25,3.75,1.2,0,0.45,0.4,0,0.85,0,995,2,700,2,-1,-1,0,1,0,0,1,0,0,0,0,492.328,31.797,958.1973226,0.28484,,,,
450,0,5.7,3.25,3.75,1.2,0,0.45,0.4,0,0.85,0,995,2,700,2,-1,-1,0,1,0,0,1,0,0,0,0,527.874,28.893,978.789395,0.28484,,,,
550,0,5.7,3.25,3.75,1.2,0,0.45,0.4,0,0.85,0,995,2,700,2,-1,-1,0,1,0,0,1,0,0,0,0,415.848,26.8,825.2644952,0.28484,,,,
25,0,5.7,3.25,3.75,1.2,0,0.45,0.4,0,0.85,0,1015,2,700,2,-1,-1,0,1,0,0,1,0,0,0,0,1000.028602,20.1993793,1384.819567,0.3979,,,,
25,2000,5.7,3.25,3.75,1.2,0,0.45,0.4,0,0.85,0,1015,2,700,2,-1,-1,0,1,0,0,1,0,0,0,0,1342.55,14.93832,1532.24734,0.3979,,,,
25,3000,5.7,3.25,3.75,1.2,0,0.45,0.4,0,0.85,0,1015,2,700,2,-1,-1,0,1,0,0,1,0,0,0,0,1388.872,20.8869492,1620.177845,0.3979,,,,
25,3500,5.7,3.25,3.75,1.2,0,0.45,0.4,0,0.85,0,1015,2,700,2,-1,-1,0,1,0,0,1,0,0,0,0,1435.582,21.6050576,1649.857338,0.3979,,,,
25,4000,5.7,3.25,3.75,1.2,0,0.45,0.4,0,0.85,0,1015,2,700,2,-1,-1,0,1,0,0,1,0,0,0,0,1390.346,19.8396879,1628.117506,0.3979,,,,
350,0,5.7,3.25,3.75,1.2,0,0.45,0.4,0,0.85,0,1015,2,700,2,-1,-1,0,1,0,0,1,0,0,0,0,380.348,24.099,958.2839244,0.3979,,,,
450,0,5.7,3.25,3.75,1.2,0,0.45,0.4,0,0.85,0,1015,2,700,2,-1,-1,0,1,0,0,1,0,0,0,0,388.88,27.298,906.1084436,0.3979,,,,
550,0,5.7,3.25,3.75,1.2,0,0.45,0.4,0,0.85,0,1015,2,700,2,-1,-1,0,1,0,0,1,0,0,0,0,496.35,33.996,856.8508076,0.3979,,,,
25,0,5.7,3.25,3.75,1.2,0,0.45,0.4,0,0.85,0,1024,0.33,-1,-1,-1,-1,0,0,1,0,0,0,0,0,0,980.212402,31.5121788,1404.108966,0.26788,,,,
25,2000,5.7,3.25,3.75,1.2,0,0.45,0.4,0,0.85,0,1024,0.33,-1,-1,-1,-1,0,0,1,0,0,0,0,0,0,1459.795,12.7039177,1504.570768,0.26788,,,,
25,2500,5.7,3.25,3.75,1.2,0,0.45,0.4,0,0.85,0,1024,0.33,-1,-1,-1,-1,0,0,1,0,0,0,0,0,0,1367.45,17.7969672,1542.678696,0.26788,,,,
25,3000,5.7,3.25,3.75,1.2,0,0.45,0.4,0,0.85,0,1024,0.33,-1,-1,-1,-1,0,0,1,0,0,0,0,0,0,1253.732,21.4932021,1557.852363,0.26788,,,,
25,4000,5.7,3.25,3.75,1.2,0,0.45,0.4,0,0.85,0,1024,0.33,-1,-1,-1,-1,0,0,1,0,0,0,0,0,0,1457.905,23.413073,1626.699823,0.26788,,,,
350,0,5.7,3.25,3.75,1.2,0,0.45,0.4,0,0.85,0,1024,0.33,-1,-1,-1,-1,0,0,1,0,0,0,0,0,0,453.116,37.193,978.0541173,0.26788,,,,
450,0,5.7,3.25,3.75,1.2,0,0.45,0.4,0,0.85,0,1024,0.33,-1,-1,-1,-1,0,0,1,0,0,0,0,0,0,458.464,33.704,902.4757371,0.26788,,,,
550,0,5.7,3.25,3.75,1.2,0,0.45,0.4,0,0.85,0,1024,0.33,-1,-1,-1,-1,0,0,1,0,0,0,0,0,0,465.442,42.81,885.3395688,0.26788,,,,
25,0,5.7,3.25,3.75,1.2,0,0.45,0.4,0,0.85,0,1100,0.5,-1,-1,-1,-1,1,0,0,0,0,0,0,0,0,989.218326,18.3322057,1407.987374,0.24962,,,,
25,2000,5.7,3.25,3.75,1.2,0,0.45,0.4,0,0.85,0,1100,0.5,-1,-1,-1,-1,1,0,0,0,0,0,0,0,0,1351.68,16.289115,1527.436538,0.24962,,,,
25,3000,5.7,3.25,3.75,1.2,0,0.45,0.4,0,0.85,0,1100,0.5,-1,-1,-1,-1,1,0,0,0,0,0,0,0,0,1424.947,15.15049,1613.96193,0.24962,,,,
25,3500,5.7,3.25,3.75,1.2,0,0.45,0.4,0,0.85,0,1100,0.5,-1,-1,-1,-1,1,0,0,0,0,0,0,0,0,1465.0476,11.219723,1625.075811,0.24962,,,,
350,0,5.7,3.25,3.75,1.2,0,0.45,0.4,0,0.85,0,1100,0.5,-1,-1,-1,-1,1,0,0,0,0,0,0,0,0,650.376,19.001,960.751667,0.24962,,,,
450,0,5.7,3.25,3.75,1.2,0,0.45,0.4,0,0.85,0,1100,0.5,-1,-1,-1,-1,1,0,0,0,0,0,0,0,0,598.7324,18.311,1021.512365,0.24962,,,,
550,0,5.7,3.25,3.75,1.2,0,0.45,0.4,0,0.85,0,1100,0.5,-1,-1,-1,-1,1,0,0,0,0,0,0,0,0,535.354,22.018,937.4844003,0.24962,,,,
25,0,5.7,3.25,3.75,1.2,0,0.45,0.4,0,0.85,0,1100,0.5,-1,-1,-1,-1,0,1,0,0,0,0,0,0,0,977.198952,23.5595759,1288.49757,0.94119,,,,
25,2000,5.7,3.25,3.75,1.2,0,0.45,0.4,0,0.85,0,1100,0.5,-1,-1,-1,-1,0,1,0,0,0,0,0,0,0,1154.63,14.717808,1436.435795,0.94119,,,,
25,3000,5.7,3.25,3.75,1.2,0,0.45,0.4,0,0.85,0,1100,0.5,-1,-1,-1,-1,0,1,0,0,0,0,0,0,0,1230.529,17.213175,1436.931618,0.94119,,,,
25,4000,5.7,3.25,3.75,1.2,0,0.45,0.4,0,0.85,0,1100,0.5,-1,-1,-1,-1,0,1,0,0,0,0,0,0,0,1350.574,16.287577,1468.300842,0.94119,,,,
350,0,5.7,3.25,3.75,1.2,0,0.45,0.4,0,0.85,0,1100,0.5,-1,-1,-1,-1,0,1,0,0,0,0,0,0,0,495.032,27.297,814.5873594,0.94119,,,,
450,0,5.7,3.25,3.75,1.2,0,0.45,0.4,0,0.85,0,1100,0.5,-1,-1,-1,-1,0,1,0,0,0,0,0,0,0,489.596,23.297,727.8361836,0.94119,,,,
550,0,5.7,3.25,3.75,1.2,0,0.45,0.4,0,0.85,0,1100,0.5,-1,-1,-1,-1,0,1,0,0,0,0,0,0,0,413.7553793,39.499,699.6337872,0.94119,,,,
25,0,5.7,3.25,3.75,1.2,0,0.45,0.4,0,0.85,0,1100,0.5,-1,-1,-1,-1,0,0,1,0,0,0,0,0,0,926.94817,23.4583741,1200.370796,0.67889,,,,
25,2000,5.7,3.25,3.75,1.2,0,0.45,0.4,0,0.85,0,1100,0.5,-1,-1,-1,-1,0,0,1,0,0,0,0,0,0,1257.628,13.0102097,1387.282132,0.67889,,,,
25,3000,5.7,3.25,3.75,1.2,0,0.45,0.4,0,0.85,0,1100,0.5,-1,-1,-1,-1,0,0,1,0,0,0,0,0,0,1344.89,15.9119162,1455.862024,0.67889,,,,
25,4000,5.7,3.25,3.75,1.2,0,0.45,0.4,0,0.85,0,1100,0.5,-1,-1,-1,-1,0,0,1,0,0,0,0,0,0,1336.967,13.008199,1442.341269,0.67889,,,,
350,0,5.7,3.25,3.75,1.2,0,0.45,0.4,0,0.85,0,1100,0.5,-1,-1,-1,-1,0,0,1,0,0,0,0,0,0,501.786,26.3,749.880436,0.67889,,,,
450,0,5.7,3.25,3.75,1.2,0,0.45,0.4,0,0.85,0,1100,0.5,-1,-1,-1,-1,0,0,1,0,0,0,0,0,0,424.8892,31.317,703.5187434,0.67889,,,,
550,0,5.7,3.25,3.75,1.2,0,0.45,0.4,0,0.85,0,1100,0.5,-1,-1,-1,-1,0,0,1,0,0,0,0,0,0,449.924,34.798,695.5200876,0.67889,,,,
25,0,5.7,3.25,3.75,1.2,0,0.45,0.4,0,0.85,0,1020,0.5,-1,-1,-1,-1,0,1,0,0,0,0,0,0,0,993.408788,26.2651306,1414.666055,0.48567,,,,
25,2000,5.7,3.25,3.75,1.2,0,0.45,0.4,0,0.85,0,1020,0.5,-1,-1,-1,-1,0,1,0,0,0,0,0,0,0,1207.926,13.2674491,1535.498559,0.48567,,,,
25,3000,5.7,3.25,3.75,1.2,0,0.45,0.4,0,0.85,0,1020,0.5,-1,-1,-1,-1,0,1,0,0,0,0,0,0,0,1387.39,21.9634281,1606.629748,0.48567,,,,
25,4000,5.7,3.25,3.75,1.2,0,0.45,0.4,0,0.85,0,1020,0.5,-1,-1,-1,-1,0,1,0,0,0,0,0,0,0,1459.349,22.1363793,1672.472945,0.48567,,,,
350,0,5.7,3.25,3.75,1.2,0,0.45,0.4,0,0.85,0,1020,0.5,-1,-1,-1,-1,0,1,0,0,0,0,0,0,0,502.506,30.692,985.3604869,0.48567,,,,
450,0,5.7,3.25,3.75,1.2,0,0.45,0.4,0,0.85,0,1020,0.5,-1,-1,-1,-1,0,1,0,0,0,0,0,0,0,465.264,29.004,949.725486,0.48567,,,,
550,0,5.7,3.25,3.75,1.2,0,0.45,0.4,0,0.85,0,1020,0.5,-1,-1,-1,-1,0,1,0,0,0,0,0,0,0,446.596,32.4,889.4045743,0.48567,,,,
25,0,5,0,0,0,2,0,0,3,0,2,720,1,520,4,-1,-1,0,1,0,0,1,0,0,0,0,1090.36,35.6300728,1474.757147,0.15275,,,,
25,2000,5,0,0,0,2,0,0,3,0,2,720,1,520,4,-1,-1,0,1,0,0,1,0,0,0,0,1349.47635,20.9859297,1727.794918,0.15275,,,,
25,2500,5,0,0,0,2,0,0,3,0,2,720,1,520,4,-1,-1,0,1,0,0,1,0,0,0,0,1660.269073,20.4165085,1828.986664,0.15275,,,,
25,4000,5,0,0,0,2,0,0,3,0,2,720,1,520,4,-1,-1,0,1,0,0,1,0,0,0,0,1819.674938,17.1187219,1895.107259,0.15275,,,,
350,0,5,0,0,0,2,0,0,3,0,2,720,1,520,4,-1,-1,0,1,0,0,1,0,0,0,0,775.506,21.3043,1312.298103,0.15275,,,,
450,0,5,0,0,0,2,0,0,3,0,2,720,1,520,4,-1,-1,0,1,0,0,1,0,0,0,0,659.2,34.8714,1185.099642,0.15275,,,,
550,0,5,0,0,0,2,0,0,3,0,2,720,1,520,4,-1,-1,0,1,0,0,1,0,0,0,0,526.07,50.8227,976.4133333,0.15275,,,,
25,0,5,0,0,0,2,0,0,3,0,2,800,1,520,4,-1,-1,0,1,0,0,1,0,0,0,0,1142.88,29.2481572,1485.560421,0.10027,,,,
25,2000,5,0,0,0,2,0,0,3,0,2,800,1,520,4,-1,-1,0,1,0,0,1,0,0,0,0,1315.78846,24.9900346,1683.865406,0.10027,,,,
25,3000,5,0,0,0,2,0,0,3,0,2,800,1,520,4,-1,-1,0,1,0,0,1,0,0,0,0,1726.594952,20.9899539,1826.64142,0.10027,,,,
25,4000,5,0,0,0,2,0,0,3,0,2,800,1,520,4,-1,-1,0,1,0,0,1,0,0,0,0,1821.299208,19.9112286,1947.628012,0.10027,,,,
350,0,5,0,0,0,2,0,0,3,0,2,800,1,520,4,-1,-1,0,1,0,0,1,0,0,0,0,743.484,18.5764,1285.242212,0.10027,,,,
450,0,5,0,0,0,2,0,0,3,0,2,800,1,520,4,-1,-1,0,1,0,0,1,0,0,0,0,757.8183248,33.3526303,1292.116313,0.10027,,,,
550,0,5,0,0,0,2,0,0,3,0,2,800,1,520,4,-1,-1,0,1,0,0,1,0,0,0,0,572.498,51.0914,906.4966667,0.10027,,,,
25,0,5,0,0,0,2,0,0,3,0,2,850,1,520,4,-1,-1,0,1,0,0,1,0,0,0,0,1078.36,19.6928927,1466.524147,0.0912,,,,
25,2000,5,0,0,0,2,0,0,3,0,2,850,1,520,4,-1,-1,0,1,0,0,1,0,0,0,0,1357.30255,16.3982285,1706.004962,0.0912,,,,
25,3000,5,0,0,0,2,0,0,3,0,2,850,1,520,4,-1,-1,0,1,0,0,1,0,0,0,0,1789.606518,15.9604645,1888.142579,0.0912,,,,
25,4000,5,0,0,0,2,0,0,3,0,2,850,1,520,4,-1,-1,0,1,0,0,1,0,0,0,0,1694.847598,17.1676811,1942.382055,0.0912,,,,
350,0,5,0,0,0,2,0,0,3,0,2,850,1,520,4,-1,-1,0,1,0,0,1,0,0,0,0,781.75,15.0361,1249.372569,0.0912,,,,
450,0,5,0,0,0,2,0,0,3,0,2,850,1,520,4,-1,-1,0,1,0,0,1,0,0,0,0,731.204,29.1453,1201.831782,0.0912,,,,
550,0,5,0,0,0,2,0,0,3,0,2,850,1,520,4,-1,-1,0,1,0,0,1,0,0,0,0,578.682,51.0254,967.4766667,0.0912,,,,
25,0,5,0,0,0,2,0,0,3,0,2,900,1,520,4,-1,-1,0,1,0,0,1,0,0,0,0,1034.54,27.916379,1441.726366,0.2663,,,,
25,2000,5,0,0,0,2,0,0,3,0,2,900,1,520,4,-1,-1,0,1,0,0,1,0,0,0,0,1303.96828,15.07307,1686.808258,0.2663,,,,
25,3000,5,0,0,0,2,0,0,3,0,2,900,1,520,4,-1,-1,0,1,0,0,1,0,0,0,0,1703.050558,15.2925813,1872.862117,0.2663,,,,
25,4000,5,0,0,0,2,0,0,3,0,2,900,1,520,4,-1,-1,0,1,0,0,1,0,0,0,0,1038.47075,17.5527186,1085.314851,0.2663,,,,
350,0,5,0,0,0,2,0,0,3,0,2,900,1,520,4,-1,-1,0,1,0,0,1,0,0,0,0,757.428,20.3053,1286.161696,0.2663,,,,
450,0,5,0,0,0,2,0,0,3,0,2,900,1,520,4,-1,-1,0,1,0,0,1,0,0,0,0,711.308,39.8812,1382.58,0.2663,,,,
550,0,5,0,0,0,2,0,0,3,0,2,900,1,520,4,-1,-1,0,1,0,0,1,0,0,0,0,610.028,50.2042,1004.666667,0.2663,,,,
25,0,3,0,0,5,0,0,0,4.5,0,0,900,2,-1,-1,-1,-1,1,0,0,0,0,0,0,0,0,515.084,76.5085815,1196.730699,0.14655,,,,
25,2000,3,0,0,5,0,0,0,4.5,0,0,900,2,-1,-1,-1,-1,1,0,0,0,0,0,0,0,0,719.211606,19.8570449,1400.766332,0.14655,,,,
25,3000,3,0,0,5,0,0,0,4.5,0,0,900,2,-1,-1,-1,-1,1,0,0,0,0,0,0,0,0,824.7711169,14.5865388,1423.356666,0.14655,,,,
25,4000,3,0,0,5,0,0,0,4.5,0,0,900,2,-1,-1,-1,-1,1,0,0,0,0,0,0,0,0,648.1126152,16.0371435,848.9776328,0.14655,,,,
350,0,3,0,0,5,0,0,0,4.5,0,0,900,2,-1,-1,-1,-1,1,0,0,0,0,0,0,0,0,338.6641179,19.3652,1105.595495,0.14655,,,,
450,0,3,0,0,5,0,0,0,4.5,0,0,900,2,-1,-1,-1,-1,1,0,0,0,0,0,0,0,0,362.4862526,16.3087,1059.336842,0.14655,,,,
550,0,3,0,0,5,0,0,0,4.5,0,0,900,2,-1,-1,-1,-1,1,0,0,0,0,0,0,0,0,855.53,16.3422,1049.581164,0.14655,,,,
25,0,3,0,0,5,0,0,0,4.5,0,0,900,2,550,0.5,-1,-1,0,0,1,0,1,0,0,0,0,724.4,77.6380974,1076.263972,0.54334,,,,
25,2000,3,0,0,5,0,0,0,4.5,0,0,900,2,550,0.5,-1,-1,0,0,1,0,1,0,0,0,0,995.1319761,24.5374323,1304.704291,0.54334,,,,
25,3000,3,0,0,5,0,0,0,4.5,0,0,900,2,550,0.5,-1,-1,0,0,1,0,1,0,0,0,0,1172.466176,30.9283003,1355.891066,0.54334,,,,
25,4000,3,0,0,5,0,0,0,4.5,0,0,900,2,550,0.5,-1,-1,0,0,1,0,1,0,0,0,0,792.3566096,24.559568,802.6628729,0.54334,,,,
350,0,3,0,0,5,0,0,0,4.5,0,0,900,2,550,0.5,-1,-1,0,0,1,0,1,0,0,0,0,492.74,35.9544,1118.74,0.54334,,,,
450,0,3,0,0,5,0,0,0,4.5,0,0,900,2,550,0.5,-1,-1,0,0,1,0,1,0,0,0,0,462.126,62.048,1762.4,0.54334,,,,
550,0,3,0,0,5,0,0,0,4.5,0,0,900,2,550,0.5,-1,-1,0,0,1,0,1,0,0,0,0,402.666,52.9831,900.6833333,0.54334,,,,
25,0,3,0,0,5,0,0,0,4.5,0,0,850,2,550,0.5,-1,-1,0,0,1,0,1,0,0,0,0,767.25,76.5969518,1076.070756,0.574,,,,
25,2000,3,0,0,5,0,0,0,4.5,0,0,850,2,550,0.5,-1,-1,0,0,1,0,1,0,0,0,0,1039.873363,31.3386933,1284.335815,0.574,,,,
25,3000,3,0,0,5,0,0,0,4.5,0,0,850,2,550,0.5,-1,-1,0,0,1,0,1,0,0,0,0,1181.501461,26.1236205,1357.281983,0.574,,,,
25,4000,3,0,0,5,0,0,0,4.5,0,0,850,2,550,0.5,-1,-1,0,0,1,0,1,0,0,0,0,800.2767684,24.7770711,825.3908597,0.574,,,,
350,0,3,0,0,5,0,0,0,4.5,0,0,850,2,550,0.5,-1,-1,0,0,1,0,1,0,0,0,0,473.124,38.0347,1132.96,0.574,,,,
450,0,3,0,0,5,0,0,0,4.5,0,0,850,2,550,0.5,-1,-1,0,0,1,0,1,0,0,0,0,462.2,63.2304,1768.266667,0.574,,,,
550,0,3,0,0,5,0,0,0,4.5,0,0,850,2,550,0.5,-1,-1,0,0,1,0,1,0,0,0,0,416.59,48.8884,856.0633333,0.574,,,,
25,0,3,0,0,5,0,0,0,4.5,0,0,900,2,-1,-1,-1,-1,0,1,0,0,0,0,0,0,0,1116.64,14.7787965,1418.229548,0.75797,,,,
25,2000,3,0,0,5,0,0,0,4.5,0,0,900,2,-1,-1,-1,-1,0,1,0,0,0,0,0,0,0,1230.062818,7.4738605,1573.522895,0.75797,,,,
25,3000,3,0,0,5,0,0,0,4.5,0,0,900,2,-1,-1,-1,-1,0,1,0,0,0,0,0,0,0,1443.6941,6.0036924,1597.896734,0.75797,,,,
25,4000,3,0,0,5,0,0,0,4.5,0,0,900,2,-1,-1,-1,-1,0,1,0,0,0,0,0,0,0,936.9985322,6.8033815,1055.448295,0.75797,,,,
350,0,3,0,0,5,0,0,0,4.5,0,0,900,2,-1,-1,-1,-1,0,1,0,0,0,0,0,0,0,826.872,8.5315,1210.705248,0.75797,,,,
450,0,3,0,0,5,0,0,0,4.5,0,0,900,2,-1,-1,-1,-1,0,1,0,0,0,0,0,0,0,777.46,6.1079,1130.12,0.75797,,,,
550,0,3,0,0,5,0,0,0,4.5,0,0,900,2,-1,-1,-1,-1,0,1,0,0,0,0,0,0,0,717.922,37.5809,951.4871575,0.75797,,,,
25,0,3,0,0,5,0,0,0,4.5,0,0,780,2,560,8,-1,-1,1,0,0,0,1,0,0,0,0,892.414,73.7561035,1234.397336,0.10358,,,,
25,2000,3,0,0,5,0,0,0,4.5,0,0,780,2,560,8,-1,-1,1,0,0,0,1,0,0,0,0,1206.393856,28.6639144,1399.317134,0.10358,,,,
25,3000,3,0,0,5,0,0,0,4.5,0,0,780,2,560,8,-1,-1,1,0,0,0,1,0,0,0,0,1397.938375,31.8436188,1512.067734,0.10358,,,,
25,3500,3,0,0,5,0,0,0,4.5,0,0,780,2,560,8,-1,-1,1,0,0,0,1,0,0,0,0,910.831624,19.2010963,969.509473,0.10358,,,,
25,4000,3,0,0,5,0,0,0,4.5,0,0,780,2,560,8,-1,-1,1,0,0,0,1,0,0,0,0,800.8200422,31.6294926,917.8607725,0.10358,,,,
350,0,3,0,0,5,0,0,0,4.5,0,0,780,2,560,8,-1,-1,1,0,0,0,1,0,0,0,0,602.338,41.3475,1418.04,0.10358,,,,
450,0,3,0,0,5,0,0,0,4.5,0,0,780,2,560,8,-1,-1,1,0,0,0,1,0,0,0,0,589.864,59.5933,1774.133333,0.10358,,,,
550,0,3,0,0,5,0,0,0,4.5,0,0,780,2,560,8,-1,-1,1,0,0,0,1,0,0,0,0,387.16,50.5144,736.2933333,0.10358,,,,
25,0,3,0,0,5,0,0,0,4.5,0,0,850,2,560,8,-1,-1,1,0,0,0,1,0,0,0,0,1098.22,24.9633841,1303.239489,0.5021,,,,
25,2000,3,0,0,5,0,0,0,4.5,0,0,850,2,560,8,-1,-1,1,0,0,0,1,0,0,0,0,1179.986982,27.5305324,1504.277443,0.5021,,,,
25,3000,3,0,0,5,0,0,0,4.5,0,0,850,2,560,8,-1,-1,1,0,0,0,1,0,0,0,0,1544.171564,19.4835553,1701.633051,0.5021,,,,
25,4000,3,0,0,5,0,0,0,4.5,0,0,850,2,560,8,-1,-1,1,0,0,0,1,0,0,0,0,946.6858741,18.0507295,1052.174014,0.5021,,,,
350,0,3,0,0,5,0,0,0,4.5,0,0,850,2,560,8,-1,-1,1,0,0,0,1,0,0,0,0,756.58,27.4074,1211.158565,0.5021,,,,
450,0,3,0,0,5,0,0,0,4.5,0,0,850,2,560,8,-1,-1,1,0,0,0,1,0,0,0,0,714.288,55.0484,1780.033333,0.5021,,,,
550,0,3,0,0,5,0,0,0,4.5,0,0,850,2,560,8,-1,-1,1,0,0,0,1,0,0,0,0,603.954,47.786,866.94,0.5021,,,,
