tem,sr,Al,Zr,Sn,Mo,Cr,Nb,Si,V,Ta,Fe,T1,t1,T2,t2,T3,t3,C1_1,C1_2,C1_3,C2_1,C2_2,C2_3,C3_1,C3_2,C3_3,YS,FS,ID,imgf,UTS
25,0,6.5,2,0,1,0,0,0.15,1,0,0,1020,1,-1,-1,-1,-1,1,0,0,0,0,0,0,0,0,1014.805,0.14697,1-1,0.65054 ,1369.012
25,1000,6.5,2,0,1,0,0,0.15,1,0,0,1020,1,-1,-1,-1,-1,1,0,0,0,0,0,0,0,0,1201.408,0.08770348,1-1,0.65054 ,1552.339688
25,1500,6.5,2,0,1,0,0,0.15,1,0,0,1020,1,-1,-1,-1,-1,1,0,0,0,0,0,0,0,0,1217.772,0.08796732,1-1,0.65054 ,1547.171923
25,2000,6.5,2,0,1,0,0,0.15,1,0,0,1020,1,-1,-1,-1,-1,1,0,0,0,0,0,0,0,0,1308.47,0.08119854,1-1,0.65054 ,1568.574986
25,2500,6.5,2,0,1,0,0,0.15,1,0,0,1020,1,-1,-1,-1,-1,1,0,0,0,0,0,0,0,0,1346.9,0.09730527,1-1,0.65054 ,1612.882019
25,3000,6.5,2,0,1,0,0,0.15,1,0,0,1020,1,-1,-1,-1,-1,1,0,0,0,0,0,0,0,0,1359.723,0.07688555,1-1,0.65054 ,1550.179191
25,3500,6.5,2,0,1,0,0,0.15,1,0,0,1020,1,-1,-1,-1,-1,1,0,0,0,0,0,0,0,0,1320.444,0.08743894,1-1,0.65054 ,1557.534968
350,0,6.5,2,0,1,0,0,0.15,1,0,0,1020,1,-1,-1,-1,-1,1,0,0,0,0,0,0,0,0,749.29,0.12501,1-1,0.65054 ,972.6355036
450,0,6.5,2,0,1,0,0,0.15,1,0,0,1020,1,-1,-1,-1,-1,1,0,0,0,0,0,0,0,0,609.088,0.09303,1-1,0.65054 ,933.3980912
550,0,6.5,2,0,1,0,0,0.15,1,0,0,1020,1,-1,-1,-1,-1,1,0,0,0,0,0,0,0,0,641.512,0.22889,1-1,0.65054 ,844.034269
25,0,6.5,2,0,1,0,0,0.15,1,0,0,1020,1,-1,-1,-1,-1,0,1,0,0,0,0,0,0,0,895.747974,0.207097973,1-2,0.46637 ,1326.343426
25,1500,6.5,2,0,1,0,0,0.15,1,0,0,1020,1,-1,-1,-1,-1,0,1,0,0,0,0,0,0,0,1027.362,0.09420668,1-2,0.46637 ,1450.134883
25,2000,6.5,2,0,1,0,0,0.15,1,0,0,1020,1,-1,-1,-1,-1,0,1,0,0,0,0,0,0,0,1005.941,0.17850515,1-2,0.46637 ,1421.102856
25,3000,6.5,2,0,1,0,0,0.15,1,0,0,1020,1,-1,-1,-1,-1,0,1,0,0,0,0,0,0,0,1155.404,0.15339323,1-2,0.46637 ,1395.397271
25,3500,6.5,2,0,1,0,0,0.15,1,0,0,1020,1,-1,-1,-1,-1,0,1,0,0,0,0,0,0,0,1214.83,0.16620665,1-2,0.46637 ,1420.151642
350,0,6.5,2,0,1,0,0,0.15,1,0,0,1020,1,-1,-1,-1,-1,0,1,0,0,0,0,0,0,0,583.294,0.32407,1-2,0.46637 ,895.0184649
450,0,6.5,2,0,1,0,0,0.15,1,0,0,1020,1,-1,-1,-1,-1,0,1,0,0,0,0,0,0,0,486.15,0.32108,1-2,0.46637 ,861.590835
550,0,6.5,2,0,1,0,0,0.15,1,0,0,1020,1,-1,-1,-1,-1,0,1,0,0,0,0,0,0,0,539.098,0.64328,1-2,0.46637 ,732.6290088
25,0,6.5,2,0,1,0,0,0.15,1,0,0,1020,1,-1,-1,-1,-1,0,0,1,0,0,0,0,0,0,816.258752,0.302416763,1-3,0.72069 ,1171.356749
25,1500,6.5,2,0,1,0,0,0.15,1,0,0,1020,1,-1,-1,-1,-1,0,0,1,0,0,0,0,0,0,1047.098,0.11417498,1-3,0.72069 ,1296.721321
25,2500,6.5,2,0,1,0,0,0.15,1,0,0,1020,1,-1,-1,-1,-1,0,0,1,0,0,0,0,0,0,1069.224,0.17859633,1-3,0.72069 ,1322.386776
25,3000,6.5,2,0,1,0,0,0.15,1,0,0,1020,1,-1,-1,-1,-1,0,0,1,0,0,0,0,0,0,1064.848,0.13181578,1-3,0.72069 ,1268.921658
25,3500,6.5,2,0,1,0,0,0.15,1,0,0,1020,1,-1,-1,-1,-1,0,0,1,0,0,0,0,0,0,1106.049,0.20895525,1-3,0.72069 ,1383.595212
350,0,6.5,2,0,1,0,0,0.15,1,0,0,1020,1,-1,-1,-1,-1,0,0,1,0,0,0,0,0,0,422.784,0.51194,1-3,0.72069 ,770.7734244
450,0,6.5,2,0,1,0,0,0.15,1,0,0,1020,1,-1,-1,-1,-1,0,0,1,0,0,0,0,0,0,415.676,0.4648,1-3,0.72069 ,744.0742777
550,0,6.5,2,0,1,0,0,0.15,1,0,0,1020,1,-1,-1,-1,-1,0,0,1,0,0,0,0,0,0,388.3,0.66313,1-3,0.72069 ,639.4253814
25,0,6.5,2,0,1,0,0,0.15,1,0,0,900,1,-1,-1,-1,-1,1,0,0,0,0,0,0,0,0,935.498142,0.22290608,1-4,0.04354 ,1366.575776
25,1500,6.5,2,0,1,0,0,0.15,1,0,0,900,1,-1,-1,-1,-1,1,0,0,0,0,0,0,0,0,962.8904,0.09846543,1-4,0.04354 ,1474.096935
25,2000,6.5,2,0,1,0,0,0.15,1,0,0,900,1,-1,-1,-1,-1,1,0,0,0,0,0,0,0,0,1022.841,0.16386873,1-4,0.04354 ,1562.551445
25,3000,6.5,2,0,1,0,0,0.15,1,0,0,900,1,-1,-1,-1,-1,1,0,0,0,0,0,0,0,0,1157.346,0.1848665,1-4,0.04354 ,1566.989436
25,3500,6.5,2,0,1,0,0,0.15,1,0,0,900,1,-1,-1,-1,-1,1,0,0,0,0,0,0,0,0,1234.281,0.18206391,1-4,0.04354 ,1594.54298
350,0,6.5,2,0,1,0,0,0.15,1,0,0,900,1,-1,-1,-1,-1,1,0,0,0,0,0,0,0,0,580.288,0.27403,1-4,0.04354 ,1014.960958
450,0,6.5,2,0,1,0,0,0.15,1,0,0,900,1,-1,-1,-1,-1,1,0,0,0,0,0,0,0,0,583.146,0.22711,1-4,0.04354 ,1021.238728
550,0,6.5,2,0,1,0,0,0.15,1,0,0,900,1,-1,-1,-1,-1,1,0,0,0,0,0,0,0,0,554.812,0.35185,1-4,0.04354 ,847.5852513
25,0,6.5,2,0,1,0,0,0.15,1,0,0,900,1,-1,-1,-1,-1,0,1,0,0,0,0,0,0,0,878.05437,0.305208093,1-5,0.12887 ,1369.757235
25,1500,6.5,2,0,1,0,0,0.15,1,0,0,900,1,-1,-1,-1,-1,0,1,0,0,0,0,0,0,0,1106.397,0.08636941,1-5,0.12887 ,1498.017931
25,2000,6.5,2,0,1,0,0,0.15,1,0,0,900,1,-1,-1,-1,-1,0,1,0,0,0,0,0,0,0,1188.981,0.1610919,1-5,0.12887 ,1600.424328
25,3000,6.5,2,0,1,0,0,0.15,1,0,0,900,1,-1,-1,-1,-1,0,1,0,0,0,0,0,0,0,1217.52,0.22244476,1-5,0.12887 ,1620.740763
25,3500,6.5,2,0,1,0,0,0.15,1,0,0,900,1,-1,-1,-1,-1,0,1,0,0,0,0,0,0,0,1161.385,0.239503,1-5,0.12887 ,1639.319253
350,0,6.5,2,0,1,0,0,0.15,1,0,0,900,1,-1,-1,-1,-1,0,1,0,0,0,0,0,0,0,518.602,0.27385,1-5,0.12887 ,984.225775
450,0,6.5,2,0,1,0,0,0.15,1,0,0,900,1,-1,-1,-1,-1,0,1,0,0,0,0,0,0,0,494.66,0.305483636,1-5,0.12887 ,933.4393652
550,0,6.5,2,0,1,0,0,0.15,1,0,0,900,1,-1,-1,-1,-1,0,1,0,0,0,0,0,0,0,551.536,0.51964,1-5,0.12887 ,781.7161188
25,0,6.5,2,0,1,0,0,0.15,1,0,0,900,1,-1,-1,-1,-1,0,0,1,0,0,0,0,0,0,905.6396,0.296198232,1-6,0.02717 ,1373.433465
25,1500,6.5,2,0,1,0,0,0.15,1,0,0,900,1,-1,-1,-1,-1,0,0,1,0,0,0,0,0,0,989.5025,0.101885687,1-6,0.02717 ,1488.678158
25,2000,6.5,2,0,1,0,0,0.15,1,0,0,900,1,-1,-1,-1,-1,0,0,1,0,0,0,0,0,0,1193.511,0.16604994,1-6,0.02717 ,1513.126096
25,3000,6.5,2,0,1,0,0,0.15,1,0,0,900,1,-1,-1,-1,-1,0,0,1,0,0,0,0,0,0,1149.382,0.21697745,1-6,0.02717 ,1544.399125
25,3500,6.5,2,0,1,0,0,0.15,1,0,0,900,1,-1,-1,-1,-1,0,0,1,0,0,0,0,0,0,1260.286,0.2685272,1-6,0.02717 ,1595.751843
350,0,6.5,2,0,1,0,0,0.15,1,0,0,900,1,-1,-1,-1,-1,0,0,1,0,0,0,0,0,0,482.3,0.32994,1-6,0.02717 ,919.3178885
450,0,6.5,2,0,1,0,0,0.15,1,0,0,900,1,-1,-1,-1,-1,0,0,1,0,0,0,0,0,0,449.286,0.34388,1-6,0.02717 ,877.7823978
550,0,6.5,2,0,1,0,0,0.15,1,0,0,900,1,-1,-1,-1,-1,0,0,1,0,0,0,0,0,0,424.71,0.64743,1-6,0.02717 ,741.4875492
25,0,6.5,2,0,1,0,0,0.15,1,0,0,800,1,-1,-1,-1,-1,0,1,0,0,0,0,0,0,0,910.983714,0.241332981,1-7,0.06414 ,1392.098809
25,1500,6.5,2,0,1,0,0,0.15,1,0,0,800,1,-1,-1,-1,-1,0,1,0,0,0,0,0,0,0,1094.433,0.09137458,1-7,0.06414 ,1498.404726
25,2000,6.5,2,0,1,0,0,0.15,1,0,0,800,1,-1,-1,-1,-1,0,1,0,0,0,0,0,0,0,1215.845,0.1643988,1-7,0.06414 ,1581.12577
25,3000,6.5,2,0,1,0,0,0.15,1,0,0,800,1,-1,-1,-1,-1,0,1,0,0,0,0,0,0,0,1253.824,0.225263221,1-7,0.06414 ,1631.921938
25,3500,6.5,2,0,1,0,0,0.15,1,0,0,800,1,-1,-1,-1,-1,0,1,0,0,0,0,0,0,0,1299.018,0.20658754,1-7,0.06414 ,1683.680888
350,0,6.5,2,0,1,0,0,0.15,1,0,0,800,1,-1,-1,-1,-1,0,1,0,0,0,0,0,0,0,459.938,0.27807,1-7,0.06414 ,948.0763796
450,0,6.5,2,0,1,0,0,0.15,1,0,0,800,1,-1,-1,-1,-1,0,1,0,0,0,0,0,0,0,446.33,0.30604,1-7,0.06414 ,963.0072525
550,0,6.5,2,0,1,0,0,0.15,1,0,0,800,1,-1,-1,-1,-1,0,1,0,0,0,0,0,0,0,488.056,0.41602,1-7,0.06414 ,775.0534548
25,0,6,4,2,2,0,0,0.1,0,0,0,1050,1,-1,-1,-1,-1,0,1,0,0,0,0,0,0,0,884.18357,0.203353179,2-1,0.74305 ,1302.130054
25,1500,6,4,2,2,0,0,0.1,0,0,0,1050,1,-1,-1,-1,-1,0,1,0,0,0,0,0,0,0,1012.071,0.102971263,2-1,0.74305 ,1410.699071
25,2000,6,4,2,2,0,0,0.1,0,0,0,1050,1,-1,-1,-1,-1,0,1,0,0,0,0,0,0,0,1080.189,0.16264172,2-1,0.74305 ,1469.124891
25,2500,6,4,2,2,0,0,0.1,0,0,0,1050,1,-1,-1,-1,-1,0,1,0,0,0,0,0,0,0,1131.799,0.17784171,2-1,0.74305 ,1506.34111
25,3000,6,4,2,2,0,0,0.1,0,0,0,1050,1,-1,-1,-1,-1,0,1,0,0,0,0,0,0,0,1136.685,0.21166777,2-1,0.74305 ,1470.122295
25,3500,6,4,2,2,0,0,0.1,0,0,0,1050,1,-1,-1,-1,-1,0,1,0,0,0,0,0,0,0,1209.621,0.1540752,2-1,0.74305 ,1461.616185
350,0,6,4,2,2,0,0,0.1,0,0,0,1050,1,-1,-1,-1,-1,0,1,0,0,0,0,0,0,0,472.314,0.25298,2-1,0.74305 ,892.3166441
450,0,6,4,2,2,0,0,0.1,0,0,0,1050,1,-1,-1,-1,-1,0,1,0,0,0,0,0,0,0,464.032,0.24407,2-1,0.74305 ,852.3372908
550,0,6,4,2,2,0,0,0.1,0,0,0,1050,1,-1,-1,-1,-1,0,1,0,0,0,0,0,0,0,502.362,0.42709,2-1,0.74305 ,890.3173471
25,0,6,4,2,2,0,0,0.1,0,0,0,1000,1,-1,-1,-1,-1,0,1,0,0,0,0,0,0,0,925.834876,0.180359483,2-2,0.58825 ,1329.437327
25,1500,6,4,2,2,0,0,0.1,0,0,0,1000,1,-1,-1,-1,-1,0,1,0,0,0,0,0,0,0,1196.769,0.08960363,2-2,0.58825 ,1519.706032
25,2000,6,4,2,2,0,0,0.1,0,0,0,1000,1,-1,-1,-1,-1,0,1,0,0,0,0,0,0,0,1155.131,0.14586642,2-2,0.58825 ,1478.409895
25,3000,6,4,2,2,0,0,0.1,0,0,0,1000,1,-1,-1,-1,-1,0,1,0,0,0,0,0,0,0,1123.552,0.2042286,2-2,0.58825 ,1510.304459
25,3500,6,4,2,2,0,0,0.1,0,0,0,1000,1,-1,-1,-1,-1,0,1,0,0,0,0,0,0,0,1367.632,0.18821157,2-2,0.58825 ,1581.829925
350,0,6,4,2,2,0,0,0.1,0,0,0,1000,1,-1,-1,-1,-1,0,1,0,0,0,0,0,0,0,492.352,0.23506,2-2,0.58825 ,916.1632142
450,0,6,4,2,2,0,0,0.1,0,0,0,1000,1,-1,-1,-1,-1,0,1,0,0,0,0,0,0,0,519.106,0.27098,2-2,0.58825 ,909.0603632
550,0,6,4,2,2,0,0,0.1,0,0,0,1000,1,-1,-1,-1,-1,0,1,0,0,0,0,0,0,0,653.972,0.33285,2-2,0.58825 ,874.0010836
25,0,6,4,2,2,0,0,0.1,0,0,0,980,1,590,8,-1,-1,0,1,0,0,0,1,0,0,0,1040.814646,0.238930004,2-3,0.15726 ,1441.536682
25,1500,6,4,2,2,0,0,0.1,0,0,0,980,1,590,8,-1,-1,0,1,0,0,0,1,0,0,0,1150.069,0.08375568,2-3,0.15726 ,1436.1501
25,2000,6,4,2,2,0,0,0.1,0,0,0,980,1,590,8,-1,-1,0,1,0,0,0,1,0,0,0,1199.786,0.15406569,2-3,0.15726 ,1523.036071
25,2500,6,4,2,2,0,0,0.1,0,0,0,980,1,590,8,-1,-1,0,1,0,0,0,1,0,0,0,1324.419,0.21912882,2-3,0.15726 ,1620.934356
25,3500,6,4,2,2,0,0,0.1,0,0,0,980,1,590,8,-1,-1,0,1,0,0,0,1,0,0,0,1360.015,0.21664128,2-3,0.15726 ,1598.170229
350,0,6,4,2,2,0,0,0.1,0,0,0,980,1,590,8,-1,-1,0,1,0,0,0,1,0,0,0,731.916,0.23498,2-3,0.15726 ,970.3300676
450,0,6,4,2,2,0,0,0.1,0,0,0,980,1,590,8,-1,-1,0,1,0,0,0,1,0,0,0,534.518,0.28103,2-3,0.15726 ,973.2658264
550,0,6,4,2,2,0,0,0.1,0,0,0,980,1,590,8,-1,-1,0,1,0,0,0,1,0,0,0,504.158,0.33107,2-3,0.15726 ,912.5219433
25,0,6,4,2,2,0,0,0.1,0,0,0,960,1,590,8,-1,-1,0,1,0,0,0,1,0,0,0,1056.257568,0.225408615,2-4,0.13005 ,1480.674276
25,1500,6,4,2,2,0,0,0.1,0,0,0,960,1,590,8,-1,-1,0,1,0,0,0,1,0,0,0,1211.395,0.10043898,2-4,0.13005 ,1517.91588
25,2000,6,4,2,2,0,0,0.1,0,0,0,960,1,590,8,-1,-1,0,1,0,0,0,1,0,0,0,1231.752,0.16921885,2-4,0.13005 ,1587.982988
25,3000,6,4,2,2,0,0,0.1,0,0,0,960,1,590,8,-1,-1,0,1,0,0,0,1,0,0,0,1382.17,0.21645717,2-4,0.13005 ,1642.033127
25,3500,6,4,2,2,0,0,0.1,0,0,0,960,1,590,8,-1,-1,0,1,0,0,0,1,0,0,0,1258.04,0.21451689,2-4,0.13005 ,1637.350929
350,0,6,4,2,2,0,0,0.1,0,0,0,960,1,590,8,-1,-1,0,1,0,0,0,1,0,0,0,485.432,0.28699,2-4,0.13005 ,1068.070054
450,0,6,4,2,2,0,0,0.1,0,0,0,960,1,590,8,-1,-1,0,1,0,0,0,1,0,0,0,488.336,0.26497,2-4,0.13005 ,1009.215858
550,0,6,4,2,2,0,0,0.1,0,0,0,960,1,590,8,-1,-1,0,1,0,0,0,1,0,0,0,456.518,0.29904,2-4,0.13005 ,950.9829957
25,0,6,4,2,2,0,0,0.1,0,0,0,960,1,590,8,-1,-1,1,0,0,0,0,1,0,0,0,1239.56919,0.14368563,2-5,0.22595 ,1591.125261
25,2000,6,4,2,2,0,0,0.1,0,0,0,960,1,590,8,-1,-1,1,0,0,0,0,1,0,0,0,1451.33,0.14612354,2-5,0.22595 ,1726.242325
25,2500,6,4,2,2,0,0,0.1,0,0,0,960,1,590,8,-1,-1,1,0,0,0,0,1,0,0,0,1521.496,0.21174482,2-5,0.22595 ,1722.913905
25,3000,6,4,2,2,0,0,0.1,0,0,0,960,1,590,8,-1,-1,1,0,0,0,0,1,0,0,0,1536.782,0.15444307,2-5,0.22595 ,1728.985895
350,0,6,4,2,2,0,0,0.1,0,0,0,960,1,590,8,-1,-1,1,0,0,0,0,1,0,0,0,778.148,0.20896,2-5,0.22595 ,1184.301062
450,0,6,4,2,2,0,0,0.1,0,0,0,960,1,590,8,-1,-1,1,0,0,0,0,1,0,0,0,514.558,0.2429,2-5,0.22595 ,894.0411613
550,0,6,4,2,2,0,0,0.1,0,0,0,960,1,590,8,-1,-1,1,0,0,0,0,1,0,0,0,636.53,0.24008,2-5,0.22595 ,999.097537
25,0,6,4,2,2,0,0,0.1,0,0,0,990,1,-1,-1,-1,-1,1,0,0,0,0,0,0,0,0,939.249436,0.229790594,2-6,0.16265 ,1284.085363
25,2000,6,4,2,2,0,0,0.1,0,0,0,990,1,-1,-1,-1,-1,1,0,0,0,0,0,0,0,0,1334.106,0.149769006,2-6,0.16265 ,1528.506411
25,2500,6,4,2,2,0,0,0.1,0,0,0,990,1,-1,-1,-1,-1,1,0,0,0,0,0,0,0,0,1425.487,0.206273661,2-6,0.16265 ,1613.929091
25,3000,6,4,2,2,0,0,0.1,0,0,0,990,1,-1,-1,-1,-1,1,0,0,0,0,0,0,0,0,1373.082,0.237341519,2-6,0.16265 ,1557.309866
25,4000,6,4,2,2,0,0,0.1,0,0,0,990,1,-1,-1,-1,-1,1,0,0,0,0,0,0,0,0,1268.481,0.23683758,2-6,0.16265 ,1509.342051
350,0,6,4,2,2,0,0,0.1,0,0,0,990,1,-1,-1,-1,-1,1,0,0,0,0,0,0,0,0,618.394,0.30494,2-6,0.16265 ,1069.479137
450,0,6,4,2,2,0,0,0.1,0,0,0,990,1,-1,-1,-1,-1,1,0,0,0,0,0,0,0,0,595.808,0.21301,2-6,0.16265 ,1037.313478
550,0,6,4,2,2,0,0,0.1,0,0,0,990,1,-1,-1,-1,-1,1,0,0,0,0,0,0,0,0,581.058,0.26406,2-6,0.16265 ,879.1675829
25,0,6,4,2,2,0,0,0.1,0,0,0,1030,1,-1,-1,-1,-1,0,1,0,0,0,0,0,0,0,1169.022264,0.125336491,2-7,0.38760 ,1503.22111
25,1500,6,4,2,2,0,0,0.1,0,0,0,1030,1,-1,-1,-1,-1,0,1,0,0,0,0,0,0,0,1310.349,0.149096413,2-7,0.38760 ,1500.396335
25,2000,6,4,2,2,0,0,0.1,0,0,0,1030,1,-1,-1,-1,-1,0,1,0,0,0,0,0,0,0,1251.614,0.147573739,2-7,0.38760 ,1409.081787
25,2500,6,4,2,2,0,0,0.1,0,0,0,1030,1,-1,-1,-1,-1,0,1,0,0,0,0,0,0,0,1364.023,0.164686615,2-7,0.38760 ,1466.64874
25,3000,6,4,2,2,0,0,0.1,0,0,0,1030,1,-1,-1,-1,-1,0,1,0,0,0,0,0,0,0,1397.537,0.147947718,2-7,0.38760 ,1493.574559
25,4000,6,4,2,2,0,0,0.1,0,0,0,1030,1,-1,-1,-1,-1,0,1,0,0,0,0,0,0,0,1405.862,0.186203934,2-7,0.38760 ,1535.476926
350,0,6,4,2,2,0,0,0.1,0,0,0,1030,1,-1,-1,-1,-1,0,1,0,0,0,0,0,0,0,447.404,0.24407,2-7,0.38760 ,864.1426351
450,0,6,4,2,2,0,0,0.1,0,0,0,1030,1,-1,-1,-1,-1,0,1,0,0,0,0,0,0,0,495.972,0.38705,2-7,0.38760 ,903.9869157
550,0,6,4,2,2,0,0,0.1,0,0,0,1030,1,-1,-1,-1,-1,0,1,0,0,0,0,0,0,0,464.286,0.47191,2-7,0.38760 ,830.4391658
25,0,3,0,3,0,3,0,0,15,0,0,800,0.25,540,12,-1,-1,0,1,0,0,0,1,0,0,0,1021.28,0.378727758,3-1,0.45716 ,1320.033722
25,2000,3,0,3,0,3,0,0,15,0,0,800,0.25,540,12,-1,-1,0,1,0,0,0,1,0,0,0,1634.50913,0.275338332,3-1,0.45716 ,1745.114222
25,3000,3,0,3,0,3,0,0,15,0,0,800,0.25,540,12,-1,-1,0,1,0,0,0,1,0,0,0,1679.424002,0.188269115,3-1,0.45716 ,1759.266855
25,4000,3,0,3,0,3,0,0,15,0,0,800,0.25,540,12,-1,-1,0,1,0,0,0,1,0,0,0,1619.61523,0.163049554,3-1,0.45716 ,1793.936511
350,0,3,0,3,0,3,0,0,15,0,0,800,0.25,540,12,-1,-1,0,1,0,0,0,1,0,0,0,895.79,0.137045,3-1,0.45716 ,1286.702949
450,0,3,0,3,0,3,0,0,15,0,0,800,0.25,540,12,-1,-1,0,1,0,0,0,1,0,0,0,680.064,0.489592,3-1,0.45716 ,1774.1
550,0,3,0,3,0,3,0,0,15,0,0,800,0.25,540,12,-1,-1,0,1,0,0,0,1,0,0,0,675.57,0.567417,3-1,0.45716 ,931.38
25,0,3,0,3,0,3,0,0,15,0,0,930,0.25,540,12,-1,-1,0,1,0,0,0,1,0,0,0,1087.68,0.220768873,3-2,0.55685 ,1388.236162
25,2000,3,0,3,0,3,0,0,15,0,0,930,0.25,540,12,-1,-1,0,1,0,0,0,1,0,0,0,1791.922325,0.28925749,3-2,0.55685 ,1877.471703
25,3000,3,0,3,0,3,0,0,15,0,0,930,0.25,540,12,-1,-1,0,1,0,0,0,1,0,0,0,1952.659486,0.151893537,3-2,0.55685 ,2019.449578
25,4000,3,0,3,0,3,0,0,15,0,0,930,0.25,540,12,-1,-1,0,1,0,0,0,1,0,0,0,1800.70739,0.134386081,3-2,0.55685 ,1981.953553
350,0,3,0,3,0,3,0,0,15,0,0,930,0.25,540,12,-1,-1,0,1,0,0,0,1,0,0,0,879.98,0.221689,3-2,0.55685 ,1457.377408
450,0,3,0,3,0,3,0,0,15,0,0,930,0.25,540,12,-1,-1,0,1,0,0,0,1,0,0,0,844.56,0.491432,3-2,0.55685 ,1767.966667
550,0,3,0,3,0,3,0,0,15,0,0,930,0.25,540,12,-1,-1,0,1,0,0,0,1,0,0,0,642.092,0.567711,3-2,0.55685 ,838.1433333
25,0,3,0,3,0,3,0,0,15,0,0,800,0.25,440,16,-1,-1,1,0,0,0,0,1,0,0,0,1441.1,0.09244429,3-3,0.46383 ,1613.242451
25,2000,3,0,3,0,3,0,0,15,0,0,800,0.25,440,16,-1,-1,1,0,0,0,0,1,0,0,0,1964.996418,0.11496907,3-3,0.46383 ,2172.718466
25,3000,3,0,3,0,3,0,0,15,0,0,800,0.25,440,16,-1,-1,1,0,0,0,0,1,0,0,0,2123.21862,0.093296808,3-3,0.46383 ,2325.920273
25,4000,3,0,3,0,3,0,0,15,0,0,800,0.25,440,16,-1,-1,1,0,0,0,0,1,0,0,0,1895.604304,0.108734678,3-3,0.46383 ,2273.302342
350,0,3,0,3,0,3,0,0,15,0,0,800,0.25,440,16,-1,-1,1,0,0,0,0,1,0,0,0,1231.9,0.088471,3-3,0.46383 ,1547.058662
450,0,3,0,3,0,3,0,0,15,0,0,800,0.25,440,16,-1,-1,1,0,0,0,0,1,0,0,0,1109.62,0.125087,3-3,0.46383 ,1429.997019
550,0,3,0,3,0,3,0,0,15,0,0,800,0.25,440,16,-1,-1,1,0,0,0,0,1,0,0,0,604.666,0.560891,3-3,0.46383 ,893.1333333
25,0,3,0,3,0,3,0,0,15,0,0,800,0.25,560,16,-1,-1,1,0,0,0,0,1,0,0,0,1060.9,0.334168692,3-4,0.62349 ,1349.087478
25,2000,3,0,3,0,3,0,0,15,0,0,800,0.25,560,16,-1,-1,1,0,0,0,0,1,0,0,0,1713.431353,0.206730297,3-4,0.62349 ,1829.400034
25,3500,3,0,3,0,3,0,0,15,0,0,800,0.25,560,16,-1,-1,1,0,0,0,0,1,0,0,0,2130.189401,0.08629809,3-4,0.62349 ,2320.548901
25,4000,3,0,3,0,3,0,0,15,0,0,800,0.25,560,16,-1,-1,1,0,0,0,0,1,0,0,0,1754.216327,0.163783424,3-4,0.62349 ,1791.985433
350,0,3,0,3,0,3,0,0,15,0,0,800,0.25,560,16,-1,-1,1,0,0,0,0,1,0,0,0,838.7,0.217434,3-4,0.62349 ,1366.941977
450,0,3,0,3,0,3,0,0,15,0,0,800,0.25,560,16,-1,-1,1,0,0,0,0,1,0,0,0,760.102,0.49808,3-4,0.62349 ,1774.1
550,0,3,0,3,0,3,0,0,15,0,0,800,0.25,560,16,-1,-1,1,0,0,0,0,1,0,0,0,646.716,0.55313,3-4,0.62349 ,956.93
25,0,3,0,3,0,3,0,0,15,0,0,800,0.25,650,12,-1,-1,1,0,0,0,0,1,0,0,0,824.982,0.826936892,3-5,0.31328 ,1187.708934
25,2000,3,0,3,0,3,0,0,15,0,0,800,0.25,650,12,-1,-1,1,0,0,0,0,1,0,0,0,1485.818276,0.264796712,3-5,0.31328 ,1541.919467
25,3500,3,0,3,0,3,0,0,15,0,0,800,0.25,650,12,-1,-1,1,0,0,0,0,1,0,0,0,1446.775969,0.236825707,3-5,0.31328 ,1579.307342
25,4000,3,0,3,0,3,0,0,15,0,0,800,0.25,650,12,-1,-1,1,0,0,0,0,1,0,0,0,911.1902832,0.293313751,3-5,0.31328 ,928.7000092
350,0,3,0,3,0,3,0,0,15,0,0,800,0.25,650,12,-1,-1,1,0,0,0,0,1,0,0,0,576.354,0.337998,3-5,0.31328 ,1301.4
450,0,3,0,3,0,3,0,0,15,0,0,800,0.25,650,12,-1,-1,1,0,0,0,0,1,0,0,0,599.914,0.347202,3-5,0.31328 ,1286.085787
550,0,3,0,3,0,3,0,0,15,0,0,800,0.25,650,12,-1,-1,1,0,0,0,0,1,0,0,0,474.95,0.514831,3-5,0.31328 ,763.8933333
25,0,3,0,3,0,3,0,0,15,0,0,800,0.25,710,12,-1,-1,1,0,0,0,0,1,0,0,0,773.11,0.872606438,3-6,0.15028 ,1056.53636
25,2000,3,0,3,0,3,0,0,15,0,0,800,0.25,710,12,-1,-1,1,0,0,0,0,1,0,0,0,1414.194977,0.265707052,3-6,0.15028 ,1450.372909
25,3000,3,0,3,0,3,0,0,15,0,0,800,0.25,710,12,-1,-1,1,0,0,0,0,1,0,0,0,1482.929115,0.263042154,3-6,0.15028 ,1523.165024
25,4000,3,0,3,0,3,0,0,15,0,0,800,0.25,710,12,-1,-1,1,0,0,0,0,1,0,0,0,704.5142909,0.243932382,3-6,0.15028 ,906.7351132
350,0,3,0,3,0,3,0,0,15,0,0,800,0.25,710,12,-1,-1,1,0,0,0,0,1,0,0,0,575.546,0.472342,3-6,0.15028 ,1405.2
450,0,3,0,3,0,3,0,0,15,0,0,800,0.25,710,12,-1,-1,1,0,0,0,0,1,0,0,0,551.12,0.325057,3-6,0.15028 ,1403.274608
550,0,3,0,3,0,3,0,0,15,0,0,800,0.25,710,12,-1,-1,1,0,0,0,0,1,0,0,0,449.558,0.496469,3-6,0.15028 ,744.9666667
25,0,3,0,0,0,0,0,0,10,0,2,755,2,520,8,-1,-1,1,0,0,0,1,0,0,0,0,1105.189698,0.253087428,4-1,0.08862 ,1336.261207
25,2000,3,0,0,0,0,0,0,10,0,2,755,2,520,8,-1,-1,1,0,0,0,1,0,0,0,0,1400.636,0.155354604,4-1,0.08862 ,1512.297928
25,3000,3,0,0,0,0,0,0,10,0,2,755,2,520,8,-1,-1,1,0,0,0,1,0,0,0,0,1394.502,0.1604658,4-1,0.08862 ,1594.369396
25,4000,3,0,0,0,0,0,0,10,0,2,755,2,520,8,-1,-1,1,0,0,0,1,0,0,0,0,1449.145,0.184586493,4-1,0.08862 ,1630.734135
350,0,3,0,0,0,0,0,0,10,0,2,755,2,520,8,-1,-1,1,0,0,0,1,0,0,0,0,700.94,0.26307,4-1,0.08862 ,967.6448282
450,0,3,0,0,0,0,0,0,10,0,2,755,2,520,8,-1,-1,1,0,0,0,1,0,0,0,0,638.372,0.64702,4-1,0.08862 ,829.9352124
550,0,3,0,0,0,0,0,0,10,0,2,755,2,520,8,-1,-1,1,0,0,0,1,0,0,0,0,333.254,0.6638,4-1,0.08862 ,464.1293498
25,0,3,0,0,0,0,0,0,10,0,2,755,2,520,8,755,2,1,0,0,0,1,0,1,0,0,1150.022364,0.158644093,4-2,0.09466 ,1373.637909
25,2000,3,0,0,0,0,0,0,10,0,2,755,2,520,8,755,2,1,0,0,0,1,0,1,0,0,1296.481,0.16134813,4-2,0.09466 ,1436.066711
25,2500,3,0,0,0,0,0,0,10,0,2,755,2,520,8,755,2,1,0,0,0,1,0,1,0,0,1309.795,0.15263004,4-2,0.09466 ,1505.901598
25,3000,3,0,0,0,0,0,0,10,0,2,755,2,520,8,755,2,1,0,0,0,1,0,1,0,0,1351.212,0.17803024,4-2,0.09466 ,1540.737373
25,4000,3,0,0,0,0,0,0,10,0,2,755,2,520,8,755,2,1,0,0,0,1,0,1,0,0,1517.153,0.16736363,4-2,0.09466 ,1698.159819
350,0,3,0,0,0,0,0,0,10,0,2,755,2,520,8,755,2,1,0,0,0,1,0,1,0,0,709.668,0.31002,4-2,0.09466 ,997.3222442
450,0,3,0,0,0,0,0,0,10,0,2,755,2,520,8,755,2,1,0,0,0,1,0,1,0,0,587.84,0.60086,4-2,0.09466 ,747.5675618
550,0,3,0,0,0,0,0,0,10,0,2,755,2,520,8,755,2,1,0,0,0,1,0,1,0,0,328.098,0.65592,4-2,0.09466 ,427.3497913
25,0,3,0,0,0,0,0,0,10,0,2,830,0.42,-1,-1,-1,-1,1,0,0,0,0,0,0,0,0,419.367664,0.298945265,4-3,0.25373 ,1250.86225
25,2500,3,0,0,0,0,0,0,10,0,2,830,0.42,-1,-1,-1,-1,1,0,0,0,0,0,0,0,0,383.0036,0.1672282,4-3,0.25373 ,1031.826107
25,3000,3,0,0,0,0,0,0,10,0,2,830,0.42,-1,-1,-1,-1,1,0,0,0,0,0,0,0,0,469.9489,0.23739066,4-3,0.25373 ,1072.705607
25,3500,3,0,0,0,0,0,0,10,0,2,830,0.42,-1,-1,-1,-1,1,0,0,0,0,0,0,0,0,733.0532,0.27917626,4-3,0.25373 ,1106.643987
25,4000,3,0,0,0,0,0,0,10,0,2,830,0.42,-1,-1,-1,-1,1,0,0,0,0,0,0,0,0,717.7625,0.22157258,4-3,0.25373 ,1072.319793
350,0,3,0,0,0,0,0,0,10,0,2,830,0.42,-1,-1,-1,-1,1,0,0,0,0,0,0,0,0,501.3484175,0.28379,4-3,0.25373 ,881.6712004
450,0,3,0,0,0,0,0,0,10,0,2,830,0.42,-1,-1,-1,-1,1,0,0,0,0,0,0,0,0,768.994,0.14042,4-3,0.25373 ,1113.898376
550,0,3,0,0,0,0,0,0,10,0,2,830,0.42,-1,-1,-1,-1,1,0,0,0,0,0,0,0,0,385.498,0.63605,4-3,0.25373 ,511.8117882
25,0,3,0,0,0,0,0,0,10,0,2,940,0.42,-1,-1,-1,-1,1,0,0,0,0,0,0,0,0,447.85564,0.312521362,4-4,0.12899 ,1225.33749
25,2000,3,0,0,0,0,0,0,10,0,2,940,0.42,-1,-1,-1,-1,1,0,0,0,0,0,0,0,0,517.4629,0.15158641,4-4,0.12899 ,1022.983088
25,3000,3,0,0,0,0,0,0,10,0,2,940,0.42,-1,-1,-1,-1,1,0,0,0,0,0,0,0,0,735.7459,0.252797723,4-4,0.12899 ,1135.20102
25,3500,3,0,0,0,0,0,0,10,0,2,940,0.42,-1,-1,-1,-1,1,0,0,0,0,0,0,0,0,700.1441,0.2810925,4-4,0.12899 ,1144.429806
25,4000,3,0,0,0,0,0,0,10,0,2,940,0.42,-1,-1,-1,-1,1,0,0,0,0,0,0,0,0,618.9259,0.26869836,4-4,0.12899 ,1114.217611
25,4500,3,0,0,0,0,0,0,10,0,2,940,0.42,-1,-1,-1,-1,1,0,0,0,0,0,0,0,0,773.7419,0.26163255,4-4,0.12899 ,1093.688124
350,0,3,0,0,0,0,0,0,10,0,2,940,0.42,-1,-1,-1,-1,1,0,0,0,0,0,0,0,0,633.4028444,0.25198,4-4,0.12899 ,911.7960661
450,0,3,0,0,0,0,0,0,10,0,2,940,0.42,-1,-1,-1,-1,1,0,0,0,0,0,0,0,0,715.034,0.10412,4-4,0.12899 ,1081.780049
550,0,3,0,0,0,0,0,0,10,0,2,940,0.42,-1,-1,-1,-1,1,0,0,0,0,0,0,0,0,394.558,0.66485,4-4,0.12899 ,520.5652262
25,0,3,0,0,0,0,0,0,10,0,2,840,0.42,-1,-1,-1,-1,0,1,0,0,0,0,0,0,0,1072.3312,0.23597553,4-5,0.15189 ,1359.343019
25,1000,3,0,0,0,0,0,0,10,0,2,840,0.42,-1,-1,-1,-1,0,1,0,0,0,0,0,0,0,1170.325,0.09542053,4-5,0.15189 ,1494.622562
25,2000,3,0,0,0,0,0,0,10,0,2,840,0.42,-1,-1,-1,-1,0,1,0,0,0,0,0,0,0,1201.148,0.16239353,4-5,0.15189 ,1491.924059
25,2500,3,0,0,0,0,0,0,10,0,2,840,0.42,-1,-1,-1,-1,0,1,0,0,0,0,0,0,0,1404.345,0.17925858,4-5,0.15189 ,1463.206171
25,3000,3,0,0,0,0,0,0,10,0,2,840,0.42,-1,-1,-1,-1,0,1,0,0,0,0,0,0,0,1465.404,0.13754809,4-5,0.15189 ,1703.572458
25,3500,3,0,0,0,0,0,0,10,0,2,840,0.42,-1,-1,-1,-1,0,1,0,0,0,0,0,0,0,1433.147,0.14825214,4-5,0.15189 ,1599.918188
350,0,3,0,0,0,0,0,0,10,0,2,840,0.42,-1,-1,-1,-1,0,1,0,0,0,0,0,0,0,712.842,0.33394,4-5,0.15189 ,934.0949487
450,0,3,0,0,0,0,0,0,10,0,2,840,0.42,-1,-1,-1,-1,0,1,0,0,0,0,0,0,0,660.822,0.4612,4-5,0.15189 ,864.8917837
550,0,3,0,0,0,0,0,0,10,0,2,840,0.42,-1,-1,-1,-1,0,1,0,0,0,0,0,0,0,366.118,0.66294,4-5,0.15189 ,514.724065
25,0,3,0,0,0,0,0,0,10,0,2,840,0.42,-1,-1,-1,-1,0,0,1,0,0,0,0,0,0,849.171118,0.462988294,4-6,0.46724 ,1207.82586
25,1500,3,0,0,0,0,0,0,10,0,2,840,0.42,-1,-1,-1,-1,0,0,1,0,0,0,0,0,0,1023.042,0.10198654,4-6,0.46724 ,1288.249953
25,2500,3,0,0,0,0,0,0,10,0,2,840,0.42,-1,-1,-1,-1,0,0,1,0,0,0,0,0,0,1012.503,0.18002277,4-6,0.46724 ,1329.575632
25,3000,3,0,0,0,0,0,0,10,0,2,840,0.42,-1,-1,-1,-1,0,0,1,0,0,0,0,0,0,1081.555,0.26142791,4-6,0.46724 ,1338.441734
25,3500,3,0,0,0,0,0,0,10,0,2,840,0.42,-1,-1,-1,-1,0,0,1,0,0,0,0,0,0,1074.238,0.2631049,4-6,0.46724 ,1344.612162
350,0,3,0,0,0,0,0,0,10,0,2,840,0.42,-1,-1,-1,-1,0,0,1,0,0,0,0,0,0,515.652,0.50191,4-6,0.46724 ,845.6149198
450,0,3,0,0,0,0,0,0,10,0,2,840,0.42,-1,-1,-1,-1,0,0,1,0,0,0,0,0,0,431.242,0.65496,4-6,0.46724 ,690.1941283
550,0,3,0,0,0,0,0,0,10,0,2,840,0.42,-1,-1,-1,-1,0,0,1,0,0,0,0,0,0,329.792,0.66397,4-6,0.46724 ,429.9482549
25,0,6,0,0,2.5,1.5,0,0.3,0,0,0.5,800,2,-1,-1,-1,-1,0,1,0,0,0,0,0,0,0,1018.68,0.503490922,5-1,0.02583 ,1354.783771
25,2000,6,0,0,2.5,1.5,0,0.3,0,0,0.5,800,2,-1,-1,-1,-1,0,1,0,0,0,0,0,0,0,1325.464634,0.27381282,5-1,0.02583 ,1579.810363
25,3500,6,0,0,2.5,1.5,0,0.3,0,0,0.5,800,2,-1,-1,-1,-1,0,1,0,0,0,0,0,0,0,1523.631448,0.354066435,5-1,0.02583 ,1662.529618
25,4000,6,0,0,2.5,1.5,0,0.3,0,0,0.5,800,2,-1,-1,-1,-1,0,1,0,0,0,0,0,0,0,1699.038696,0.287454641,5-1,0.02583 ,1816.214766
350,0,6,0,0,2.5,1.5,0,0.3,0,0,0.5,800,2,-1,-1,-1,-1,0,1,0,0,0,0,0,0,0,661.482,0.24912,5-1,0.02583 ,1307.699135
450,0,6,0,0,2.5,1.5,0,0.3,0,0,0.5,800,2,-1,-1,-1,-1,0,1,0,0,0,0,0,0,0,552.808,0.233862,5-1,0.02583 ,1306.800801
550,0,6,0,0,2.5,1.5,0,0.3,0,0,0.5,800,2,-1,-1,-1,-1,0,1,0,0,0,0,0,0,0,557.464,0.520052,5-1,0.02583 ,1380.666667
25,0,6,0,0,2.5,1.5,0,0.3,0,0,0.5,800,2,-1,-1,-1,-1,0,1,0,0,0,0,0,0,0,1083.6,0.391545931,5-2,0.10863 ,1421.742729
25,2000,6,0,0,2.5,1.5,0,0.3,0,0,0.5,800,2,-1,-1,-1,-1,0,1,0,0,0,0,0,0,0,1383.717333,0.251704635,5-2,0.10863 ,1657.144671
25,3000,6,0,0,2.5,1.5,0,0.3,0,0,0.5,800,2,-1,-1,-1,-1,0,1,0,0,0,0,0,0,0,1544.910477,0.15838752,5-2,0.10863 ,1689.062585
25,4000,6,0,0,2.5,1.5,0,0.3,0,0,0.5,800,2,-1,-1,-1,-1,0,1,0,0,0,0,0,0,0,1914.766194,0.245892588,5-2,0.10863 ,1967.419321
350,0,6,0,0,2.5,1.5,0,0.3,0,0,0.5,800,2,-1,-1,-1,-1,0,1,0,0,0,0,0,0,0,665.364,0.251305,5-2,0.10863 ,1388.827759
450,0,6,0,0,2.5,1.5,0,0.3,0,0,0.5,800,2,-1,-1,-1,-1,0,1,0,0,0,0,0,0,0,596.106,0.510219,5-2,0.10863 ,1382.566667
550,0,6,0,0,2.5,1.5,0,0.3,0,0,0.5,800,2,-1,-1,-1,-1,0,1,0,0,0,0,0,0,0,661.544,0.482359,5-2,0.10863 ,1638.566667
25,0,6,0,0,2.5,1.5,0,0.3,0,0,0.5,880,2,-1,-1,-1,-1,0,1,0,0,0,0,0,0,0,1000.7,0.317371817,5-3,0.17479 ,1355.496914
25,2000,6,0,0,2.5,1.5,0,0.3,0,0,0.5,880,2,-1,-1,-1,-1,0,1,0,0,0,0,0,0,0,1319.200378,0.266710457,5-3,0.17479 ,1605.651472
25,3500,6,0,0,2.5,1.5,0,0.3,0,0,0.5,880,2,-1,-1,-1,-1,0,1,0,0,0,0,0,0,0,1637.351587,0.227136329,5-3,0.17479 ,1697.858647
25,4000,6,0,0,2.5,1.5,0,0.3,0,0,0.5,880,2,-1,-1,-1,-1,0,1,0,0,0,0,0,0,0,1609.137222,0.232657927,5-3,0.17479 ,1802.530247
350,0,6,0,0,2.5,1.5,0,0.3,0,0,0.5,880,2,-1,-1,-1,-1,0,1,0,0,0,0,0,0,0,686.876,0.261615,5-3,0.17479 ,1429.701232
450,0,6,0,0,2.5,1.5,0,0.3,0,0,0.5,880,2,-1,-1,-1,-1,0,1,0,0,0,0,0,0,0,594.48,0.289903,5-3,0.17479 ,1230.501791
550,0,6,0,0,2.5,1.5,0,0.3,0,0,0.5,880,2,-1,-1,-1,-1,0,1,0,0,0,0,0,0,0,573.3,0.481662,5-3,0.17479 ,1238.5
25,0,6,0,0,2.5,1.5,0,0.3,0,0,0.5,1000,2,-1,-1,-1,-1,1,0,0,0,0,0,0,0,0,1565.006442,0.0315,5-4,0.13108 ,1827.767158
25,2000,6,0,0,2.5,1.5,0,0.3,0,0,0.5,1000,2,-1,-1,-1,-1,1,0,0,0,0,0,0,0,0,1697.117748,0.039839042,5-4,0.13108 ,1977.852591
25,3000,6,0,0,2.5,1.5,0,0.3,0,0,0.5,1000,2,-1,-1,-1,-1,1,0,0,0,0,0,0,0,0,1552.562,0.02684592,5-4,0.13108 ,1941.196742
25,4000,6,0,0,2.5,1.5,0,0.3,0,0,0.5,1000,2,-1,-1,-1,-1,1,0,0,0,0,0,0,0,0,1592.8044,0.02966338,5-4,0.13108 ,2025.286305
350,0,6,0,0,2.5,1.5,0,0.3,0,0,0.5,1000,2,-1,-1,-1,-1,1,0,0,0,0,0,0,0,0,1208.58,0.024587,5-4,0.13108 ,1501.42
450,0,6,0,0,2.5,1.5,0,0.3,0,0,0.5,1000,2,-1,-1,-1,-1,1,0,0,0,0,0,0,0,0,1159.56,0.025477,5-4,0.13108 ,1435.033503
550,0,6,0,0,2.5,1.5,0,0.3,0,0,0.5,1000,2,-1,-1,-1,-1,1,0,0,0,0,0,0,0,0,999.94,0.382896,5-4,0.13108 ,1271.905728
25,0,6,0,0,2.5,1.5,0,0.3,0,0,0.5,1040,2,-1,-1,-1,-1,0,1,0,0,0,0,0,0,0,961.286,0.24617935,5-5,0.53892 ,1338.555594
25,2000,6,0,0,2.5,1.5,0,0.3,0,0,0.5,1040,2,-1,-1,-1,-1,0,1,0,0,0,0,0,0,0,1256.070069,0.208135197,5-5,0.53892 ,1560.192671
25,3500,6,0,0,2.5,1.5,0,0.3,0,0,0.5,1040,2,-1,-1,-1,-1,0,1,0,0,0,0,0,0,0,1672.433384,0.17270452,5-5,0.53892 ,1712.078005
25,4000,6,0,0,2.5,1.5,0,0.3,0,0,0.5,1040,2,-1,-1,-1,-1,0,1,0,0,0,0,0,0,0,643.6662193,0.14170257,5-5,0.53892 ,783.3316615
350,0,6,0,0,2.5,1.5,0,0.3,0,0,0.5,1040,2,-1,-1,-1,-1,0,1,0,0,0,0,0,0,0,645.432,0.203664,5-5,0.53892 ,1241.298644
450,0,6,0,0,2.5,1.5,0,0.3,0,0,0.5,1040,2,-1,-1,-1,-1,0,1,0,0,0,0,0,0,0,670.962,0.207963,5-5,0.53892 ,1125.241863
550,0,6,0,0,2.5,1.5,0,0.3,0,0,0.5,1040,2,-1,-1,-1,-1,0,1,0,0,0,0,0,0,0,549.934,0.483597,5-5,0.53892 ,1257.3
25,0,6,0,0,2.5,1.5,0,0.3,0,0,0.5,880,0.5,600,2,-1,-1,0,1,0,0,1,0,0,0,0,1114.2,0.380192176,5-6,0.13114 ,1422.367448
25,2000,6,0,0,2.5,1.5,0,0.3,0,0,0.5,880,0.5,600,2,-1,-1,0,1,0,0,1,0,0,0,0,1416.178004,0.262007224,5-6,0.13114 ,1647.408002
25,3000,6,0,0,2.5,1.5,0,0.3,0,0,0.5,880,0.5,600,2,-1,-1,0,1,0,0,1,0,0,0,0,1603.953556,0.309139559,5-6,0.13114 ,1809.439288
25,4000,6,0,0,2.5,1.5,0,0.3,0,0,0.5,880,0.5,600,2,-1,-1,0,1,0,0,1,0,0,0,0,694.859781,0.241877629,5-6,0.13114 ,902.2247942
350,0,6,0,0,2.5,1.5,0,0.3,0,0,0.5,880,0.5,600,2,-1,-1,0,1,0,0,1,0,0,0,0,740.59,0.252459,5-6,0.13114 ,1346.738088
450,0,6,0,0,2.5,1.5,0,0.3,0,0,0.5,880,0.5,600,2,-1,-1,0,1,0,0,1,0,0,0,0,703.43,0.268976,5-6,0.13114 ,1210.532907
550,0,6,0,0,2.5,1.5,0,0.3,0,0,0.5,880,0.5,600,2,-1,-1,0,1,0,0,1,0,0,0,0,616.726,0.475722,5-6,0.13114 ,1262.666667
25,0,6.5,1.5,0,3,0,0,0.25,0,0,0,1020,0.5,560,6,-1,-1,0,1,0,0,1,0,0,0,0,926.335048,0.196136546,6-1,0.99000 ,1312.84274
25,2000,6.5,1.5,0,3,0,0,0.25,0,0,0,1020,0.5,560,6,-1,-1,0,1,0,0,1,0,0,0,0,1231.281,0.141283601,6-1,0.99000 ,1455.335376
25,3000,6.5,1.5,0,3,0,0,0.25,0,0,0,1020,0.5,560,6,-1,-1,0,1,0,0,1,0,0,0,0,1240.738,0.146607143,6-1,0.99000 ,1508.026675
25,4000,6.5,1.5,0,3,0,0,0.25,0,0,0,1020,0.5,560,6,-1,-1,0,1,0,0,1,0,0,0,0,1348.915,0.11572215,6-1,0.99000 ,1554.371917
350,0,6.5,1.5,0,3,0,0,0.25,0,0,0,1020,0.5,560,6,-1,-1,0,1,0,0,1,0,0,0,0,548.37008,0.22103,6-1,0.99000 ,922.4757444
450,0,6.5,1.5,0,3,0,0,0.25,0,0,0,1020,0.5,560,6,-1,-1,0,1,0,0,1,0,0,0,0,517.962,0.321,6-1,0.99000 ,935.3838293
550,0,6.5,1.5,0,3,0,0,0.25,0,0,0,1020,0.5,560,6,-1,-1,0,1,0,0,1,0,0,0,0,521.806,0.31904,6-1,0.99000 ,844.7257863
25,0,6.5,1.5,0,3,0,0,0.25,0,0,0,960,0.75,560,4,-1,-1,0,1,0,0,1,0,0,0,0,986.813184,0.226022692,6-2,0.68984 ,1370.256974
25,2000,6.5,1.5,0,3,0,0,0.25,0,0,0,960,0.75,560,4,-1,-1,0,1,0,0,1,0,0,0,0,1199.38,0.14271638,6-2,0.68984 ,1516.389793
25,3000,6.5,1.5,0,3,0,0,0.25,0,0,0,960,0.75,560,4,-1,-1,0,1,0,0,1,0,0,0,0,1426.632,0.161793184,6-2,0.68984 ,1555.860269
25,4000,6.5,1.5,0,3,0,0,0.25,0,0,0,960,0.75,560,4,-1,-1,0,1,0,0,1,0,0,0,0,1462.846,0.167267269,6-2,0.68984 ,1595.441049
350,0,6.5,1.5,0,3,0,0,0.25,0,0,0,960,0.75,560,4,-1,-1,0,1,0,0,1,0,0,0,0,594.54,0.29103,6-2,0.68984 ,949.040127
450,0,6.5,1.5,0,3,0,0,0.25,0,0,0,960,0.75,560,4,-1,-1,0,1,0,0,1,0,0,0,0,532.12,0.23396,6-2,0.68984 ,929.2607866
550,0,6.5,1.5,0,3,0,0,0.25,0,0,0,960,0.75,560,4,-1,-1,0,1,0,0,1,0,0,0,0,537.936,0.265641919,6-2,0.68984 ,847.8413169
25,0,6.5,1.5,0,3,0,0,0.25,0,0,0,960,0.5,530,8,-1,-1,0,1,0,0,1,0,0,0,0,960.621032,0.212327259,6-3,0.47413 ,1362.943845
25,2000,6.5,1.5,0,3,0,0,0.25,0,0,0,960,0.5,530,8,-1,-1,0,1,0,0,1,0,0,0,0,1292.608,0.15118135,6-3,0.47413 ,1543.261284
25,2500,6.5,1.5,0,3,0,0,0.25,0,0,0,960,0.5,530,8,-1,-1,0,1,0,0,1,0,0,0,0,1484.651,0.15891243,6-3,0.47413 ,1629.884463
25,3000,6.5,1.5,0,3,0,0,0.25,0,0,0,960,0.5,530,8,-1,-1,0,1,0,0,1,0,0,0,0,1404.97,0.190570088,6-3,0.47413 ,1592.025051
25,4000,6.5,1.5,0,3,0,0,0.25,0,0,0,960,0.5,530,8,-1,-1,0,1,0,0,1,0,0,0,0,1459.205,0.1732296,6-3,0.47413 ,1592.131812
350,0,6.5,1.5,0,3,0,0,0.25,0,0,0,960,0.5,530,8,-1,-1,0,1,0,0,1,0,0,0,0,621.418,0.28209,6-3,0.47413 ,1001.1338
450,0,6.5,1.5,0,3,0,0,0.25,0,0,0,960,0.5,530,8,-1,-1,0,1,0,0,1,0,0,0,0,530.584,0.30889,6-3,0.47413 ,967.6043931
550,0,6.5,1.5,0,3,0,0,0.25,0,0,0,960,0.5,530,8,-1,-1,0,1,0,0,1,0,0,0,0,530.116,0.33796,6-3,0.47413 ,910.1596106
25,0,6.5,1.5,0,3,0,0,0.25,0,0,0,1050,2,-1,-1,-1,-1,0,1,0,0,0,0,0,0,0,844.91321,0.29289564,6-4,0.41131 ,1244.867192
25,2000,6.5,1.5,0,3,0,0,0.25,0,0,0,1050,2,-1,-1,-1,-1,0,1,0,0,0,0,0,0,0,1241.666,0.15282782,6-4,0.41131 ,1367.631058
25,3000,6.5,1.5,0,3,0,0,0.25,0,0,0,1050,2,-1,-1,-1,-1,0,1,0,0,0,0,0,0,0,1308.395,0.125815161,6-4,0.41131 ,1418.861606
25,4000,6.5,1.5,0,3,0,0,0.25,0,0,0,1050,2,-1,-1,-1,-1,0,1,0,0,0,0,0,0,0,1275.475,0.114247297,6-4,0.41131 ,1455.115499
350,0,6.5,1.5,0,3,0,0,0.25,0,0,0,1050,2,-1,-1,-1,-1,0,1,0,0,0,0,0,0,0,513.072,0.27595,6-4,0.41131 ,900.0234776
450,0,6.5,1.5,0,3,0,0,0.25,0,0,0,1050,2,-1,-1,-1,-1,0,1,0,0,0,0,0,0,0,494.342,0.24498,6-4,0.41131 ,851.8442402
550,0,6.5,1.5,0,3,0,0,0.25,0,0,0,1050,2,-1,-1,-1,-1,0,1,0,0,0,0,0,0,0,469.514,0.65969,6-4,0.41131 ,815.8242493
25,0,6.5,1.5,0,3,0,0,0.25,0,0,0,1050,2,-1,-1,-1,-1,0,0,1,0,0,0,0,0,0,916.14949,0.183442184,6-5,0.90890 ,1215.437542
25,1500,6.5,1.5,0,3,0,0,0.25,0,0,0,1050,2,-1,-1,-1,-1,0,0,1,0,0,0,0,0,0,1066.057,0.11646962,6-5,0.90890 ,1433.149157
25,3000,6.5,1.5,0,3,0,0,0.25,0,0,0,1050,2,-1,-1,-1,-1,0,0,1,0,0,0,0,0,0,1333.969,0.14234826,6-5,0.90890 ,1451.389665
25,3500,6.5,1.5,0,3,0,0,0.25,0,0,0,1050,2,-1,-1,-1,-1,0,0,1,0,0,0,0,0,0,1396.9988,0.12303581,6-5,0.90890 ,1524.821713
25,4000,6.5,1.5,0,3,0,0,0.25,0,0,0,1050,2,-1,-1,-1,-1,0,0,1,0,0,0,0,0,0,1443.327,0.1448094,6-5,0.90890 ,1583.215321
350,0,6.5,1.5,0,3,0,0,0.25,0,0,0,1050,2,-1,-1,-1,-1,0,0,1,0,0,0,0,0,0,442.254,0.28398,6-5,0.90890 ,797.8659578
450,0,6.5,1.5,0,3,0,0,0.25,0,0,0,1050,2,-1,-1,-1,-1,0,0,1,0,0,0,0,0,0,527.678,0.29998,6-5,0.90890 ,794.2985205
550,0,6.5,1.5,0,3,0,0,0.25,0,0,0,1050,2,-1,-1,-1,-1,0,0,1,0,0,0,0,0,0,368.844,0.25099,6-5,0.90890 ,727.5090741
25,0,6.5,1.5,0,3,0,0,0.25,0,0,0,1020,0.5,-1,-1,-1,-1,1,0,0,0,0,0,0,0,0,1156.23081,0.070959089,6-6,0.40230 ,1384.793115
25,1000,6.5,1.5,0,3,0,0,0.25,0,0,0,1020,0.5,-1,-1,-1,-1,1,0,0,0,0,0,0,0,0,1391.262,0.081844721,6-6,0.40230 ,1665.159995
25,2000,6.5,1.5,0,3,0,0,0.25,0,0,0,1020,0.5,-1,-1,-1,-1,1,0,0,0,0,0,0,0,0,1286.17,0.14252879,6-6,0.40230 ,1552.011845
25,2500,6.5,1.5,0,3,0,0,0.25,0,0,0,1020,0.5,-1,-1,-1,-1,1,0,0,0,0,0,0,0,0,1560.484,0.08065757,6-6,0.40230 ,1677.788887
25,3000,6.5,1.5,0,3,0,0,0.25,0,0,0,1020,0.5,-1,-1,-1,-1,1,0,0,0,0,0,0,0,0,1445.003,0.13234516,6-6,0.40230 ,1576.48827
25,3500,6.5,1.5,0,3,0,0,0.25,0,0,0,1020,0.5,-1,-1,-1,-1,1,0,0,0,0,0,0,0,0,1422.189,0.15540608,6-6,0.40230 ,1593.446416
350,0,6.5,1.5,0,3,0,0,0.25,0,0,0,1020,0.5,-1,-1,-1,-1,1,0,0,0,0,0,0,0,0,779.622,0.08899,6-6,0.40230 ,1050.189262
450,0,6.5,1.5,0,3,0,0,0.25,0,0,0,1020,0.5,-1,-1,-1,-1,1,0,0,0,0,0,0,0,0,702.988,0.11902,6-6,0.40230 ,979.6747582
550,0,6.5,1.5,0,3,0,0,0.25,0,0,0,1020,0.5,-1,-1,-1,-1,1,0,0,0,0,0,0,0,0,588.904,0.14201,6-6,0.40230 ,884.6140173
25,0,5,2,2,4,4,0,0,0,0,0,800,1,630,8,-1,-1,1,0,0,0,1,0,0,0,0,1199.795898,0.209733864,7-1,0.08179 ,1466.283522
25,1000,5,2,2,4,4,0,0,0,0,0,800,1,630,8,-1,-1,1,0,0,0,1,0,0,0,0,1352.001,0.084405369,7-1,0.08179 ,1619.41685
25,2000,5,2,2,4,4,0,0,0,0,0,800,1,630,8,-1,-1,1,0,0,0,1,0,0,0,0,1415.435,0.15226956,7-1,0.08179 ,1630.378268
25,2500,5,2,2,4,4,0,0,0,0,0,800,1,630,8,-1,-1,1,0,0,0,1,0,0,0,0,1574.729,0.20037477,7-1,0.08179 ,1672.696769
25,3000,5,2,2,4,4,0,0,0,0,0,800,1,630,8,-1,-1,1,0,0,0,1,0,0,0,0,1387.013,0.22328814,7-1,0.08179 ,1662.329211
350,0,5,2,2,4,4,0,0,0,0,0,800,1,630,8,-1,-1,1,0,0,0,1,0,0,0,0,736.382,0.14195,7-1,0.08179 ,1113.477714
450,0,5,2,2,4,4,0,0,0,0,0,800,1,630,8,-1,-1,1,0,0,0,1,0,0,0,0,1008.708,0.61099,7-1,0.08179 ,1096.183251
550,0,5,2,2,4,4,0,0,0,0,0,800,1,630,8,-1,-1,1,0,0,0,1,0,0,0,0,550.5,0.65091,7-1,0.08179 ,716.8149178
25,0,5,2,2,4,4,0,0,0,0,0,840,1,800,1,630,8,0,1,0,1,0,0,0,1,0,1173.932984,0.269829057,7-2,0.05471 ,1488.78564
25,2000,5,2,2,4,4,0,0,0,0,0,840,1,800,1,630,8,0,1,0,1,0,0,0,1,0,1553.3,0.122955033,7-2,0.05471 ,1655.918443
25,3000,5,2,2,4,4,0,0,0,0,0,840,1,800,1,630,8,0,1,0,1,0,0,0,1,0,1575.35,0.212314609,7-2,0.05471 ,1693.770931
25,4000,5,2,2,4,4,0,0,0,0,0,840,1,800,1,630,8,0,1,0,1,0,0,0,1,0,1683.756,0.181709129,7-2,0.05471 ,1774.24965
350,0,5,2,2,4,4,0,0,0,0,0,840,1,800,1,630,8,0,1,0,1,0,0,0,1,0,715.542,0.26594,7-2,0.05471 ,1068.822777
450,0,5,2,2,4,4,0,0,0,0,0,840,1,800,1,630,8,0,1,0,1,0,0,0,1,0,663.692,0.31393,7-2,0.05471 ,961.0514655
550,0,5,2,2,4,4,0,0,0,0,0,840,1,800,1,630,8,0,1,0,1,0,0,0,1,0,536.598,0.65189,7-2,0.05471 ,713.5682844
25,0,5,2,2,4,4,0,0,0,0,0,910,0.33,-1,-1,-1,-1,0,0,1,0,0,0,0,0,0,1025.487694,0.264747101,7-3,0.69895 ,1416.640986
25,2000,5,2,2,4,4,0,0,0,0,0,910,0.33,-1,-1,-1,-1,0,0,1,0,0,0,0,0,0,1439.46,0.14805181,7-3,0.69895 ,1600.289318
25,3000,5,2,2,4,4,0,0,0,0,0,910,0.33,-1,-1,-1,-1,0,0,1,0,0,0,0,0,0,1544.79,0.22207012,7-3,0.69895 ,1668.565454
25,4000,5,2,2,4,4,0,0,0,0,0,910,0.33,-1,-1,-1,-1,0,0,1,0,0,0,0,0,0,1649.315,0.22599025,7-3,0.69895 ,1693.384168
350,0,5,2,2,4,4,0,0,0,0,0,910,0.33,-1,-1,-1,-1,0,0,1,0,0,0,0,0,0,606.834,0.31997,7-3,0.69895 ,1082.391242
450,0,5,2,2,4,4,0,0,0,0,0,910,0.33,-1,-1,-1,-1,0,0,1,0,0,0,0,0,0,625.076,0.35004,7-3,0.69895 ,1035.863131
550,0,5,2,2,4,4,0,0,0,0,0,910,0.33,-1,-1,-1,-1,0,0,1,0,0,0,0,0,0,717.002,0.61997,7-3,0.69895 ,772.3257064
25,0,5,2,2,4,4,0,0,0,0,0,810,4,-1,-1,-1,-1,0,1,0,0,0,0,0,0,0,1119.125246,0.172806964,7-4,0.13758 ,1421.264827
25,2000,5,2,2,4,4,0,0,0,0,0,810,4,-1,-1,-1,-1,0,1,0,0,0,0,0,0,0,1398.048,0.135489737,7-4,0.13758 ,1583.535481
25,3000,5,2,2,4,4,0,0,0,0,0,810,4,-1,-1,-1,-1,0,1,0,0,0,0,0,0,0,1486.991,0.155177915,7-4,0.13758 ,1665.181014
25,4000,5,2,2,4,4,0,0,0,0,0,810,4,-1,-1,-1,-1,0,1,0,0,0,0,0,0,0,1576.217,0.195286605,7-4,0.13758 ,1723.739963
350,0,5,2,2,4,4,0,0,0,0,0,810,4,-1,-1,-1,-1,0,1,0,0,0,0,0,0,0,710.272,0.23901,7-4,0.13758 ,1096.239968
450,0,5,2,2,4,4,0,0,0,0,0,810,4,-1,-1,-1,-1,0,1,0,0,0,0,0,0,0,597.91,0.214,7-4,0.13758 ,1153.582522
550,0,5,2,2,4,4,0,0,0,0,0,810,4,-1,-1,-1,-1,0,1,0,0,0,0,0,0,0,593.322,0.65092,7-4,0.13758 ,822.8072155
25,0,5,0,0,4.75,1,0,0,4.75,0,1,890,0.5,750,2,570,4,0,1,0,0,1,0,0,1,0,1090.46,0.232386133,8-1,0.43842 ,1464.972154
25,2000,5,0,0,4.75,1,0,0,4.75,0,1,890,0.5,750,2,570,4,0,1,0,0,1,0,0,1,0,1521.012328,0.14983802,8-1,0.43842 ,1762.480639
25,2500,5,0,0,4.75,1,0,0,4.75,0,1,890,0.5,750,2,570,4,0,1,0,0,1,0,0,1,0,1798.212638,0.19245906,8-1,0.43842 ,1935.940891
25,3000,5,0,0,4.75,1,0,0,4.75,0,1,890,0.5,750,2,570,4,0,1,0,0,1,0,0,1,0,1645.67238,0.177129715,8-1,0.43842 ,1815.535889
25,4000,5,0,0,4.75,1,0,0,4.75,0,1,890,0.5,750,2,570,4,0,1,0,0,1,0,0,1,0,937.5472888,0.180733174,8-1,0.43842 ,966.9444601
350,0,5,0,0,4.75,1,0,0,4.75,0,1,890,0.5,750,2,570,4,0,1,0,0,1,0,0,1,0,844.898,0.171518,8-1,0.43842 ,1387.05065
450,0,5,0,0,4.75,1,0,0,4.75,0,1,890,0.5,750,2,570,4,0,1,0,0,1,0,0,1,0,819.46,0.416378,8-1,0.43842 ,1363.133333
550,0,5,0,0,4.75,1,0,0,4.75,0,1,890,0.5,750,2,570,4,0,1,0,0,1,0,0,1,0,676.97,0.46269,8-1,0.43842 ,846.4633333
25,0,5,0,0,4.75,1,0,0,4.75,0,1,830,2,750,2,570,4,0,1,0,0,1,0,0,1,0,1131.14,0.270456619,8-2,0.03644 ,1449.946097
25,2000,5,0,0,4.75,1,0,0,4.75,0,1,830,2,750,2,570,4,0,1,0,0,1,0,0,1,0,1314.653207,0.196032665,8-2,0.03644 ,1703.675432
25,3000,5,0,0,4.75,1,0,0,4.75,0,1,830,2,750,2,570,4,0,1,0,0,1,0,0,1,0,1935.209975,0.192472479,8-2,0.03644 ,1940.91714
25,4000,5,0,0,4.75,1,0,0,4.75,0,1,830,2,750,2,570,4,0,1,0,0,1,0,0,1,0,868.9186007,0.215736921,8-2,0.03644 ,942.1589334
350,0,5,0,0,4.75,1,0,0,4.75,0,1,830,2,750,2,570,4,0,1,0,0,1,0,0,1,0,745.304,0.225361,8-2,0.03644 ,1402.499792
450,0,5,0,0,4.75,1,0,0,4.75,0,1,830,2,750,2,570,4,0,1,0,0,1,0,0,1,0,821.388,0.361128,8-2,0.03644 ,1316.8
550,0,5,0,0,4.75,1,0,0,4.75,0,1,830,2,750,2,570,4,0,1,0,0,1,0,0,1,0,599.69,0.511634,8-2,0.03644 ,970.5566667
25,0,5,0,0,4.75,1,0,0,4.75,0,1,550,1,-1,-1,-1,-1,0,1,0,0,0,0,0,0,0,1167.48,0.238011027,8-3,0.07260 ,1465.634597
25,2000,5,0,0,4.75,1,0,0,4.75,0,1,550,1,-1,-1,-1,-1,0,1,0,0,0,0,0,0,0,1519.634297,0.145546308,8-3,0.07260 ,1772.931025
25,3000,5,0,0,4.75,1,0,0,4.75,0,1,550,1,-1,-1,-1,-1,0,1,0,0,0,0,0,0,0,1892.00148,0.165279509,8-3,0.07260 ,1892.00148
25,4000,5,0,0,4.75,1,0,0,4.75,0,1,550,1,-1,-1,-1,-1,0,1,0,0,0,0,0,0,0,917.6684508,0.18182212,8-3,0.07260 ,980.8614857
350,0,5,0,0,4.75,1,0,0,4.75,0,1,550,1,-1,-1,-1,-1,0,1,0,0,0,0,0,0,0,683.052,0.233367,8-3,0.07260 ,1370.519995
450,0,5,0,0,4.75,1,0,0,4.75,0,1,550,1,-1,-1,-1,-1,0,1,0,0,0,0,0,0,0,760.814,0.471959,8-3,0.07260 ,1673.533333
550,0,5,0,0,4.75,1,0,0,4.75,0,1,550,1,-1,-1,-1,-1,0,1,0,0,0,0,0,0,0,655.02,0.522875,8-3,0.07260 ,1101.366667
25,0,5,0,0,4.75,1,0,0,4.75,0,1,700,1,-1,-1,-1,-1,0,1,0,0,0,0,0,0,0,957.348,0.721565174,8-4,0.01000 ,1296.62703
25,2000,5,0,0,4.75,1,0,0,4.75,0,1,700,1,-1,-1,-1,-1,0,1,0,0,0,0,0,0,0,1244.001505,0.244252657,8-4,0.01000 ,1484.736912
25,3000,5,0,0,4.75,1,0,0,4.75,0,1,700,1,-1,-1,-1,-1,0,1,0,0,0,0,0,0,0,1547.028979,0.228531391,8-4,0.01000 ,1637.725703
25,4000,5,0,0,4.75,1,0,0,4.75,0,1,700,1,-1,-1,-1,-1,0,1,0,0,0,0,0,0,0,767.5113163,0.169540252,8-4,0.01000 ,873.6841316
350,0,5,0,0,4.75,1,0,0,4.75,0,1,700,1,-1,-1,-1,-1,0,1,0,0,0,0,0,0,0,648.458,0.387796,8-4,0.01000 ,1489.9
450,0,5,0,0,4.75,1,0,0,4.75,0,1,700,1,-1,-1,-1,-1,0,1,0,0,0,0,0,0,0,642.134,0.42584,8-4,0.01000 ,1486.833333
550,0,5,0,0,4.75,1,0,0,4.75,0,1,700,1,-1,-1,-1,-1,0,1,0,0,0,0,0,0,0,545.928,0.505876,8-4,0.01000 ,890.5366667
25,0,5,0,0,4.75,1,0,0,4.75,0,1,905,1,-1,-1,-1,-1,1,0,0,0,0,0,0,0,0,839.1,0.243237846,8-5,0.20156 ,1106.974108
25,2000,5,0,0,4.75,1,0,0,4.75,0,1,905,1,-1,-1,-1,-1,1,0,0,0,0,0,0,0,0,988.1785586,0.142565589,8-5,0.20156 ,1362.112605
25,3500,5,0,0,4.75,1,0,0,4.75,0,1,905,1,-1,-1,-1,-1,1,0,0,0,0,0,0,0,0,1381.017274,0.091407101,8-5,0.20156 ,1510.213385
25,4000,5,0,0,4.75,1,0,0,4.75,0,1,905,1,-1,-1,-1,-1,1,0,0,0,0,0,0,0,0,716.680029,0.073923486,8-5,0.20156 ,805.032853
350,0,5,0,0,4.75,1,0,0,4.75,0,1,905,1,-1,-1,-1,-1,1,0,0,0,0,0,0,0,0,765.3197229,0.186127,8-5,0.20156 ,1152.172977
450,0,5,0,0,4.75,1,0,0,4.75,0,1,905,1,-1,-1,-1,-1,1,0,0,0,0,0,0,0,0,1114.94,0.056699,8-5,0.20156 ,1431.654068
550,0,5,0,0,4.75,1,0,0,4.75,0,1,905,1,-1,-1,-1,-1,1,0,0,0,0,0,0,0,0,874.538,0.480973,8-5,0.20156 ,1127.333333
25,0,5,0,0,4.75,1,0,0,4.75,0,1,850,2,760,2,650,4,0,0,1,0,1,0,0,1,0,956.352,0.693855431,8-6,0.06357 ,1316.328178
25,2000,5,0,0,4.75,1,0,0,4.75,0,1,850,2,760,2,650,4,0,0,1,0,1,0,0,1,0,1328.236358,0.261156802,8-6,0.06357 ,1516.389076
25,3500,5,0,0,4.75,1,0,0,4.75,0,1,850,2,760,2,650,4,0,0,1,0,1,0,0,1,0,1686.45437,0.191162546,8-6,0.06357 ,1726.208433
25,4000,5,0,0,4.75,1,0,0,4.75,0,1,850,2,760,2,650,4,0,0,1,0,1,0,0,1,0,818.5146246,0.258176526,8-6,0.06357 ,844.7505665
350,0,5,0,0,4.75,1,0,0,4.75,0,1,850,2,760,2,650,4,0,0,1,0,1,0,0,1,0,674.858,0.278292,8-6,0.06357 ,1358.03112
450,0,5,0,0,4.75,1,0,0,4.75,0,1,850,2,760,2,650,4,0,0,1,0,1,0,0,1,0,660.058,0.425386,8-6,0.06357 ,1402.133333
550,0,5,0,0,4.75,1,0,0,4.75,0,1,850,2,760,2,650,4,0,0,1,0,1,0,0,1,0,534.864,0.502855,8-6,0.06357 ,941.3333333
25,0,6,2,2,3,1,2,0,0,0,0,900,0.75,-1,-1,-1,-1,0,1,0,0,0,0,0,0,0,1095.64004,0.220896079,9-1,0.29020 ,1462.283482
25,1500,6,2,2,3,1,2,0,0,0,0,900,0.75,-1,-1,-1,-1,0,1,0,0,0,0,0,0,0,1277.787,0.106023689,9-1,0.29020 ,1583.340153
25,2000,6,2,2,3,1,2,0,0,0,0,900,0.75,-1,-1,-1,-1,0,1,0,0,0,0,0,0,0,1227.932,0.153416224,9-1,0.29020 ,1543.916816
25,3000,6,2,2,3,1,2,0,0,0,0,900,0.75,-1,-1,-1,-1,0,1,0,0,0,0,0,0,0,1459.441,0.212139456,9-1,0.29020 ,1649.583051
25,4000,6,2,2,3,1,2,0,0,0,0,900,0.75,-1,-1,-1,-1,0,1,0,0,0,0,0,0,0,1538.126,0.227534299,9-1,0.29020 ,1658.761253
350,0,6,2,2,3,1,2,0,0,0,0,900,0.75,-1,-1,-1,-1,0,1,0,0,0,0,0,0,0,727.874,0.26499,9-1,0.29020 ,1126.7875
450,0,6,2,2,3,1,2,0,0,0,0,900,0.75,-1,-1,-1,-1,0,1,0,0,0,0,0,0,0,640.814,0.34504,9-1,0.29020 ,1076.090181
550,0,6,2,2,3,1,2,0,0,0,0,900,0.75,-1,-1,-1,-1,0,1,0,0,0,0,0,0,0,646.952,0.65298,9-1,0.29020 ,864.4787396
25,0,6,2,2,3,1,2,0,0,0,0,900,0.75,590,4,-1,-1,0,1,0,0,1,0,0,0,0,1193.247828,0.179007056,9-2,0.26572 ,1487.393615
25,2000,6,2,2,3,1,2,0,0,0,0,900,0.75,590,4,-1,-1,0,1,0,0,1,0,0,0,0,1291.121,0.16465353,9-2,0.26572 ,1578.579552
25,3000,6,2,2,3,1,2,0,0,0,0,900,0.75,590,4,-1,-1,0,1,0,0,1,0,0,0,0,1345.472,0.23460635,9-2,0.26572 ,1525.036914
25,3500,6,2,2,3,1,2,0,0,0,0,900,0.75,590,4,-1,-1,0,1,0,0,1,0,0,0,0,1449.327,0.2549188,9-2,0.26572 ,1605.673898
25,4000,6,2,2,3,1,2,0,0,0,0,900,0.75,590,4,-1,-1,0,1,0,0,1,0,0,0,0,1497.84,0.30410283,9-2,0.26572 ,1651.938996
350,0,6,2,2,3,1,2,0,0,0,0,900,0.75,590,4,-1,-1,0,1,0,0,1,0,0,0,0,743.58,0.31716,9-2,0.26572 ,1108.368766
450,0,6,2,2,3,1,2,0,0,0,0,900,0.75,590,4,-1,-1,0,1,0,0,1,0,0,0,0,681.86,0.26949,9-2,0.26572 ,1049.768174
550,0,6,2,2,3,1,2,0,0,0,0,900,0.75,590,4,-1,-1,0,1,0,0,1,0,0,0,0,619.856,0.65268,9-2,0.26572 ,831.160264
25,0,6,2,2,3,1,2,0,0,0,0,820,1,-1,-1,-1,-1,0,0,1,0,0,0,0,0,0,1063.549634,0.305846043,9-3,0.10973 ,1421.505257
25,2000,6,2,2,3,1,2,0,0,0,0,820,1,-1,-1,-1,-1,0,0,1,0,0,0,0,0,0,1380.724,0.15015254,9-3,0.10973 ,1490.222821
25,3000,6,2,2,3,1,2,0,0,0,0,820,1,-1,-1,-1,-1,0,0,1,0,0,0,0,0,0,1469.815,0.21771434,9-3,0.10973 ,1602.181506
25,4000,6,2,2,3,1,2,0,0,0,0,820,1,-1,-1,-1,-1,0,0,1,0,0,0,0,0,0,1433.755,0.29772495,9-3,0.10973 ,1677.515673
350,0,6,2,2,3,1,2,0,0,0,0,820,1,-1,-1,-1,-1,0,0,1,0,0,0,0,0,0,608.148,0.29623,9-3,0.10973 ,956.376408
450,0,6,2,2,3,1,2,0,0,0,0,820,1,-1,-1,-1,-1,0,0,1,0,0,0,0,0,0,574.624,0.30965,9-3,0.10973 ,933.6287407
550,0,6,2,2,3,1,2,0,0,0,0,820,1,-1,-1,-1,-1,0,0,1,0,0,0,0,0,0,558.308,0.6517,9-3,0.10973 ,794.3049204
25,0,6,2,2,3,1,2,0,0,0,0,920,1,820,1,-1,-1,0,1,0,0,0,1,0,0,0,1059.009376,0.332261116,9-4,0.15494 ,1456.441422
25,2000,6,2,2,3,1,2,0,0,0,0,920,1,820,1,-1,-1,0,1,0,0,0,1,0,0,0,1372.546,0.12171107,9-4,0.15494 ,1488.060334
25,3000,6,2,2,3,1,2,0,0,0,0,920,1,820,1,-1,-1,0,1,0,0,0,1,0,0,0,1444.866,0.223701439,9-4,0.15494 ,1550.625325
25,4000,6,2,2,3,1,2,0,0,0,0,920,1,820,1,-1,-1,0,1,0,0,0,1,0,0,0,1458.115,0.261518756,9-4,0.15494 ,1588.964707
350,0,6,2,2,3,1,2,0,0,0,0,920,1,820,1,-1,-1,0,1,0,0,0,1,0,0,0,644.29,0.313,9-4,0.15494 ,1075.311363
450,0,6,2,2,3,1,2,0,0,0,0,920,1,820,1,-1,-1,0,1,0,0,0,1,0,0,0,579.504,0.40302,9-4,0.15494 ,1023.190729
550,0,6,2,2,3,1,2,0,0,0,0,920,1,820,1,-1,-1,0,1,0,0,0,1,0,0,0,567.396,0.0438255,9-4,0.15494 ,811.4302014
25,0,6,2,2,3,1,2,0,0,0,0,985,0.75,-1,-1,-1,-1,0,1,0,0,0,0,0,0,0,979.062414,0.179485582,9-5,0.46830 ,1406.053262
25,2000,6,2,2,3,1,2,0,0,0,0,985,0.75,-1,-1,-1,-1,0,1,0,0,0,0,0,0,0,1258.815,0.13302893,9-5,0.46830 ,1563.246612
25,3000,6,2,2,3,1,2,0,0,0,0,985,0.75,-1,-1,-1,-1,0,1,0,0,0,0,0,0,0,1322.069,0.165291248,9-5,0.46830 ,1562.940571
25,4000,6,2,2,3,1,2,0,0,0,0,985,0.75,-1,-1,-1,-1,0,1,0,0,0,0,0,0,0,1420.138,0.17808745,9-5,0.46830 ,1588.825137
350,0,6,2,2,3,1,2,0,0,0,0,985,0.75,-1,-1,-1,-1,0,1,0,0,0,0,0,0,0,677.208,0.18204,9-5,0.46830 ,1041.336362
450,0,6,2,2,3,1,2,0,0,0,0,985,0.75,-1,-1,-1,-1,0,1,0,0,0,0,0,0,0,630.496,0.18405,9-5,0.46830 ,1044.499965
550,0,6,2,2,3,1,2,0,0,0,0,985,0.75,-1,-1,-1,-1,0,1,0,0,0,0,0,0,0,644.312,0.65177,9-5,0.46830 ,844.2866926
25,0,6,2,2,3,1,2,0,0,0,0,900,0.75,620,4,-1,-1,0,1,0,0,1,0,0,0,0,1167.878904,0.208008664,9-6,0.38758 ,1461.959832
25,2000,6,2,2,3,1,2,0,0,0,0,900,0.75,620,4,-1,-1,0,1,0,0,1,0,0,0,0,1446.135,0.15673406,9-6,0.38758 ,1616.281567
25,2500,6,2,2,3,1,2,0,0,0,0,900,0.75,620,4,-1,-1,0,1,0,0,1,0,0,0,0,1541.913,0.15890635,9-6,0.38758 ,1700.246996
25,3000,6,2,2,3,1,2,0,0,0,0,900,0.75,620,4,-1,-1,0,1,0,0,1,0,0,0,0,1635.679,0.20885555,9-6,0.38758 ,1716.301465
25,3500,6,2,2,3,1,2,0,0,0,0,900,0.75,620,4,-1,-1,0,1,0,0,1,0,0,0,0,1656.821,0.21994678,9-6,0.38758 ,1772.05725
25,4000,6,2,2,3,1,2,0,0,0,0,900,0.75,620,4,-1,-1,0,1,0,0,1,0,0,0,0,1652.711,0.19497549,9-6,0.38758 ,1799.525353
350,0,6,2,2,3,1,2,0,0,0,0,900,0.75,620,4,-1,-1,0,1,0,0,1,0,0,0,0,705.138,0.26706,9-6,0.38758 ,1121.73501
450,0,6,2,2,3,1,2,0,0,0,0,900,0.75,620,4,-1,-1,0,1,0,0,1,0,0,0,0,636.278,0.22606,9-6,0.38758 ,970.9628556
550,0,6,2,2,3,1,2,0,0,0,0,900,0.75,620,4,-1,-1,0,1,0,0,1,0,0,0,0,628.008,0.57133,9-6,0.38758 ,839.0178549
25,0,6,2,2,3,1,2,0,0,0,0,1050,0.5,-1,-1,-1,-1,1,0,0,0,0,0,0,0,0,1490.663613,0.007729798,9-7,0.27633 ,1565.060878
25,2500,6,2,2,3,1,2,0,0,0,0,1050,0.5,-1,-1,-1,-1,1,0,0,0,0,0,0,0,0,1100.53696,0.02548993,9-7,0.27633 ,1365.696278
25,3000,6,2,2,3,1,2,0,0,0,0,1050,0.5,-1,-1,-1,-1,1,0,0,0,0,0,0,0,0,1406.71,0.02056455,9-7,0.27633 ,1710.007303
25,3500,6,2,2,3,1,2,0,0,0,0,1050,0.5,-1,-1,-1,-1,1,0,0,0,0,0,0,0,0,1503.413,0.024422788,9-7,0.27633 ,1770.296334
25,4000,6,2,2,3,1,2,0,0,0,0,1050,0.5,-1,-1,-1,-1,1,0,0,0,0,0,0,0,0,1576.1324,0.017116181,9-7,0.27633 ,1888.657765
550,0,6,2,2,3,1,2,0,0,0,0,1050,0.5,-1,-1,-1,-1,1,0,0,0,0,0,0,0,0,926.168,0.01354,9-7,0.27633 ,1068.4693
25,0,0,0,0,0,15,0,0.2,25,0,0,600,4,-1,-1,-1,-1,0,1,0,0,0,0,0,0,0,859.718,0.666516934,10-1,0.02335 ,1289.624171
25,2000,0,0,0,0,15,0,0.2,25,0,0,600,4,-1,-1,-1,-1,0,1,0,0,0,0,0,0,0,1298.637734,0.281797353,10-1,0.02335 ,1485.590249
25,3000,0,0,0,0,15,0,0.2,25,0,0,600,4,-1,-1,-1,-1,0,1,0,0,0,0,0,0,0,1592.618998,0.381087213,10-1,0.02335 ,1676.894312
25,4000,0,0,0,0,15,0,0.2,25,0,0,600,4,-1,-1,-1,-1,0,1,0,0,0,0,0,0,0,757.4906409,0.255287675,10-1,0.02335 ,807.0851558
350,0,0,0,0,0,15,0,0.2,25,0,0,600,4,-1,-1,-1,-1,0,1,0,0,0,0,0,0,0,688.392,0.357106,10-1,0.02335 ,1520.74
450,0,0,0,0,0,15,0,0.2,25,0,0,600,4,-1,-1,-1,-1,0,1,0,0,0,0,0,0,0,675.6910522,0.333,10-1,0.02335 ,1446.63108
550,0,0,0,0,0,15,0,0.2,25,0,0,600,4,-1,-1,-1,-1,0,1,0,0,0,0,0,0,0,926.746,0.346502,10-1,0.02335 ,1486.68
25,0,0,0,0,0,15,0,0.2,25,0,0,700,4,-1,-1,-1,-1,0,1,0,0,0,0,0,0,0,932.14,0.706538445,10-2,0.10545 ,1270.678133
25,2500,0,0,0,0,15,0,0.2,25,0,0,700,4,-1,-1,-1,-1,0,1,0,0,0,0,0,0,0,633.5418174,0.42955736,10-2,0.10545 ,678.5495574
25,3500,0,0,0,0,15,0,0.2,25,0,0,700,4,-1,-1,-1,-1,0,1,0,0,0,0,0,0,0,1510.421897,0.253223686,10-2,0.10545 ,1581.774633
25,4000,0,0,0,0,15,0,0.2,25,0,0,700,4,-1,-1,-1,-1,0,1,0,0,0,0,0,0,0,838.4045213,0.246448633,10-2,0.10545 ,869.1018692
350,0,0,0,0,0,15,0,0.2,25,0,0,700,4,-1,-1,-1,-1,0,1,0,0,0,0,0,0,0,689.864,0.391233,10-2,0.10545 ,1559.333333
450,0,0,0,0,0,15,0,0.2,25,0,0,700,4,-1,-1,-1,-1,0,1,0,0,0,0,0,0,0,639.2314583,0.375756,10-2,0.10545 ,1523.126608
550,0,0,0,0,0,15,0,0.2,25,0,0,700,4,-1,-1,-1,-1,0,1,0,0,0,0,0,0,0,686.164,0.342748,10-2,0.10545 ,1165.272543
25,0,0,0,0,0,15,0,0.2,25,0,0,850,1,550,6,-1,-1,1,0,0,0,1,0,0,0,0,879.382,0.69573653,10-3,0.03476 ,1291.413447
25,2000,0,0,0,0,15,0,0.2,25,0,0,850,1,550,6,-1,-1,1,0,0,0,1,0,0,0,0,1268.512355,0.298581636,10-3,0.03476 ,1473.391892
25,3500,0,0,0,0,15,0,0.2,25,0,0,850,1,550,6,-1,-1,1,0,0,0,1,0,0,0,0,1524.699025,0.233664954,10-3,0.03476 ,1625.589011
25,4000,0,0,0,0,15,0,0.2,25,0,0,850,1,550,6,-1,-1,1,0,0,0,1,0,0,0,0,746.7404586,0.360220346,10-3,0.03476 ,841.5354974
350,0,0,0,0,0,15,0,0.2,25,0,0,850,1,550,6,-1,-1,1,0,0,0,1,0,0,0,0,673.142,0.382448,10-3,0.03476 ,1559.36
450,0,0,0,0,0,15,0,0.2,25,0,0,850,1,550,6,-1,-1,1,0,0,0,1,0,0,0,0,668.85,0.388656,10-3,0.03476 ,1508.88
550,0,0,0,0,0,15,0,0.2,25,0,0,850,1,550,6,-1,-1,1,0,0,0,1,0,0,0,0,655,0.412825,10-3,0.03476 ,1622.44
25,0,0,0,0,0,15,0,0.2,25,0,0,900,1,400,10,600,5,1,0,0,0,1,0,0,1,0,880.95,0.68072071,10-4,0.12168 ,1302.843801
25,2000,0,0,0,0,15,0,0.2,25,0,0,900,1,400,10,600,5,1,0,0,0,1,0,0,1,0,1207.893534,0.289875419,10-4,0.12168 ,1467.021543
25,3000,0,0,0,0,15,0,0.2,25,0,0,900,1,400,10,600,5,1,0,0,0,1,0,0,1,0,1506.764522,0.297967446,10-4,0.12168 ,1617.799146
25,4000,0,0,0,0,15,0,0.2,25,0,0,900,1,400,10,600,5,1,0,0,0,1,0,0,1,0,801.3643854,0.258685956,10-4,0.12168 ,854.2311229
350,0,0,0,0,0,15,0,0.2,25,0,0,900,1,400,10,600,5,1,0,0,0,1,0,0,1,0,694.8742041,0.345231,10-4,0.12168 ,1474.531663
450,0,0,0,0,0,15,0,0.2,25,0,0,900,1,400,10,600,5,1,0,0,0,1,0,0,1,0,675.4744641,0.354188,10-4,0.12168 ,1494.631547
550,0,0,0,0,0,15,0,0.2,25,0,0,900,1,400,10,600,5,1,0,0,0,1,0,0,1,0,656.328,0.367299,10-4,0.12168 ,1352.32
25,0,0,0,0,0,15,0,0.2,25,0,0,900,1,700,6,560,5,1,0,0,0,1,0,0,1,0,869.452,0.697028704,10-5,0.18259 ,1274.9476
25,2000,0,0,0,0,15,0,0.2,25,0,0,900,1,700,6,560,5,1,0,0,0,1,0,0,1,0,1139.026011,0.306368956,10-5,0.18259 ,1373.667868
25,3000,0,0,0,0,15,0,0.2,25,0,0,900,1,700,6,560,5,1,0,0,0,1,0,0,1,0,1578.813772,0.325079292,10-5,0.18259 ,1631.104668
25,4000,0,0,0,0,15,0,0.2,25,0,0,900,1,700,6,560,5,1,0,0,0,1,0,0,1,0,809.2291884,0.399729007,10-5,0.18259 ,866.1384397
350,0,0,0,0,0,15,0,0.2,25,0,0,900,1,700,6,560,5,1,0,0,0,1,0,0,1,0,700.866,0.376505,10-5,0.18259 ,1595.857766
450,0,0,0,0,0,15,0,0.2,25,0,0,900,1,700,6,560,5,1,0,0,0,1,0,0,1,0,677.315528,0.394697,10-5,0.18259 ,1585.631044
550,0,0,0,0,0,15,0,0.2,25,0,0,900,1,700,6,560,5,1,0,0,0,1,0,0,1,0,653.37,0.467695,10-5,0.18259 ,1690.566667
25,0,0,0,0,0,0,45,0,0,0,0,750,1,-1,-1,-1,-1,0,1,0,0,0,0,0,0,0,456.48,0.815475279,11-1,0.14330 ,666.1800929
25,2000,0,0,0,0,0,45,0,0,0,0,750,1,-1,-1,-1,-1,0,1,0,0,0,0,0,0,0,1121.023114,0.312685841,11-1,0.14330 ,1415.645334
25,3500,0,0,0,0,0,45,0,0,0,0,750,1,-1,-1,-1,-1,0,1,0,0,0,0,0,0,0,736.341859,0.419876251,11-1,0.14330 ,775.1092287
25,4000,0,0,0,0,0,45,0,0,0,0,750,1,-1,-1,-1,-1,0,1,0,0,0,0,0,0,0,728.3978286,0.499054187,11-1,0.14330 ,774.5862078
350,0,0,0,0,0,0,45,0,0,0,0,750,1,-1,-1,-1,-1,0,1,0,0,0,0,0,0,0,200.172,0.491749,11-1,0.14330 ,601
450,0,0,0,0,0,0,45,0,0,0,0,750,1,-1,-1,-1,-1,0,1,0,0,0,0,0,0,0,180.912,0.596001,11-1,0.14330 ,723.0066667
550,0,0,0,0,0,0,45,0,0,0,0,750,1,-1,-1,-1,-1,0,1,0,0,0,0,0,0,0,123.484,0.503673,11-1,0.14330 ,343.86
25,0,0,0,0,0,0,45,0,0,0,0,800,1,-1,-1,-1,-1,0,1,0,0,0,0,0,0,0,470.044,0.733887928,11-2,0.03394 ,670.3904648
25,2000,0,0,0,0,0,45,0,0,0,0,800,1,-1,-1,-1,-1,0,1,0,0,0,0,0,0,0,664.8141997,0.384032937,11-2,0.03394 ,704.724587
25,3000,0,0,0,0,0,45,0,0,0,0,800,1,-1,-1,-1,-1,0,1,0,0,0,0,0,0,0,780.2091772,0.375473234,11-2,0.03394 ,810.2888328
25,4000,0,0,0,0,0,45,0,0,0,0,800,1,-1,-1,-1,-1,0,1,0,0,0,0,0,0,0,816.2399366,0.435130803,11-2,0.03394 ,818.8783311
350,0,0,0,0,0,0,45,0,0,0,0,800,1,-1,-1,-1,-1,0,1,0,0,0,0,0,0,0,195.824,0.467387,11-2,0.03394 ,567.0466667
450,0,0,0,0,0,0,45,0,0,0,0,800,1,-1,-1,-1,-1,0,1,0,0,0,0,0,0,0,181.462,0.593851,11-2,0.03394 ,714.0533333
550,0,0,0,0,0,0,45,0,0,0,0,800,1,-1,-1,-1,-1,0,1,0,0,0,0,0,0,0,111.48,0.508619,11-2,0.03394 ,315.1366667
25,0,0,0,0,0,0,45,0,0,0,0,850,1,-1,-1,-1,-1,0,1,0,0,0,0,0,0,0,430.45,0.744215237,11-3,0.04711 ,654.1589914
25,2000,0,0,0,0,0,45,0,0,0,0,850,1,-1,-1,-1,-1,0,1,0,0,0,0,0,0,0,644.8336565,0.374482962,11-3,0.04711 ,698.8828036
25,3000,0,0,0,0,0,45,0,0,0,0,850,1,-1,-1,-1,-1,0,1,0,0,0,0,0,0,0,757.2063537,0.371669156,11-3,0.04711 ,789.1576291
25,4000,0,0,0,0,0,45,0,0,0,0,850,1,-1,-1,-1,-1,0,1,0,0,0,0,0,0,0,835.5884865,0.434314561,11-3,0.04711 ,835.5884865
350,0,0,0,0,0,0,45,0,0,0,0,850,1,-1,-1,-1,-1,0,1,0,0,0,0,0,0,0,194.004,0.500494,11-3,0.04711 ,614.6466667
450,0,0,0,0,0,0,45,0,0,0,0,850,1,-1,-1,-1,-1,0,1,0,0,0,0,0,0,0,146.898,0.613869,11-3,0.04711 ,676.3466667
550,0,0,0,0,0,0,45,0,0,0,0,850,1,-1,-1,-1,-1,0,1,0,0,0,0,0,0,0,119.56,0.542116,11-3,0.04711 ,380.14
25,0,0,0,0,0,0,45,0,0,0,0,900,1,-1,-1,-1,-1,0,1,0,0,0,0,0,0,0,438.678,0.720678719,11-4,0.07179 ,656.9615532
25,2000,0,0,0,0,0,45,0,0,0,0,900,1,-1,-1,-1,-1,0,1,0,0,0,0,0,0,0,687.4299619,0.331977408,11-4,0.07179 ,706.4534044
25,3000,0,0,0,0,0,45,0,0,0,0,900,1,-1,-1,-1,-1,0,1,0,0,0,0,0,0,0,761.2918334,0.332768867,11-4,0.07179 ,767.8215665
25,4000,0,0,0,0,0,45,0,0,0,0,900,1,-1,-1,-1,-1,0,1,0,0,0,0,0,0,0,840.0225395,0.432232282,11-4,0.07179 ,840.0225395
350,0,0,0,0,0,0,45,0,0,0,0,900,1,-1,-1,-1,-1,0,1,0,0,0,0,0,0,0,196.302,0.493519,11-4,0.07179 ,604.08
450,0,0,0,0,0,0,45,0,0,0,0,900,1,-1,-1,-1,-1,0,1,0,0,0,0,0,0,0,181.382,0.584198,11-4,0.07179 ,701.12
550,0,0,0,0,0,0,45,0,0,0,0,900,1,-1,-1,-1,-1,0,1,0,0,0,0,0,0,0,119.996,0.5302087,11-4,0.07179 ,373.35
25,0,5.7,3.25,3.75,1.2,0,0.45,0.4,0,0.85,0,995,2,700,2,-1,-1,0,1,0,0,1,0,0,0,0,1010.862412,0.266051052,12-1,0.28484 ,1406.045691
25,1500,5.7,3.25,3.75,1.2,0,0.45,0.4,0,0.85,0,995,2,700,2,-1,-1,0,1,0,0,1,0,0,0,0,1125.664,0.10628375,12-1,0.28484 ,1479.770212
25,2000,5.7,3.25,3.75,1.2,0,0.45,0.4,0,0.85,0,995,2,700,2,-1,-1,0,1,0,0,1,0,0,0,0,1326.217,0.155274003,12-1,0.28484 ,1517.38951
25,3000,5.7,3.25,3.75,1.2,0,0.45,0.4,0,0.85,0,995,2,700,2,-1,-1,0,1,0,0,1,0,0,0,0,1378.478,0.223014829,12-1,0.28484 ,1594.282815
25,4000,5.7,3.25,3.75,1.2,0,0.45,0.4,0,0.85,0,995,2,700,2,-1,-1,0,1,0,0,1,0,0,0,0,1418.444,0.168297841,12-1,0.28484 ,1603.287302
350,0,5.7,3.25,3.75,1.2,0,0.45,0.4,0,0.85,0,995,2,700,2,-1,-1,0,1,0,0,1,0,0,0,0,492.328,0.31797,12-1,0.28484 ,958.1973226
450,0,5.7,3.25,3.75,1.2,0,0.45,0.4,0,0.85,0,995,2,700,2,-1,-1,0,1,0,0,1,0,0,0,0,527.874,0.28893,12-1,0.28484 ,978.789395
550,0,5.7,3.25,3.75,1.2,0,0.45,0.4,0,0.85,0,995,2,700,2,-1,-1,0,1,0,0,1,0,0,0,0,415.848,0.268,12-1,0.28484 ,825.2644952
25,0,5.7,3.25,3.75,1.2,0,0.45,0.4,0,0.85,0,1015,2,700,2,-1,-1,0,1,0,0,1,0,0,0,0,1000.028602,0.201993793,12-2,0.39790 ,1384.819567
25,2000,5.7,3.25,3.75,1.2,0,0.45,0.4,0,0.85,0,1015,2,700,2,-1,-1,0,1,0,0,1,0,0,0,0,1342.55,0.1493832,12-2,0.39790 ,1532.24734
25,3000,5.7,3.25,3.75,1.2,0,0.45,0.4,0,0.85,0,1015,2,700,2,-1,-1,0,1,0,0,1,0,0,0,0,1388.872,0.208869492,12-2,0.39790 ,1620.177845
25,3500,5.7,3.25,3.75,1.2,0,0.45,0.4,0,0.85,0,1015,2,700,2,-1,-1,0,1,0,0,1,0,0,0,0,1435.582,0.216050576,12-2,0.39790 ,1649.857338
25,4000,5.7,3.25,3.75,1.2,0,0.45,0.4,0,0.85,0,1015,2,700,2,-1,-1,0,1,0,0,1,0,0,0,0,1390.346,0.198396879,12-2,0.39790 ,1628.117506
350,0,5.7,3.25,3.75,1.2,0,0.45,0.4,0,0.85,0,1015,2,700,2,-1,-1,0,1,0,0,1,0,0,0,0,380.348,0.24099,12-2,0.39790 ,958.2839244
450,0,5.7,3.25,3.75,1.2,0,0.45,0.4,0,0.85,0,1015,2,700,2,-1,-1,0,1,0,0,1,0,0,0,0,388.88,0.27298,12-2,0.39790 ,906.1084436
550,0,5.7,3.25,3.75,1.2,0,0.45,0.4,0,0.85,0,1015,2,700,2,-1,-1,0,1,0,0,1,0,0,0,0,496.35,0.33996,12-2,0.39790 ,856.8508076
25,0,5.7,3.25,3.75,1.2,0,0.45,0.4,0,0.85,0,1024,0.33,-1,-1,-1,-1,0,0,1,0,0,0,0,0,0,980.212402,0.315121788,12-3,0.26788 ,1404.108966
25,2000,5.7,3.25,3.75,1.2,0,0.45,0.4,0,0.85,0,1024,0.33,-1,-1,-1,-1,0,0,1,0,0,0,0,0,0,1459.795,0.127039177,12-3,0.26788 ,1504.570768
25,2500,5.7,3.25,3.75,1.2,0,0.45,0.4,0,0.85,0,1024,0.33,-1,-1,-1,-1,0,0,1,0,0,0,0,0,0,1367.45,0.177969672,12-3,0.26788 ,1542.678696
25,3000,5.7,3.25,3.75,1.2,0,0.45,0.4,0,0.85,0,1024,0.33,-1,-1,-1,-1,0,0,1,0,0,0,0,0,0,1253.732,0.214932021,12-3,0.26788 ,1557.852363
25,4000,5.7,3.25,3.75,1.2,0,0.45,0.4,0,0.85,0,1024,0.33,-1,-1,-1,-1,0,0,1,0,0,0,0,0,0,1457.905,0.23413073,12-3,0.26788 ,1626.699823
350,0,5.7,3.25,3.75,1.2,0,0.45,0.4,0,0.85,0,1024,0.33,-1,-1,-1,-1,0,0,1,0,0,0,0,0,0,453.116,0.37193,12-3,0.26788 ,978.0541173
450,0,5.7,3.25,3.75,1.2,0,0.45,0.4,0,0.85,0,1024,0.33,-1,-1,-1,-1,0,0,1,0,0,0,0,0,0,458.464,0.33704,12-3,0.26788 ,902.4757371
550,0,5.7,3.25,3.75,1.2,0,0.45,0.4,0,0.85,0,1024,0.33,-1,-1,-1,-1,0,0,1,0,0,0,0,0,0,465.442,0.4281,12-3,0.26788 ,885.3395688
25,0,5.7,3.25,3.75,1.2,0,0.45,0.4,0,0.85,0,1100,0.5,-1,-1,-1,-1,1,0,0,0,0,0,0,0,0,989.218326,0.183322057,12-4,0.24962 ,1407.987374
25,2000,5.7,3.25,3.75,1.2,0,0.45,0.4,0,0.85,0,1100,0.5,-1,-1,-1,-1,1,0,0,0,0,0,0,0,0,1351.68,0.16289115,12-4,0.24962 ,1527.436538
25,3000,5.7,3.25,3.75,1.2,0,0.45,0.4,0,0.85,0,1100,0.5,-1,-1,-1,-1,1,0,0,0,0,0,0,0,0,1424.947,0.1515049,12-4,0.24962 ,1613.96193
25,3500,5.7,3.25,3.75,1.2,0,0.45,0.4,0,0.85,0,1100,0.5,-1,-1,-1,-1,1,0,0,0,0,0,0,0,0,1465.0476,0.11219723,12-4,0.24962 ,1625.075811
350,0,5.7,3.25,3.75,1.2,0,0.45,0.4,0,0.85,0,1100,0.5,-1,-1,-1,-1,1,0,0,0,0,0,0,0,0,650.376,0.19001,12-4,0.24962 ,960.751667
450,0,5.7,3.25,3.75,1.2,0,0.45,0.4,0,0.85,0,1100,0.5,-1,-1,-1,-1,1,0,0,0,0,0,0,0,0,598.7324,0.18311,12-4,0.24962 ,1021.512365
550,0,5.7,3.25,3.75,1.2,0,0.45,0.4,0,0.85,0,1100,0.5,-1,-1,-1,-1,1,0,0,0,0,0,0,0,0,535.354,0.22018,12-4,0.24962 ,937.4844003
25,0,5.7,3.25,3.75,1.2,0,0.45,0.4,0,0.85,0,1100,0.5,-1,-1,-1,-1,0,1,0,0,0,0,0,0,0,977.198952,0.235595759,12-5,0.94119 ,1288.49757
25,2000,5.7,3.25,3.75,1.2,0,0.45,0.4,0,0.85,0,1100,0.5,-1,-1,-1,-1,0,1,0,0,0,0,0,0,0,1154.63,0.14717808,12-5,0.94119 ,1436.435795
25,3000,5.7,3.25,3.75,1.2,0,0.45,0.4,0,0.85,0,1100,0.5,-1,-1,-1,-1,0,1,0,0,0,0,0,0,0,1230.529,0.17213175,12-5,0.94119 ,1436.931618
25,4000,5.7,3.25,3.75,1.2,0,0.45,0.4,0,0.85,0,1100,0.5,-1,-1,-1,-1,0,1,0,0,0,0,0,0,0,1350.574,0.16287577,12-5,0.94119 ,1468.300842
350,0,5.7,3.25,3.75,1.2,0,0.45,0.4,0,0.85,0,1100,0.5,-1,-1,-1,-1,0,1,0,0,0,0,0,0,0,495.032,0.27297,12-5,0.94119 ,814.5873594
450,0,5.7,3.25,3.75,1.2,0,0.45,0.4,0,0.85,0,1100,0.5,-1,-1,-1,-1,0,1,0,0,0,0,0,0,0,489.596,0.23297,12-5,0.94119 ,727.8361836
550,0,5.7,3.25,3.75,1.2,0,0.45,0.4,0,0.85,0,1100,0.5,-1,-1,-1,-1,0,1,0,0,0,0,0,0,0,413.7553793,0.39499,12-5,0.94119 ,699.6337872
25,0,5.7,3.25,3.75,1.2,0,0.45,0.4,0,0.85,0,1100,0.5,-1,-1,-1,-1,0,0,1,0,0,0,0,0,0,926.94817,0.234583741,12-6,0.67889 ,1200.370796
25,2000,5.7,3.25,3.75,1.2,0,0.45,0.4,0,0.85,0,1100,0.5,-1,-1,-1,-1,0,0,1,0,0,0,0,0,0,1257.628,0.130102097,12-6,0.67889 ,1387.282132
25,3000,5.7,3.25,3.75,1.2,0,0.45,0.4,0,0.85,0,1100,0.5,-1,-1,-1,-1,0,0,1,0,0,0,0,0,0,1344.89,0.159119162,12-6,0.67889 ,1455.862024
25,4000,5.7,3.25,3.75,1.2,0,0.45,0.4,0,0.85,0,1100,0.5,-1,-1,-1,-1,0,0,1,0,0,0,0,0,0,1336.967,0.13008199,12-6,0.67889 ,1442.341269
350,0,5.7,3.25,3.75,1.2,0,0.45,0.4,0,0.85,0,1100,0.5,-1,-1,-1,-1,0,0,1,0,0,0,0,0,0,501.786,0.263,12-6,0.67889 ,749.880436
450,0,5.7,3.25,3.75,1.2,0,0.45,0.4,0,0.85,0,1100,0.5,-1,-1,-1,-1,0,0,1,0,0,0,0,0,0,424.8892,0.31317,12-6,0.67889 ,703.5187434
550,0,5.7,3.25,3.75,1.2,0,0.45,0.4,0,0.85,0,1100,0.5,-1,-1,-1,-1,0,0,1,0,0,0,0,0,0,449.924,0.34798,12-6,0.67889 ,695.5200876
25,0,5.7,3.25,3.75,1.2,0,0.45,0.4,0,0.85,0,1020,0.5,-1,-1,-1,-1,0,1,0,0,0,0,0,0,0,993.408788,0.262651306,12-7,0.48567 ,1414.666055
25,2000,5.7,3.25,3.75,1.2,0,0.45,0.4,0,0.85,0,1020,0.5,-1,-1,-1,-1,0,1,0,0,0,0,0,0,0,1207.926,0.132674491,12-7,0.48567 ,1535.498559
25,3000,5.7,3.25,3.75,1.2,0,0.45,0.4,0,0.85,0,1020,0.5,-1,-1,-1,-1,0,1,0,0,0,0,0,0,0,1387.39,0.219634281,12-7,0.48567 ,1606.629748
25,4000,5.7,3.25,3.75,1.2,0,0.45,0.4,0,0.85,0,1020,0.5,-1,-1,-1,-1,0,1,0,0,0,0,0,0,0,1459.349,0.221363793,12-7,0.48567 ,1672.472945
350,0,5.7,3.25,3.75,1.2,0,0.45,0.4,0,0.85,0,1020,0.5,-1,-1,-1,-1,0,1,0,0,0,0,0,0,0,502.506,0.30692,12-7,0.48567 ,985.3604869
450,0,5.7,3.25,3.75,1.2,0,0.45,0.4,0,0.85,0,1020,0.5,-1,-1,-1,-1,0,1,0,0,0,0,0,0,0,465.264,0.29004,12-7,0.48567 ,949.725486
550,0,5.7,3.25,3.75,1.2,0,0.45,0.4,0,0.85,0,1020,0.5,-1,-1,-1,-1,0,1,0,0,0,0,0,0,0,446.596,0.324,12-7,0.48567 ,889.4045743
25,0,5,0,0,0,2,0,0,3,0,2,720,1,520,4,-1,-1,0,1,0,0,1,0,0,0,0,1090.36,0.356300728,13-1,0.15275 ,1474.757147
25,2000,5,0,0,0,2,0,0,3,0,2,720,1,520,4,-1,-1,0,1,0,0,1,0,0,0,0,1349.47635,0.209859297,13-1,0.15275 ,1727.794918
25,2500,5,0,0,0,2,0,0,3,0,2,720,1,520,4,-1,-1,0,1,0,0,1,0,0,0,0,1660.269073,0.204165085,13-1,0.15275 ,1828.986664
25,4000,5,0,0,0,2,0,0,3,0,2,720,1,520,4,-1,-1,0,1,0,0,1,0,0,0,0,1819.674938,0.171187219,13-1,0.15275 ,1895.107259
350,0,5,0,0,0,2,0,0,3,0,2,720,1,520,4,-1,-1,0,1,0,0,1,0,0,0,0,775.506,0.213043,13-1,0.15275 ,1312.298103
450,0,5,0,0,0,2,0,0,3,0,2,720,1,520,4,-1,-1,0,1,0,0,1,0,0,0,0,659.2,0.348714,13-1,0.15275 ,1185.099642
550,0,5,0,0,0,2,0,0,3,0,2,720,1,520,4,-1,-1,0,1,0,0,1,0,0,0,0,526.07,0.508227,13-1,0.15275 ,976.4133333
25,0,5,0,0,0,2,0,0,3,0,2,800,1,520,4,-1,-1,0,1,0,0,1,0,0,0,0,1142.88,0.292481572,13-2,0.10027 ,1485.560421
25,2000,5,0,0,0,2,0,0,3,0,2,800,1,520,4,-1,-1,0,1,0,0,1,0,0,0,0,1315.78846,0.249900346,13-2,0.10027 ,1683.865406
25,3000,5,0,0,0,2,0,0,3,0,2,800,1,520,4,-1,-1,0,1,0,0,1,0,0,0,0,1726.594952,0.209899539,13-2,0.10027 ,1826.64142
25,4000,5,0,0,0,2,0,0,3,0,2,800,1,520,4,-1,-1,0,1,0,0,1,0,0,0,0,1821.299208,0.199112286,13-2,0.10027 ,1947.628012
350,0,5,0,0,0,2,0,0,3,0,2,800,1,520,4,-1,-1,0,1,0,0,1,0,0,0,0,743.484,0.185764,13-2,0.10027 ,1285.242212
450,0,5,0,0,0,2,0,0,3,0,2,800,1,520,4,-1,-1,0,1,0,0,1,0,0,0,0,757.8183248,0.333526303,13-2,0.10027 ,1292.116313
550,0,5,0,0,0,2,0,0,3,0,2,800,1,520,4,-1,-1,0,1,0,0,1,0,0,0,0,572.498,0.510914,13-2,0.10027 ,906.4966667
25,0,5,0,0,0,2,0,0,3,0,2,850,1,520,4,-1,-1,0,1,0,0,1,0,0,0,0,1078.36,0.196928927,13-3,0.09120 ,1466.524147
25,2000,5,0,0,0,2,0,0,3,0,2,850,1,520,4,-1,-1,0,1,0,0,1,0,0,0,0,1357.30255,0.163982285,13-3,0.09120 ,1706.004962
25,3000,5,0,0,0,2,0,0,3,0,2,850,1,520,4,-1,-1,0,1,0,0,1,0,0,0,0,1789.606518,0.159604645,13-3,0.09120 ,1888.142579
25,4000,5,0,0,0,2,0,0,3,0,2,850,1,520,4,-1,-1,0,1,0,0,1,0,0,0,0,1694.847598,0.171676811,13-3,0.09120 ,1942.382055
350,0,5,0,0,0,2,0,0,3,0,2,850,1,520,4,-1,-1,0,1,0,0,1,0,0,0,0,781.75,0.150361,13-3,0.09120 ,1249.372569
450,0,5,0,0,0,2,0,0,3,0,2,850,1,520,4,-1,-1,0,1,0,0,1,0,0,0,0,731.204,0.291453,13-3,0.09120 ,1201.831782
550,0,5,0,0,0,2,0,0,3,0,2,850,1,520,4,-1,-1,0,1,0,0,1,0,0,0,0,578.682,0.510254,13-3,0.09120 ,967.4766667
25,0,5,0,0,0,2,0,0,3,0,2,900,1,520,4,-1,-1,0,1,0,0,1,0,0,0,0,1034.54,0.27916379,13-4,0.26630 ,1441.726366
25,2000,5,0,0,0,2,0,0,3,0,2,900,1,520,4,-1,-1,0,1,0,0,1,0,0,0,0,1303.96828,0.1507307,13-4,0.26630 ,1686.808258
25,3000,5,0,0,0,2,0,0,3,0,2,900,1,520,4,-1,-1,0,1,0,0,1,0,0,0,0,1703.050558,0.152925813,13-4,0.26630 ,1872.862117
25,4000,5,0,0,0,2,0,0,3,0,2,900,1,520,4,-1,-1,0,1,0,0,1,0,0,0,0,1038.47075,0.175527186,13-4,0.26630 ,1085.314851
350,0,5,0,0,0,2,0,0,3,0,2,900,1,520,4,-1,-1,0,1,0,0,1,0,0,0,0,757.428,0.203053,13-4,0.26630 ,1286.161696
450,0,5,0,0,0,2,0,0,3,0,2,900,1,520,4,-1,-1,0,1,0,0,1,0,0,0,0,711.308,0.398812,13-4,0.26630 ,1382.58
550,0,5,0,0,0,2,0,0,3,0,2,900,1,520,4,-1,-1,0,1,0,0,1,0,0,0,0,610.028,0.502042,13-4,0.26630 ,1004.666667
25,0,3,0,0,5,0,0,0,4.5,0,0,900,2,-1,-1,-1,-1,1,0,0,0,0,0,0,0,0,515.084,0.765085815,14-1,0.14655 ,1196.730699
25,2000,3,0,0,5,0,0,0,4.5,0,0,900,2,-1,-1,-1,-1,1,0,0,0,0,0,0,0,0,719.211606,0.198570449,14-1,0.14655 ,1400.766332
25,3000,3,0,0,5,0,0,0,4.5,0,0,900,2,-1,-1,-1,-1,1,0,0,0,0,0,0,0,0,824.7711169,0.145865388,14-1,0.14655 ,1423.356666
25,4000,3,0,0,5,0,0,0,4.5,0,0,900,2,-1,-1,-1,-1,1,0,0,0,0,0,0,0,0,648.1126152,0.160371435,14-1,0.14655 ,848.9776328
350,0,3,0,0,5,0,0,0,4.5,0,0,900,2,-1,-1,-1,-1,1,0,0,0,0,0,0,0,0,338.6641179,0.193652,14-1,0.14655 ,1105.595495
450,0,3,0,0,5,0,0,0,4.5,0,0,900,2,-1,-1,-1,-1,1,0,0,0,0,0,0,0,0,362.4862526,0.163087,14-1,0.14655 ,1059.336842
550,0,3,0,0,5,0,0,0,4.5,0,0,900,2,-1,-1,-1,-1,1,0,0,0,0,0,0,0,0,855.53,0.163422,14-1,0.14655 ,1049.581164
25,0,3,0,0,5,0,0,0,4.5,0,0,900,2,550,0.5,-1,-1,0,0,1,0,1,0,0,0,0,724.4,0.776380974,14-2,0.54334 ,1076.263972
25,2000,3,0,0,5,0,0,0,4.5,0,0,900,2,550,0.5,-1,-1,0,0,1,0,1,0,0,0,0,995.1319761,0.245374323,14-2,0.54334 ,1304.704291
25,3000,3,0,0,5,0,0,0,4.5,0,0,900,2,550,0.5,-1,-1,0,0,1,0,1,0,0,0,0,1172.466176,0.309283003,14-2,0.54334 ,1355.891066
25,4000,3,0,0,5,0,0,0,4.5,0,0,900,2,550,0.5,-1,-1,0,0,1,0,1,0,0,0,0,792.3566096,0.24559568,14-2,0.54334 ,802.6628729
350,0,3,0,0,5,0,0,0,4.5,0,0,900,2,550,0.5,-1,-1,0,0,1,0,1,0,0,0,0,492.74,0.359544,14-2,0.54334 ,1118.74
450,0,3,0,0,5,0,0,0,4.5,0,0,900,2,550,0.5,-1,-1,0,0,1,0,1,0,0,0,0,462.126,0.62048,14-2,0.54334 ,1762.4
550,0,3,0,0,5,0,0,0,4.5,0,0,900,2,550,0.5,-1,-1,0,0,1,0,1,0,0,0,0,402.666,0.529831,14-2,0.54334 ,900.6833333
25,0,3,0,0,5,0,0,0,4.5,0,0,850,2,550,0.5,-1,-1,0,0,1,0,1,0,0,0,0,767.25,0.765969518,14-3,0.57400 ,1076.070756
25,2000,3,0,0,5,0,0,0,4.5,0,0,850,2,550,0.5,-1,-1,0,0,1,0,1,0,0,0,0,1039.873363,0.313386933,14-3,0.57400 ,1284.335815
25,3000,3,0,0,5,0,0,0,4.5,0,0,850,2,550,0.5,-1,-1,0,0,1,0,1,0,0,0,0,1181.501461,0.261236205,14-3,0.57400 ,1357.281983
25,4000,3,0,0,5,0,0,0,4.5,0,0,850,2,550,0.5,-1,-1,0,0,1,0,1,0,0,0,0,800.2767684,0.247770711,14-3,0.57400 ,825.3908597
350,0,3,0,0,5,0,0,0,4.5,0,0,850,2,550,0.5,-1,-1,0,0,1,0,1,0,0,0,0,473.124,0.380347,14-3,0.57400 ,1132.96
450,0,3,0,0,5,0,0,0,4.5,0,0,850,2,550,0.5,-1,-1,0,0,1,0,1,0,0,0,0,462.2,0.632304,14-3,0.57400 ,1768.266667
550,0,3,0,0,5,0,0,0,4.5,0,0,850,2,550,0.5,-1,-1,0,0,1,0,1,0,0,0,0,416.59,0.488884,14-3,0.57400 ,856.0633333
25,0,3,0,0,5,0,0,0,4.5,0,0,900,2,-1,-1,-1,-1,0,1,0,0,0,0,0,0,0,1116.64,0.147787965,14-4,0.75797 ,1418.229548
25,2000,3,0,0,5,0,0,0,4.5,0,0,900,2,-1,-1,-1,-1,0,1,0,0,0,0,0,0,0,1230.062818,0.074738605,14-4,0.75797 ,1573.522895
25,3000,3,0,0,5,0,0,0,4.5,0,0,900,2,-1,-1,-1,-1,0,1,0,0,0,0,0,0,0,1443.6941,0.060036924,14-4,0.75797 ,1597.896734
25,4000,3,0,0,5,0,0,0,4.5,0,0,900,2,-1,-1,-1,-1,0,1,0,0,0,0,0,0,0,936.9985322,0.068033815,14-4,0.75797 ,1055.448295
350,0,3,0,0,5,0,0,0,4.5,0,0,900,2,-1,-1,-1,-1,0,1,0,0,0,0,0,0,0,826.872,0.085315,14-4,0.75797 ,1210.705248
450,0,3,0,0,5,0,0,0,4.5,0,0,900,2,-1,-1,-1,-1,0,1,0,0,0,0,0,0,0,777.46,0.061079,14-4,0.75797 ,1130.12
550,0,3,0,0,5,0,0,0,4.5,0,0,900,2,-1,-1,-1,-1,0,1,0,0,0,0,0,0,0,717.922,0.375809,14-4,0.75797 ,951.4871575
25,0,3,0,0,5,0,0,0,4.5,0,0,780,2,560,8,-1,-1,1,0,0,0,1,0,0,0,0,892.414,0.737561035,14-5,0.10358 ,1234.397336
25,2000,3,0,0,5,0,0,0,4.5,0,0,780,2,560,8,-1,-1,1,0,0,0,1,0,0,0,0,1206.393856,0.286639144,14-5,0.10358 ,1399.317134
25,3000,3,0,0,5,0,0,0,4.5,0,0,780,2,560,8,-1,-1,1,0,0,0,1,0,0,0,0,1397.938375,0.318436188,14-5,0.10358 ,1512.067734
25,3500,3,0,0,5,0,0,0,4.5,0,0,780,2,560,8,-1,-1,1,0,0,0,1,0,0,0,0,910.831624,0.192010963,14-5,0.10358 ,969.509473
25,4000,3,0,0,5,0,0,0,4.5,0,0,780,2,560,8,-1,-1,1,0,0,0,1,0,0,0,0,800.8200422,0.316294926,14-5,0.10358 ,917.8607725
350,0,3,0,0,5,0,0,0,4.5,0,0,780,2,560,8,-1,-1,1,0,0,0,1,0,0,0,0,602.338,0.413475,14-5,0.10358 ,1418.04
450,0,3,0,0,5,0,0,0,4.5,0,0,780,2,560,8,-1,-1,1,0,0,0,1,0,0,0,0,589.864,0.595933,14-5,0.10358 ,1774.133333
550,0,3,0,0,5,0,0,0,4.5,0,0,780,2,560,8,-1,-1,1,0,0,0,1,0,0,0,0,387.16,0.505144,14-5,0.10358 ,736.2933333
25,0,3,0,0,5,0,0,0,4.5,0,0,850,2,560,8,-1,-1,1,0,0,0,1,0,0,0,0,1098.22,0.249633841,14-6,0.50210 ,1303.239489
25,2000,3,0,0,5,0,0,0,4.5,0,0,850,2,560,8,-1,-1,1,0,0,0,1,0,0,0,0,1179.986982,0.275305324,14-6,0.50210 ,1504.277443
25,3000,3,0,0,5,0,0,0,4.5,0,0,850,2,560,8,-1,-1,1,0,0,0,1,0,0,0,0,1544.171564,0.194835553,14-6,0.50210 ,1701.633051
25,4000,3,0,0,5,0,0,0,4.5,0,0,850,2,560,8,-1,-1,1,0,0,0,1,0,0,0,0,946.6858741,0.180507295,14-6,0.50210 ,1052.174014
350,0,3,0,0,5,0,0,0,4.5,0,0,850,2,560,8,-1,-1,1,0,0,0,1,0,0,0,0,756.58,0.274074,14-6,0.50210 ,1211.158565
450,0,3,0,0,5,0,0,0,4.5,0,0,850,2,560,8,-1,-1,1,0,0,0,1,0,0,0,0,714.288,0.550484,14-6,0.50210 ,1780.033333
550,0,3,0,0,5,0,0,0,4.5,0,0,850,2,560,8,-1,-1,1,0,0,0,1,0,0,0,0,603.954,0.47786,14-6,0.50210 ,866.94
